window_id,dur_mean,dur_std,sbytes_mean,sbytes_std,dbytes_mean,dbytes_std,rate_mean,rate_std,sttl_mean,sttl_std,dttl_mean,dttl_std,sinpkt_mean,sinpkt_std,dinpkt_mean,dinpkt_std,smean_mean,smean_std,dmean_mean,dmean_std,service_-_mean,service_dhcp_mean,service_dns_mean,service_ftp_mean,service_ftp-data_mean,service_http_mean,service_irc_mean,service_pop3_mean,service_radius_mean,service_smtp_mean,service_snmp_mean,service_ssh_mean,service_ssl_mean,state_CON_mean,state_ECO_mean,state_FIN_mean,state_INT_mean,state_REQ_mean,state_RST_mean,proto_nunique,window_attack
0,0.31784381749265433,0.38346798056676007,6.5716807125329195,1.1388468997147558,4.251369018869703,3.4099738734304528,5.920870436503229,4.0080422309938175,189.21,98.1731407033286,147.05,124.08846428938095,2.894243282809059,2.538445661961594,2.7864669764500594,2.4574460784189904,1.7435326838282654,0.1550760378648899,2.857311712242818,2.291274474047946,0.75,0.0,0.0,0.02,0.0,0.19,0.0,0.0,0.0,0.03,0.01,0.0,0.0,0.04,0.0,0.6,0.36,0.0,0.0,4,0
1,0.2723404993372314,0.5361341405592671,7.0099899389755125,0.9164838081220892,3.4283527191774748,4.077961695892318,8.423115274725593,3.9425078049953988,162.58,110.31023103369456,21.39,49.345390623214,1.5568401207882772,2.7342913731232734,1.4496347329558252,2.6215522753286113,1.8542539147516368,0.16436663654794156,2.2618423554668365,2.649988243358671,0.8,0.0,0.05,0.01,0.03,0.1,0.0,0.0,0.0,0.01,0.0,0.0,0.0,0.08,0.01,0.36,0.55,0.0,0.0,4,0
2,0.27011913999515225,0.511045086147424,6.097047259470468,1.2666315792422869,6.447498856257861,1.8522944712754152,6.474862939319287,2.489866069723862,31.0,0.0,29.0,0.0,1.5613397799747961,2.4426905953347675,1.4906401354019545,2.394986745264835,1.696387382045655,0.05879032159890656,4.773698223273155,0.7313158830955347,0.46,0.0,0.47,0.0,0.01,0.05,0.0,0.0,0.0,0.0,0.0,0.01,0.0,0.69,0.0,0.31,0.0,0.0,0.0,2,0
3,0.363758517378751,0.5345915541580684,6.504552300336509,1.2707453721293442,6.984389661775676,1.9123158803472662,5.836960432633054,2.8094546497501076,31.0,0.0,29.0,0.0,2.2711821809738093,2.8272234079593637,2.1700876883508413,2.7714375844738783,1.7047892819460961,0.06502248582862277,4.891290924202704,0.8444475915671605,0.41,0.0,0.33,0.0,0.02,0.23,0.0,0.0,0.0,0.01,0.0,0.0,0.0,0.42,0.0,0.58,0.0,0.0,0.0,2,0
4,0.6640229400611993,0.6258246807554056,7.218753546523685,0.7618261439734756,7.610471658391897,1.4543994884977216,4.008287030146534,2.882683570478867,31.0,0.0,29.0,0.0,4.08869967126202,3.0387934415177913,3.959000214266045,2.9707060708978204,1.7274748125689265,0.05694128686961102,4.88544374983809,0.8207639380468018,0.56,0.0,0.06,0.0,0.02,0.35,0.0,0.0,0.0,0.0,0.0,0.01,0.0,0.07,0.0,0.93,0.0,0.0,0.0,2,0
5,0.6740334817550666,0.5210876816602029,7.185943273792951,0.8357853547790693,7.616637948956098,1.3634035204800006,3.7213854225026073,2.5176732167325686,30.69,3.1,28.71,2.9,4.3542038606419915,2.5843467031991345,4.196939005174504,2.531195301764879,1.7230443217876132,0.06838851185827138,4.893924033616647,0.8317244050849066,0.52,0.0,0.05,0.02,0.06,0.33,0.0,0.0,0.0,0.01,0.0,0.01,0.0,0.06,0.0,0.94,0.0,0.0,0.0,3,0
6,0.6007260616149004,0.39682272510714367,7.2316398736229255,0.735305631479248,7.794312685782958,1.3968654984356836,3.6362926058606524,1.6174486928287046,31.0,0.0,29.0,0.0,4.1227561844626415,1.793840672947819,3.984473137965564,1.7510264087726233,1.7086716754979152,0.042425453405092795,4.968323554478633,0.808923381117771,0.82,0.0,0.07,0.01,0.0,0.1,0.0,0.0,0.0,0.0,0.0,0.0,0.0,0.11,0.0,0.89,0.0,0.0,0.0,2,0
7,0.7176605429569243,0.3654979811996488,7.500677662181224,0.8979937339113796,7.75885297677554,1.7111727630798943,3.3740184668682365,1.7609293716085872,30.4,4.22115882408869,28.42,4.080453529952401,4.513780297293531,1.7196648062287205,4.227913900955583,1.6700135137994445,1.7222405796505535,0.07915573359101206,4.816719860847961,1.0445011633409518,0.85,0.0,0.03,0.01,0.01,0.05,0.0,0.0,0.0,0.04,0.0,0.01,0.0,0.06,0.0,0.92,0.0,0.02,0.0,3,0
8,0.7173253043600454,0.2992195987610871,7.470813009326974,0.5277023717045137,8.101861268444942,1.4103106298287131,3.2651935693032716,1.1899910483081404,31.0,0.0,29.0,0.0,4.520198310211566,1.192290673582186,4.405711489855397,1.2023704337762944,1.7067820001681875,0.047082847202583065,5.026291093111003,0.8966065008641606,0.92,0.0,0.01,0.01,0.02,0.02,0.0,0.0,0.0,0.0,0.0,0.02,0.0,0.03,0.0,0.97,0.0,0.0,0.0,2,0
9,0.5960057292702164,0.38253108267365066,7.288851819533179,0.9803516659123427,7.8507912504799435,1.9402844978446323,3.850651176768504,1.9229281067702018,30.38,4.36186411822498,28.42,4.0804535299524005,4.062801500982679,2.0185183510691953,3.733614862017289,1.7983877659238194,1.7076175774556572,0.0702507530474732,4.974850145412628,1.1817951781386125,0.81,0.0,0.06,0.02,0.04,0.06,0.0,0.0,0.0,0.01,0.0,0.0,0.0,0.09,0.0,0.89,0.02,0.0,0.0,3,0
10,0.6855742937362185,0.3773774062128231,7.426087575178227,0.7458786339974992,8.292864822718146,1.661517266686606,3.6935983769862806,1.8581544175293896,31.0,0.0,29.0,0.0,4.166952199184137,1.7500219418802887,4.038335684297092,1.7226989057992077,1.7030873583303292,0.053057694144374744,5.232086913165082,0.9949383051122469,0.89,0.0,0.04,0.0,0.03,0.02,0.0,0.0,0.0,0.0,0.0,0.02,0.0,0.08,0.0,0.92,0.0,0.0,0.0,2,0
11,0.706330734715184,0.47474618344262454,7.491302450229494,0.8744474386758951,8.21856156447617,1.6373809066662568,3.7711719736628333,2.1519547905563217,31.0,0.0,29.0,0.0,4.1263660304477865,2.029841499488177,4.014622660713247,2.0238217671056433,1.7096605213741458,0.06356767780526697,5.150922125274368,0.9471764967282328,0.86,0.0,0.05,0.0,0.0,0.04,0.0,0.0,0.0,0.02,0.0,0.03,0.0,0.09,0.0,0.91,0.0,0.0,0.0,2,0
12,0.5484901400888673,0.4585944066511084,7.5141994950061015,1.0834925809320863,8.507047491966349,1.9952698098131478,4.552291088690621,2.0042309309665303,31.0,0.0,29.0,0.0,3.3299361433759516,1.8991251120920154,3.2027223068312374,1.8555175447588237,1.6957604164070494,0.06699233489256279,5.3224857832530805,1.0012546496597685,0.79,0.0,0.08,0.0,0.01,0.08,0.0,0.0,0.0,0.02,0.0,0.02,0.0,0.1,0.0,0.9,0.0,0.0,0.0,2,0
13,0.5409467018515739,0.5086231273409596,7.482023347201999,1.0242624018453312,8.056611820174764,1.7455194120480362,4.662889634201868,2.347218312229264,31.0,0.0,29.0,0.0,3.2943443238235823,2.207928530755769,3.190061755223304,2.1822048629409263,1.7182491515576066,0.07614508074054108,5.044315234928625,0.9248380008518413,0.79,0.0,0.07,0.0,0.01,0.09,0.0,0.0,0.0,0.03,0.0,0.01,0.0,0.09,0.0,0.91,0.0,0.0,0.0,2,0
14,0.3923996705384327,0.5365327577036233,7.399698780019422,1.0579864925198925,8.193374982821624,1.7701648839933435,5.507488185986957,2.317195057077933,31.0,0.0,29.0,0.0,2.5003296800743713,2.2139277280996095,2.397833390197488,2.1904315823896265,1.7056536176448776,0.06778436153551064,5.182913038718349,0.9662389154871406,0.74,0.0,0.1,0.01,0.01,0.11,0.0,0.0,0.0,0.02,0.0,0.01,0.0,0.1,0.0,0.9,0.0,0.0,0.0,2,0
15,0.5206033570000322,0.5985394654135009,7.466540971262938,0.9828085816855128,8.28276290588844,1.7180990215525114,5.166332187063498,2.765440996997039,31.0,0.0,29.0,0.0,2.9120362160759856,2.6016243684117115,2.8335489082734773,2.5909474649634983,1.7099433472183534,0.07477872045250604,5.256806371639615,0.9606908617935669,0.78,0.0,0.07,0.0,0.0,0.12,0.0,0.0,0.0,0.03,0.0,0.0,0.0,0.1,0.0,0.9,0.0,0.0,0.0,2,0
16,0.5111311589353709,0.6044872099445947,7.510749418494958,1.2093394835582658,8.171612925028203,1.6519021214479392,5.300680084590697,2.9188186649312673,30.69,3.0999999999999996,28.71,2.9,2.87602021611428,2.7934985459540895,2.784810048585385,2.7470622010119894,1.7192951116168793,0.09369667346811539,5.166570742061156,0.896997532449229,0.7,0.0,0.08,0.0,0.0,0.15,0.0,0.0,0.0,0.06,0.0,0.01,0.0,0.13,0.0,0.87,0.0,0.0,0.0,3,0
17,0.3563917036262653,0.5276502002237289,7.410919650975545,1.4932345167741967,8.167905585444709,2.2012747307591503,6.191731180629626,2.4214610711111826,31.0,0.0,29.0,0.0,1.9607489920924959,2.1989490649696215,1.8853550261400986,2.1517897059437625,1.7099489202112421,0.09828846101635196,5.226218065557447,1.001313512364657,0.6,0.0,0.17,0.01,0.03,0.11,0.0,0.0,0.0,0.05,0.0,0.03,0.0,0.24,0.0,0.76,0.0,0.0,0.0,2,0
18,0.06738003866298725,0.18872171676769778,7.1449785209762595,1.3766946674610328,7.569585113623425,1.8232609360761025,7.520367145703245,1.125520001544502,31.0,0.0,29.0,0.0,0.7909711544639751,0.9013993597296309,0.7372239189463212,0.87324866520439,1.7156660231131329,0.08741946043088206,4.920641030247662,0.8334109988862786,0.62,0.0,0.19,0.01,0.03,0.09,0.0,0.0,0.0,0.04,0.0,0.02,0.0,0.23,0.0,0.77,0.0,0.0,0.0,2,0
19,0.041929242899583864,0.10793468972090607,7.12589370954238,0.9766022062049489,7.73753072485597,1.6650469371463674,7.641047762384339,0.9284321605250524,31.0,0.0,29.0,0.0,0.7213128588030006,0.7667266726433462,0.6487596435951261,0.7141604995343289,1.7036666479800733,0.040194035919776466,4.975133302924914,0.8716404283450759,0.71,0.0,0.14,0.0,0.0,0.13,0.0,0.0,0.0,0.0,0.0,0.02,0.0,0.14,0.0,0.86,0.0,0.0,0.0,2,0
20,0.03569910451356302,0.10289863006413169,7.115807330957818,1.015075473195826,7.675974975279335,1.628476921600977,7.692755004503266,0.9883646292632458,31.0,0.0,29.0,0.0,0.7038614558306824,0.8306365571818224,0.6299544377298703,0.7596156667171681,1.7083542145610289,0.05238501334549299,4.959407510825623,0.8537941733020601,0.7,0.0,0.14,0.0,0.0,0.14,0.0,0.0,0.0,0.01,0.0,0.01,0.0,0.15,0.0,0.85,0.0,0.0,0.0,2,0
21,0.050213204461767295,0.11729354676025362,7.150259478020436,1.3304028856818964,7.507453824767567,1.6036481929503725,7.553741867064085,1.0206732777241643,31.0,0.0,29.0,0.0,0.7473213991904233,0.8000310380084208,0.696971766923124,0.8020558174018401,1.7210926005050635,0.08822150517936832,4.881068874671165,0.7967172550685339,0.63,0.0,0.18,0.01,0.03,0.08,0.0,0.0,0.0,0.05,0.0,0.02,0.0,0.2,0.0,0.8,0.0,0.0,0.0,2,0
22,0.038545560483780376,0.09399787939301946,7.095632721240229,1.146097252733278,7.641529315252358,1.7816707164236374,7.6867426635038285,0.8970652834438391,31.0,0.0,29.0,0.0,0.6873216341540394,0.697976728805832,0.621459557455135,0.6643783947099833,1.7087642239200738,0.06741425497621518,4.978529164442452,0.8774786787053521,0.68,0.0,0.15,0.01,0.03,0.1,0.0,0.0,0.0,0.01,0.0,0.02,0.0,0.22,0.0,0.78,0.0,0.0,0.0,2,0
23,0.06653882412307477,0.1492079805436826,7.225309088207897,1.2118271386522106,7.813353101740969,1.7413267765481226,7.534487104659513,1.3630021168192814,31.0,0.0,29.0,0.0,0.8561547587375157,1.1216420818657795,0.7793480246134818,1.0424196887655754,1.7187460916346824,0.07398473939708701,5.073640878228078,0.8797687256241672,0.62,0.0,0.15,0.0,0.0,0.15,0.0,0.0,0.0,0.03,0.0,0.05,0.0,0.19,0.0,0.81,0.0,0.0,0.0,2,0
24,0.04110712574003346,0.1167115130177989,7.13679525620969,0.9369397479688362,7.65460857475162,1.5774224794759268,7.628743095409714,1.0109126064132645,31.0,0.0,29.0,0.0,0.7543049138957381,0.8580782313511448,0.6735601820514183,0.7833965014763753,1.7124007425556615,0.051550073391190734,4.9416797073688805,0.8425222109006643,0.76,0.0,0.11,0.0,0.0,0.11,0.0,0.0,0.0,0.01,0.0,0.01,0.0,0.16,0.0,0.84,0.0,0.0,0.0,2,0
25,0.037007723243274414,0.08583959392360269,7.154260380035213,1.2017596957933885,7.732738485631035,1.8251160954301522,7.70109515360623,0.8949420761551338,31.0,0.0,29.0,0.0,0.6627586544119305,0.7096892642480451,0.6058881428438967,0.6698668479797669,1.706351688745783,0.06789871607495225,5.006721770486636,0.8819844745845424,0.7,0.0,0.17,0.0,0.0,0.1,0.0,0.0,0.0,0.02,0.0,0.01,0.0,0.2,0.0,0.8,0.0,0.0,0.0,2,0
26,0.05795156592395803,0.14223572054917522,6.984889401433769,1.3274926981794881,7.556424880481209,1.881001151934058,7.519455674234734,1.2316495700368653,31.0,0.0,29.0,0.0,0.7790260731108191,1.0450693618952454,0.7283006488014044,0.9846032878305722,1.7119109280004716,0.07912581057079036,5.025000274731192,0.8959479908310525,0.59,0.0,0.22,0.01,0.03,0.11,0.0,0.0,0.0,0.03,0.0,0.01,0.0,0.26,0.0,0.74,0.0,0.0,0.0,2,0
27,0.07561786213083223,0.22989095339767515,7.415844991235113,1.212815790564185,7.955034779174264,1.8057669568110346,7.60909867604134,1.153327827996414,31.0,0.0,29.0,0.0,0.8051231614590774,0.8732175074378139,0.7403516630492684,0.8083186062693308,1.7189969884422194,0.08853418323829343,5.041304706895803,0.8942429967302671,0.7,0.0,0.1,0.01,0.03,0.1,0.0,0.0,0.0,0.04,0.0,0.02,0.0,0.14,0.0,0.86,0.0,0.0,0.0,2,0
28,0.047285418509468685,0.1184982970989478,6.992775907436086,1.2684847454120334,7.315823420809866,1.8204099818365012,7.559591676242262,1.1775404258072257,31.32,3.1999999999999997,28.71,2.9,0.7722956775946401,0.926387349355776,0.701931326806313,0.8745657895884372,1.7217964307167315,0.07618241878182941,4.830145210768362,0.948815710674843,0.63,0.0,0.19,0.0,0.0,0.14,0.0,0.0,0.0,0.04,0.0,0.0,0.0,0.25,0.01,0.74,0.0,0.0,0.0,3,0
29,0.06548787930609101,0.14189620095606303,7.10812232085789,1.111395884577691,7.646288713400331,1.7161205869338378,7.404507900388455,1.3924359082326754,31.0,0.0,29.0,0.0,0.9277620825247337,1.1644353275450645,0.8438497161636446,1.0671407468538057,1.7114085480685168,0.06100703892723202,4.980375019481828,0.8543082599540216,0.67,0.0,0.15,0.01,0.01,0.13,0.0,0.0,0.0,0.01,0.0,0.02,0.0,0.21,0.0,0.79,0.0,0.0,0.0,2,0
30,0.07187131759328164,0.2028930826882124,7.181668601851426,1.130607724865466,8.014060612169198,1.8623559970844132,7.49270465532332,1.4028252860037151,31.0,0.0,29.0,0.0,0.8926164902972228,1.3120084363533118,0.8219981494424253,1.2654497967050156,1.7007708783060664,0.06714221201992288,5.211809267906924,0.9581026388817545,0.68,0.0,0.15,0.0,0.03,0.11,0.0,0.0,0.0,0.01,0.0,0.02,0.0,0.18,0.0,0.82,0.0,0.0,0.0,2,0
31,0.06677676920274253,0.1943477441003733,7.131251453287741,1.111035128695556,7.631320317485501,1.8401009264266526,7.467947641509529,1.3159779990222416,31.0,0.0,29.0,0.0,0.8975555305771644,1.233456007335496,0.8172955702357187,1.198636476478253,1.7149291665144342,0.06364879712944073,4.958933474961689,0.8714735582641453,0.71,0.0,0.13,0.0,0.01,0.12,0.0,0.0,0.0,0.01,0.0,0.02,0.0,0.24,0.0,0.76,0.0,0.0,0.0,2,0
32,0.0568293075125606,0.1206829315979891,7.129238811474104,1.2786568593745176,7.663255330425899,1.8774161455804057,7.449924730079542,1.1341172462042508,31.0,0.0,29.0,0.0,0.8372451104593673,0.9132663516004823,0.7735039267775611,0.8912043344112843,1.710990910173644,0.07766918420611933,4.991263928832051,0.886808398313086,0.67,0.0,0.18,0.01,0.03,0.08,0.0,0.0,0.0,0.02,0.0,0.01,0.0,0.23,0.0,0.77,0.0,0.0,0.0,2,0
33,0.05207666384974216,0.13349546890914157,7.078540006817138,1.2181833727828781,7.8193067167611785,2.1680710132944707,7.444482157307321,1.5640532549169646,30.38,4.36186411822498,28.42,4.0804535299524,0.9682364798369001,1.735068100461223,0.6861458782352495,0.9026377180262443,1.6954621322641816,0.06917455505526908,5.105767819492524,1.1949557975301934,0.66,0.0,0.16,0.02,0.03,0.11,0.0,0.0,0.0,0.01,0.0,0.01,0.0,0.18,0.0,0.8,0.02,0.0,0.0,3,0
34,0.07084518938348594,0.16430571697821347,7.17981817757119,1.282328882404528,7.771480270710913,1.8874868732002692,7.424690333886201,1.3584338789440074,31.0,0.0,29.0,0.0,0.8960639394401081,1.115462792268453,0.8336414843734603,1.0729268384843826,1.7141811540615723,0.08236232628671233,5.07229239161195,0.9081119224165899,0.6,0.0,0.17,0.01,0.02,0.15,0.0,0.0,0.0,0.03,0.0,0.02,0.0,0.21,0.0,0.79,0.0,0.0,0.0,2,0
35,0.08769830403209095,0.20097025024039347,6.971756651513655,1.2023089259328352,7.49168303184609,1.7329025374298594,7.192352438069865,1.595828509092973,30.69,3.1,28.71,2.9,1.0968111172637844,1.4713962845912691,1.0201119523281397,1.4210599768904486,1.710570137595627,0.07246576155061814,4.966586451797472,0.8621181539999071,0.63,0.0,0.19,0.01,0.02,0.12,0.0,0.0,0.0,0.02,0.0,0.01,0.0,0.24,0.0,0.76,0.0,0.0,0.0,3,0
36,0.153815976505036,0.23984955883664202,7.31147532110782,1.4580123452955833,8.012332081681645,2.1221293197273208,6.798061670170902,1.7850365405064423,30.69,3.0999999999999996,28.71,2.9,1.4060177066351052,1.6132961085564743,1.334662116832345,1.5802112819273086,1.70804060942916,0.09506431594890832,5.144442862210234,0.9863410920059236,0.61,0.0,0.18,0.01,0.03,0.1,0.0,0.0,0.0,0.05,0.0,0.02,0.0,0.2,0.0,0.8,0.0,0.0,0.0,3,0
37,0.11901304377642649,0.19267398196696423,7.192328979218115,1.4596979261706946,7.829642141530695,2.21557901719414,6.995673002616943,1.6653565671153154,31.32,3.2,28.71,2.9,1.1846461887267503,1.4042406483288261,1.0635779368798872,1.2181970412364889,1.7032086045985295,0.08689591401090825,5.11019660652274,1.0683531296607491,0.59,0.0,0.23,0.01,0.02,0.06,0.0,0.0,0.0,0.04,0.0,0.05,0.0,0.27,0.0,0.72,0.01,0.0,0.0,2,0
38,0.1453155525366931,0.22087557754447135,7.204051660564806,1.555221888397924,7.868258372751679,2.064942904639085,6.898659895175123,1.7888510645870632,31.0,0.0,29.0,0.0,1.2998708216819095,1.523379879266115,1.2293087866684416,1.4540942432426727,1.727874925264465,0.110724937195008,5.249874400790316,0.9812323037711373,0.5,0.0,0.21,0.01,0.03,0.17,0.0,0.0,0.0,0.08,0.0,0.0,0.0,0.29,0.0,0.71,0.0,0.0,0.0,2,0
39,0.10918743503069293,0.18473002805675776,7.208863361307205,1.2064342024575203,7.833412101462265,1.9261178366890286,6.970957361636025,1.63562915233599,31.0,0.0,29.0,0.0,1.2573376854271634,1.3295636061147371,1.1654689036994652,1.249076823631022,1.7119883164792933,0.0745288842639755,5.100374708901916,0.8863410771851106,0.75,0.0,0.13,0.0,0.01,0.08,0.0,0.0,0.0,0.02,0.0,0.01,0.0,0.26,0.0,0.74,0.0,0.0,0.0,2,0
40,0.16264452835959337,0.27860555494066674,7.0990560220404415,1.2971890505648298,7.730286650631773,2.4023775679571027,6.579125545606065,1.934398710763257,30.4,4.221158824088691,28.42,4.080453529952401,1.5756873424478528,1.8175306046771789,1.30556089161607,1.3918160698624311,1.700689640604544,0.0695909903262852,5.058084971103121,1.21006421855481,0.65,0.0,0.18,0.01,0.02,0.12,0.0,0.0,0.0,0.01,0.0,0.01,0.0,0.26,0.0,0.72,0.0,0.02,0.0,3,0
41,0.17465168369181394,0.26738051444215577,7.36495112615799,1.3240009604603324,7.9882345020590435,2.38109224215619,6.6863437762673446,1.8014123673956353,31.32,3.1999999999999997,28.71,2.9,1.5047282402362396,1.5021096230613145,1.3161998103840102,1.322991380418826,1.7180837598444905,0.0769666680347971,5.11489938003671,1.0940737513209227,0.69,0.0,0.13,0.0,0.0,0.14,0.0,0.0,0.0,0.02,0.0,0.02,0.0,0.25,0.0,0.74,0.01,0.0,0.0,2,0
42,0.1911802106757693,0.34751600922467096,7.410273729931083,1.5286526971047825,8.22697131327965,2.67697712536221,6.861449705226439,1.854186650956491,30.4,4.221158824088691,28.42,4.0804535299524005,1.3878195050362812,1.6905842211671072,1.1381592954887372,1.2046127471741692,1.7015623776627655,0.09747690923912032,5.270710508329743,1.2702661910161683,0.62,0.0,0.16,0.01,0.07,0.08,0.0,0.0,0.0,0.03,0.0,0.03,0.0,0.23,0.0,0.75,0.0,0.02,0.0,3,0
43,0.12757664135219415,0.22586799507774763,7.068546826258448,1.3036214242771582,7.861406762149403,2.115469017146341,7.0376010362121075,1.7498418754828635,31.0,0.0,29.0,0.0,1.2215674568839932,1.4495541234886895,1.1509932374608491,1.3701545845263317,1.7005688312594824,0.07378463725318682,5.190926435013632,0.9770777465426996,0.56,0.0,0.19,0.03,0.06,0.13,0.0,0.0,0.0,0.0,0.0,0.03,0.0,0.28,0.0,0.72,0.0,0.0,0.0,2,0
44,0.13831025730781377,0.22509229599581698,7.131242090956681,1.3293588199208428,7.947133363189547,2.142245819250998,7.019554488938045,1.8906633269601987,31.32,3.1999999999999997,28.71,2.9,1.2679406306123417,1.5902449616950693,1.1177494165187272,1.3714511001250684,1.698064469597136,0.07649470492525344,5.230165015963843,1.0641984804057094,0.61,0.0,0.2,0.01,0.05,0.09,0.0,0.0,0.0,0.01,0.0,0.03,0.0,0.26,0.0,0.73,0.01,0.0,0.0,2,0
45,0.12439590676553972,0.21711375968867994,7.503345356894312,1.3169849112679715,8.335852962493028,2.1368856509466356,6.996780679477547,1.503694462047017,31.0,0.0,29.0,0.0,1.2342851315195318,1.1891850607969496,1.1747434045171112,1.1785153415855403,1.7126084214215727,0.09839014878675442,5.3222149491733965,1.0141563917719114,0.68,0.0,0.09,0.0,0.06,0.11,0.0,0.0,0.0,0.04,0.0,0.02,0.0,0.17,0.0,0.83,0.0,0.0,0.0,2,0
46,0.11915081285044367,0.21744166239287435,7.262015604379363,1.2756367927179033,7.972684621416858,2.121525947645605,6.9303914202370995,1.533476002509309,31.0,0.0,29.0,0.0,1.265174403013702,1.2326280122413213,1.2012864952844446,1.2058103295376703,1.7102739846008652,0.08695930715301771,5.163938767132269,0.9766207896782774,0.68,0.0,0.12,0.03,0.06,0.07,0.0,0.0,0.0,0.02,0.0,0.02,0.0,0.23,0.0,0.77,0.0,0.0,0.0,2,0
47,0.17555449568525397,0.2582869546322305,7.092132180517638,1.4744024168170489,7.823303788260887,2.474451988273775,6.554079099956865,1.8900421865780601,35.78,31.494293214017436,31.25,22.702456147992336,1.5478225604604692,1.6038419849309393,1.3885810009670818,1.4497194806982934,1.6925887783367803,0.08610489894875532,5.131652921569861,1.1481779763233677,0.55,0.0,0.21,0.05,0.09,0.06,0.0,0.0,0.0,0.01,0.0,0.03,0.0,0.3,0.0,0.68,0.01,0.0,0.01,2,0
48,0.17247299805078456,0.30513081038217177,7.5504239652687986,1.370932237427096,8.059290982573977,2.3703044902143002,6.754460137621861,2.0059045084513643,39.32,44.24378744267638,29.66,7.4416518205423845,1.5235175665657124,1.7437899542053015,1.1819108703410661,1.3023576477509087,1.7117196066285267,0.11118715880711326,5.125060444122262,1.233248378491052,0.66,0.0,0.07,0.02,0.06,0.09,0.0,0.0,0.0,0.05,0.0,0.05,0.0,0.17,0.0,0.77,0.0,0.02,0.04,3,0
49,0.11889597989912987,0.17379940529362453,7.424420332978331,1.4489914101673125,8.16311156163922,2.3959544321357105,6.901954104987087,1.5653779079444667,42.15,48.846569723342625,32.47,22.999541058223066,1.2581394935890509,1.2236005296839336,1.114593844581437,1.246425198552377,1.7031210966778856,0.11342767572697622,5.268366539486232,1.0973626980007793,0.65,0.0,0.12,0.02,0.1,0.05,0.0,0.0,0.0,0.03,0.0,0.03,0.0,0.2,0.0,0.76,0.0,0.0,0.04,2,0
50,0.10827591956370718,0.17024007391948906,7.279255307031333,1.4373688980834034,7.927219287201911,2.1832846742720076,6.997275918406832,1.6472537187514444,39.92,43.91904398142593,30.24,6.105337952574905,1.2111036722786452,1.2548804589628837,1.0594752124217635,1.2150512615880724,1.6969802518661419,0.1039797204710074,5.161974647898947,0.9988170185630263,0.6,0.0,0.16,0.03,0.08,0.05,0.0,0.0,0.0,0.03,0.0,0.05,0.0,0.21,0.0,0.75,0.0,0.0,0.04,2,0
51,0.111947687648088,0.21031662116373015,7.015873456759217,1.4745904699971402,7.818309400760361,2.476436165589485,7.116195245589121,1.7731764939459933,44.7,53.24130317372372,30.57,8.015458549426583,1.1369100638386511,1.467542380498906,0.8155429670809262,1.1559663917806007,1.6885958524284377,0.09231397999705934,5.24677965387374,1.170524264156534,0.59,0.0,0.21,0.01,0.06,0.08,0.0,0.0,0.0,0.03,0.0,0.02,0.0,0.27,0.0,0.66,0.01,0.0,0.06,2,0
52,0.137654426394613,0.22611173804914875,7.214537481642321,1.4061037210942635,7.9731092928978065,2.1730781919196698,6.927374007755479,1.8706568341717367,42.15,48.846569723342654,30.55,6.7903303202853,1.322063360089892,1.505525553740578,1.1100555071707132,1.3955910311232314,1.6944944507409279,0.09116599891169522,5.236891682961264,0.9981370979112759,0.56,0.0,0.16,0.03,0.04,0.13,0.0,0.0,0.0,0.03,0.0,0.05,0.0,0.21,0.0,0.74,0.0,0.0,0.05,2,0
53,0.15504099283214756,0.28596029042650706,7.051279823573037,1.6268585538178097,7.620403052502736,2.60472746677146,6.5962748220002565,2.2690770403664127,43.14,53.88727853472272,29.7,9.577435602877879,1.6832945322250985,2.3426962972273317,1.2627969471117415,1.8980013951205998,1.6967202066689573,0.11198982799617783,5.082406295403715,1.2822294462633252,0.54,0.0,0.19,0.02,0.07,0.12,0.0,0.0,0.0,0.03,0.0,0.03,0.0,0.27,0.0,0.65,0.02,0.0,0.06,3,0
54,0.16542448798680204,0.2944399942797928,7.274549671346854,1.4066211652799454,8.392358430489482,2.455848945953588,7.013319114371671,1.821675195167959,37.69,38.23259358350166,29.93,5.314844847930723,1.2669559701078295,1.512580882229992,1.0820496933559829,1.3689747334387838,1.6831407033490076,0.07768934630544691,5.4605176546852086,1.060118871861283,0.6,0.0,0.17,0.02,0.04,0.14,0.0,0.0,0.0,0.01,0.0,0.02,0.0,0.22,0.0,0.75,0.0,0.0,0.03,2,0
55,0.21182715216415787,0.3169637898670301,7.247286501260366,1.53453662840062,8.138228105430693,2.6769566596614625,6.509908158909618,1.881007969618597,42.47,48.8775949994401,30.26,7.444908774905619,1.6110198581083288,1.575949596484277,1.295666308789177,1.3993308889242275,1.6806129332893223,0.09056090058626093,5.2525380924347544,1.202013479178794,0.58,0.0,0.18,0.03,0.08,0.09,0.0,0.0,0.0,0.02,0.0,0.02,0.0,0.2,0.0,0.74,0.01,0.0,0.05,2,0
56,0.120057556534781,0.1885559365967578,7.191641004731747,1.3542948827402665,7.293853735704627,2.8621544601335716,6.984473767918281,2.184779836532682,62.54,77.70397335238059,31.37,24.9810655570101,1.4014220620653064,1.3776889475712502,1.16454504837328,1.3069847864858242,1.7062738982066268,0.12216950155479155,4.776114437606212,1.614191896240339,0.71,0.0,0.1,0.01,0.09,0.04,0.0,0.0,0.0,0.03,0.0,0.02,0.0,0.17,0.01,0.69,0.06,0.0,0.07,3,0
57,0.13007961342204133,0.2586808143697216,7.286738627132982,1.473572833435265,7.809268646571096,2.6715994541531134,7.1235743429671246,2.0316734739496822,52.68,67.58531906808868,35.48,39.317017674130355,1.2778707370346207,1.8286416507785297,1.1162989868972397,1.7942978915036425,1.702347316821222,0.11034848800188246,5.056156139682341,1.3825304910455287,0.64,0.0,0.14,0.01,0.02,0.11,0.0,0.0,0.0,0.04,0.0,0.04,0.0,0.21,0.0,0.72,0.03,0.0,0.04,3,0
58,0.09037739313990414,0.1794682471187016,6.946622987642992,1.3199676811338912,7.051531840709296,2.534003773915328,7.269136882608915,2.0975483049160064,53.62,67.2059671472855,33.25,32.67543945281139,1.1559403001476154,1.5545246603378826,0.9182357085046585,1.3409148616867874,1.7186939186351808,0.11861863240404316,4.799151613111251,1.4552499046872094,0.54,0.0,0.18,0.02,0.1,0.13,0.0,0.0,0.0,0.02,0.0,0.01,0.0,0.26,0.0,0.65,0.05,0.0,0.04,2,0
59,0.11546633478281336,0.2191477434984316,7.101432966547321,1.5891704191441485,7.672686541207278,2.626803399652858,7.077199409972368,2.013520691035108,48.84,60.80316312877682,29.68,8.576312221061643,1.2644732726859322,1.5229109760669421,1.055770152003097,1.401738608502556,1.6965380625057125,0.12114193672759573,5.092303425148552,1.366622218616168,0.47,0.0,0.19,0.03,0.15,0.08,0.0,0.0,0.0,0.05,0.0,0.03,0.0,0.22,0.0,0.7,0.03,0.0,0.05,2,0
60,0.13776610773884457,0.22535351080915708,7.065885668072886,1.5326070471480617,7.195581933652996,2.5071820286531876,6.882028525218941,2.07748764968474,42.47,48.877594999440106,28.46,7.286933095575527,1.3731075147402765,1.6184235569705396,1.19714983326527,1.4854501039430779,1.722792682360652,0.12413328878246517,4.804166239365942,1.3481371566161748,0.49,0.0,0.22,0.04,0.11,0.06,0.0,0.0,0.0,0.04,0.0,0.04,0.0,0.29,0.0,0.65,0.04,0.0,0.02,2,0
61,0.14528776085493378,0.24306267184887453,7.223237294007284,1.4315781738047166,8.010654458628567,2.1320393657887964,7.000547030097921,1.7999957085183549,33.23,22.3,31.23,22.3,1.2388592157470832,1.4894536014215967,1.2012928553374091,1.4513925113652126,1.6998199316610105,0.09524529931485565,5.256274825256266,0.9696017257507701,0.58,0.0,0.19,0.03,0.06,0.09,0.0,0.0,0.0,0.03,0.0,0.02,0.0,0.27,0.0,0.73,0.0,0.0,0.0,2,0
62,0.15469447664758978,0.2734051600232525,7.197478736576175,1.6116392894020444,8.001964633312124,2.476517529395806,7.097230763674592,1.7127716259362955,35.46,31.3772805923926,33.46,31.3772805923926,1.162473362668595,1.4223952408277445,1.083839327322289,1.3451754213772682,1.699532205021751,0.10323234399292931,5.246416181298475,1.0367982975495222,0.53,0.0,0.21,0.01,0.09,0.1,0.0,0.0,0.0,0.04,0.0,0.02,0.0,0.29,0.0,0.71,0.0,0.0,0.0,2,0
63,0.11989893316515333,0.19486822924673225,7.059065366603321,1.5096670461989279,7.6364931274516525,1.9844318401599843,7.005840846689929,1.748957581442199,35.46,31.3772805923926,33.46,31.3772805923926,1.207528062686731,1.4764179719812724,1.1635010170577924,1.4384770402458005,1.7094679615128492,0.10634413403430527,5.096390907068838,0.9410987985640634,0.48,0.0,0.22,0.04,0.09,0.12,0.0,0.0,0.0,0.04,0.0,0.01,0.0,0.31,0.0,0.69,0.0,0.0,0.0,2,0
64,0.1541614647292954,0.23052333540913905,7.296687706942018,1.5035510476575649,8.07229441686091,2.469584475696666,6.881597466258628,1.8821246277638999,33.55,22.496408243059246,30.94,22.516804050452286,1.3359531102960716,1.5927540841454237,1.2184668521158377,1.4881688302380693,1.7029475922252084,0.09892603766237386,5.253344530054616,1.1669415551288143,0.56,0.0,0.19,0.01,0.08,0.1,0.0,0.0,0.0,0.03,0.0,0.03,0.0,0.25,0.0,0.74,0.01,0.0,0.0,2,0
65,0.20945661967007545,0.31530356008522675,6.973303596691998,1.5734598424822577,7.501700024292393,2.261137134201068,6.623398335419088,1.9862578629045482,35.46,31.37728059239261,33.46,31.37728059239261,1.4938703374623634,1.6884170617043401,1.4618716876910574,1.6977888813160216,1.7005381454027144,0.09591672374455755,5.017429018463876,0.9281684252705756,0.37,0.0,0.28,0.05,0.1,0.15,0.0,0.0,0.0,0.01,0.0,0.04,0.0,0.35,0.0,0.65,0.0,0.0,0.0,2,0
66,0.21579004356552609,0.2986468187357143,7.450034346979697,1.6312172812589958,8.091788057614835,2.429400695079736,6.465407708608081,2.0637801864910346,38.01,38.309872926392785,35.4,38.39349692409648,1.6861805917649604,1.7229454311243206,1.5760513396673517,1.6533694351449886,1.718009871328905,0.127538761166072,5.243012201614382,1.188567752653957,0.36,0.0,0.18,0.05,0.12,0.18,0.0,0.0,0.0,0.07,0.0,0.04,0.0,0.21,0.0,0.78,0.01,0.0,0.0,2,0
67,0.19747523561053096,0.30925911259680844,7.510755050193159,1.6187489660727243,8.14862727198931,2.21872866291527,6.598441707804669,2.1277016113406098,32.61,22.78396343700959,30.65,22.72780302411631,1.6528038154849372,1.9929281007546678,1.6382502733490427,2.0004766339010556,1.7194307926911592,0.13155625625451714,5.2668874330757705,1.050073673222465,0.5,0.0,0.14,0.05,0.08,0.1,0.0,0.0,0.0,0.08,0.0,0.05,0.0,0.25,0.0,0.75,0.0,0.0,0.0,3,0
68,0.12048551812490904,0.21086591921631326,7.150256350263271,1.6146937516545878,7.655070828847529,2.331265066429527,7.117931530062626,1.8771034156264237,33.23,22.3,28.71,2.9000000000000004,1.1557559797960273,1.4894817099131419,1.1390288806243267,1.5054306638606476,1.7147064902914115,0.10985767177724103,5.0948134053621885,1.078444623280623,0.49,0.0,0.24,0.02,0.08,0.09,0.0,0.0,0.0,0.04,0.0,0.04,0.0,0.33,0.01,0.66,0.0,0.0,0.0,3,0
69,0.14564539534218204,0.21637825440333464,7.2354751232217716,1.4175221576475154,7.91885552979314,2.080881837365159,6.911005595779262,1.9790342967075758,35.46,31.377280592392605,33.46,31.377280592392605,1.3899896418855602,1.598870284828318,1.3239543589205405,1.5516127606597037,1.7154617898483802,0.10098779584599415,5.223930291847035,0.9674389387549182,0.52,0.0,0.14,0.02,0.1,0.15,0.0,0.0,0.0,0.03,0.0,0.04,0.0,0.27,0.0,0.73,0.0,0.0,0.0,2,0
70,0.0964033858335704,0.16639627651956987,7.293433622518954,1.4967558095081261,7.882181017775833,2.104005512653809,7.215358047473379,1.6293653606601437,33.23,22.3,31.23,22.3,1.0521974782852612,1.2794259643405719,1.051313240026642,1.2970769613093418,1.7080967376966592,0.10969357526566953,5.168440793373178,0.976424745913407,0.57,0.0,0.18,0.03,0.07,0.06,0.0,0.0,0.0,0.05,0.0,0.04,0.0,0.29,0.0,0.71,0.0,0.0,0.0,2,0
71,0.13739288778838232,0.2568555931833878,7.205831555267497,1.5221801660676062,7.566872970029947,2.2789497589529906,7.02761900471203,2.028391881004536,36.1,31.607600415729184,32.88,31.72396092813281,1.2665470965790766,1.6800274070988122,1.1218399402369075,1.446382675542783,1.7110911108585198,0.11573474709497,5.004271844765582,1.1735834373803162,0.42,0.0,0.21,0.03,0.11,0.12,0.0,0.0,0.0,0.05,0.0,0.06,0.0,0.23,0.0,0.75,0.02,0.0,0.0,2,0
72,0.10873359229210268,0.20593266335886737,7.0917196227947565,1.4562383018272116,7.812033150265503,2.2032265136838927,7.238388276630233,1.7028976269544778,31.0,0.0,29.0,0.0,1.053663387372141,1.3600849642990007,1.018124899810355,1.3058292202958062,1.6964210103015347,0.08464031829636824,5.171125841343643,0.9581938382947847,0.55,0.0,0.22,0.04,0.05,0.08,0.0,0.0,0.0,0.02,0.0,0.04,0.0,0.34,0.0,0.66,0.0,0.0,0.0,2,0
73,0.1593039672604116,0.2555475690862082,7.2510099153191705,1.4388638149419635,7.703909031212254,2.356276496534662,6.41733244696563,2.301125432991191,37.08,38.84667607948256,34.53,38.85909666911204,1.8471499075522464,2.277724197259801,1.5451580951525585,1.7846168866173127,1.7046067846404618,0.10551649059447991,5.026181761181097,1.3108001759554015,0.58,0.0,0.14,0.03,0.06,0.12,0.0,0.0,0.0,0.04,0.0,0.03,0.0,0.21,0.0,0.76,0.03,0.0,0.0,3,0
74,0.1293011443204026,0.27468398679798967,7.382369325938803,1.4823158541821462,8.030062631781583,2.3801267785384406,7.152251288472812,1.9865045933730479,30.4,4.221158824088691,28.42,4.080453529952401,1.2093780680047899,1.7818725498396701,1.0131725688638449,1.2956938669637594,1.7098409883281926,0.10801617028033851,5.246083824480957,1.2184379100557283,0.54,0.0,0.17,0.03,0.05,0.1,0.0,0.0,0.0,0.05,0.0,0.06,0.0,0.25,0.0,0.73,0.0,0.02,0.0,3,0
75,0.0832400514177966,0.16049107758555597,7.296009488946501,1.4047534285711842,8.168163696404335,2.19301484139435,7.535083902458883,1.438867989657243,33.23,22.3,31.23,22.3,0.8403467367182497,1.1248322070739347,0.8134365319548431,1.096535794248726,1.6974867177535382,0.09538413494051527,5.34548518494204,0.9976751749894953,0.62,0.0,0.17,0.01,0.06,0.07,0.0,0.0,0.0,0.03,0.0,0.04,0.0,0.25,0.0,0.75,0.0,0.0,0.0,2,0
76,0.13758344659593572,0.2573707076895124,7.078713854810864,1.5896583967642262,7.675070593887024,2.2965534224831052,6.983030808741427,1.9844312619887494,31.01,4.4777677519500765,28.42,4.0804535299524005,1.2912104219760474,1.8061523972536802,1.1783193808643961,1.655168328307321,1.710316751278174,0.10342814512176268,5.1565273242127265,1.0658503375209838,0.48,0.0,0.24,0.01,0.05,0.11,0.0,0.0,0.0,0.05,0.0,0.06,0.0,0.35,0.0,0.64,0.01,0.0,0.0,3,0
77,0.12639973304393726,0.26051919028240167,7.306049135605092,1.3973430067804427,8.050396545569969,2.2565643740365635,7.122551397321641,1.9294849312845361,31.01,4.477767751950077,28.42,4.080453529952401,1.2317280788701206,1.723874882057963,1.1112436088738633,1.5350256381608192,1.7044785507337834,0.09626486110771573,5.265790991890202,1.1170057102956203,0.56,0.0,0.16,0.01,0.05,0.12,0.0,0.0,0.0,0.04,0.0,0.06,0.0,0.23,0.0,0.76,0.01,0.0,0.0,3,0
78,0.1210065061420968,0.210064986271128,7.426398648561812,1.3615426962678343,7.880283182265515,2.094584606021524,7.050257931763003,1.6051539878784267,33.23,22.3,31.23,22.3,1.1994619158693103,1.2465922887131033,1.1570245495340958,1.2415464251936554,1.7241708022608615,0.10126917105416658,5.072362032413089,0.9453833062515423,0.67,0.0,0.11,0.02,0.04,0.08,0.0,0.0,0.0,0.04,0.0,0.04,0.0,0.27,0.0,0.73,0.0,0.0,0.0,2,0
79,0.10053878879822198,0.20498558774896597,7.1504778560109745,1.5090452300683033,7.633535331595081,2.3923318516310816,7.288362441806673,1.8477934442942117,32.61,22.78396343700959,30.65,22.727803024116305,1.1347152773935552,1.8370946704744027,0.874682010786946,1.1501363537280198,1.7057156060883754,0.09267615729541413,5.007117419043058,1.1504772030594956,0.58,0.0,0.17,0.01,0.04,0.1,0.0,0.0,0.0,0.03,0.0,0.07,0.0,0.28,0.0,0.7,0.02,0.0,0.0,3,0
80,0.1513449239064051,0.239130347463741,7.384378001939117,1.497475033214226,8.02885528847012,2.392130187524983,6.91388602050106,1.6762413398513174,51.07,64.14003855201949,49.07,64.14003855201949,1.2864290995162566,1.268607889503618,1.2731360820193327,1.3301442121719134,1.6995468006134333,0.10637500082868237,5.1494821382640055,1.0523416175931164,0.55,0.0,0.14,0.04,0.05,0.11,0.0,0.0,0.0,0.04,0.0,0.07,0.0,0.22,0.0,0.78,0.0,0.0,0.0,2,0
81,0.09623857505605876,0.1675082306536292,7.216756625114158,1.4713409742021852,7.766466876334865,2.031820842021809,7.140206758957181,1.643683762922049,35.46,31.3772805923926,33.46,31.3772805923926,1.086291202391599,1.2823257402237935,1.1054636302623344,1.329378735960518,1.7131873882448025,0.10625152316619475,5.163427537188252,0.9382914600958413,0.55,0.0,0.19,0.01,0.07,0.05,0.0,0.0,0.0,0.04,0.0,0.09,0.0,0.3,0.0,0.7,0.0,0.0,0.0,2,0
82,0.172776258372297,0.2633538493415706,7.159581165078979,1.4934623820990907,7.887182653948164,2.6249836650375507,6.603470911542247,2.0548778241515797,44.71,53.42667872888975,41.51,53.67758123530463,1.5782998054507036,1.8709027864023404,1.4002705831387272,1.6926728806940232,1.6839887052948492,0.09361183578838127,5.134982342050793,1.2874722680018191,0.57,0.0,0.2,0.03,0.06,0.11,0.0,0.0,0.0,0.02,0.0,0.01,0.0,0.23,0.0,0.75,0.02,0.0,0.0,3,0
83,0.11610865090207892,0.16367573992241738,7.275633716897475,1.4458347150715747,7.843688421443347,2.124306208549072,6.802274742948836,1.8785558721468674,37.69,38.23259358350166,35.69,38.23259358350166,1.3921024442374486,1.479091051509663,1.3866947690656306,1.4968257122208044,1.7113244023955787,0.10500027542182039,5.150531184045559,0.9674595720719835,0.61,0.0,0.15,0.01,0.05,0.09,0.0,0.0,0.0,0.05,0.0,0.04,0.0,0.28,0.0,0.72,0.0,0.0,0.0,2,0
84,0.14917450702535212,0.2702058017469651,7.101022705477298,1.3742668011265948,7.840547906201582,2.1277192132295464,6.783741579463908,2.0995389549564747,37.07,38.58933096914826,35.11,38.55152527475536,1.4756683929126277,1.9215695547601594,1.4658290707390642,1.9056863175286556,1.6961737573310296,0.07858603382545717,5.204558005297417,0.9719948316407281,0.61,0.0,0.19,0.0,0.02,0.09,0.0,0.0,0.0,0.01,0.0,0.08,0.0,0.3,0.0,0.7,0.0,0.0,0.0,3,0
85,0.1297297587303944,0.19055965798483795,7.283144174854538,1.2803001519034907,7.961810963691761,2.0988278118339756,6.979331742070563,1.9136721735813036,46.61,57.184425194702115,44.61,57.18442519470212,1.3108804920585229,1.486511259115991,1.2746386714154267,1.4615854058832825,1.6967882296228307,0.08797662610116704,5.175907504821147,0.9837711087828779,0.64,0.0,0.12,0.02,0.05,0.08,0.0,0.0,0.0,0.01,0.0,0.08,0.0,0.23,0.0,0.77,0.0,0.0,0.0,2,0
86,0.14518699567316687,0.2966131338610362,7.082438323801375,1.4138310892524015,7.808030099267704,2.598415129106087,6.988679963260001,1.9744815210680062,37.41,38.651798343046266,34.82,38.70671384875882,1.27988680618131,1.8465201085536855,0.9684797824643467,1.2477487342748192,1.6838423869206067,0.07608775002375316,5.133989826899555,1.3432887000064182,0.61,0.0,0.22,0.01,0.03,0.09,0.0,0.0,0.0,0.02,0.0,0.02,0.0,0.25,0.0,0.72,0.01,0.02,0.0,3,0
87,0.12227023088362486,0.24090313265685007,7.16764762383398,1.4669171283908835,8.164278101329655,2.293491935280346,7.1553846793032685,1.8153488856963702,35.15,31.574307097494138,33.17,31.552443117240017,1.2019265428044053,1.6291934328670707,1.1362339395537109,1.5913775890162458,1.689111384678334,0.10348111964754209,5.386491131862822,1.071640485209943,0.52,0.0,0.16,0.04,0.14,0.08,0.0,0.0,0.0,0.03,0.0,0.03,0.0,0.24,0.0,0.76,0.0,0.0,0.0,3,0
88,0.09759481055205722,0.16682771861744736,7.286392015700361,1.341805247386198,7.903251564626377,1.9509044547538659,7.1550977720210565,1.735236481835742,33.23,22.3,31.23,22.3,1.1445359022220476,1.3793112954974607,1.1380874143451032,1.3766311158701017,1.7195643869439845,0.11196367779693418,5.23563124749125,0.9676111661610322,0.59,0.0,0.14,0.03,0.11,0.08,0.0,0.0,0.0,0.03,0.0,0.02,0.0,0.24,0.0,0.76,0.0,0.0,0.0,2,0
89,0.09873517914722095,0.17696108477995345,7.186651828157079,1.507542420171056,7.708695349828861,2.302723771589778,7.1112932254473575,1.7366968018814355,44.7,53.241303173723736,42.09,53.378786502550334,1.1338805174726123,1.4291872486944535,1.0538676569454064,1.3074052351852496,1.7040297694065145,0.10245301651232891,5.073085870443387,1.1045876945319988,0.53,0.0,0.2,0.01,0.04,0.1,0.0,0.0,0.0,0.05,0.0,0.07,0.0,0.25,0.0,0.74,0.01,0.0,0.0,2,0
90,0.12145974921003011,0.23368950303610947,7.235645902396488,1.5209393418667414,8.044727947306137,2.343365741522778,7.280757048864292,1.8101070844602734,39.92,43.91904398142591,37.92,43.91904398142591,1.0714268347382374,1.4661007805246027,1.0323356014929153,1.4386966168928912,1.697980315261214,0.09893188634695813,5.281145358615424,1.0177636000764645,0.57,0.0,0.21,0.0,0.05,0.08,0.0,0.0,0.0,0.03,0.0,0.06,0.0,0.27,0.0,0.73,0.0,0.0,0.0,2,0
91,0.12170902527399897,0.20439287361853523,7.308628982248768,1.4522145122705328,8.033439592971739,2.1389790568218006,7.129100912605797,1.7495710930832231,37.69,38.23259358350167,35.69,38.23259358350167,1.1471417802821768,1.3717805623740587,1.1336912145358222,1.372986363633113,1.7044121849304006,0.1065386581488843,5.245755869564313,0.9974512736658381,0.53,0.0,0.17,0.05,0.07,0.08,0.0,0.0,0.0,0.04,0.0,0.06,0.0,0.25,0.0,0.75,0.0,0.0,0.0,2,0
92,0.1334594447903677,0.2255169867996058,7.249370858049573,1.221887747789107,8.23862366078041,2.167897039788197,7.15325841746931,1.6890717729162783,35.46,31.37728059239261,33.46,31.37728059239261,1.1550816237124577,1.3536964768768913,1.0924844324483034,1.315460459544387,1.6883410739931606,0.05912660201067159,5.3310502310645305,0.9839439904180091,0.7,0.0,0.14,0.0,0.02,0.13,0.0,0.0,0.0,0.0,0.0,0.01,0.0,0.2,0.0,0.8,0.0,0.0,0.0,2,0
93,0.08657896553854873,0.17736487986029076,7.273031156522645,1.393344116546397,7.960685130657331,2.0388803210999336,7.325490984859153,1.4858983381417166,33.23,22.3,31.23,22.3,0.9904123064036385,1.1996065647073402,0.9305089528837679,1.1434948129118911,1.7099715629103853,0.0957426065059038,5.161940323512096,0.977682089142338,0.57,0.0,0.17,0.02,0.05,0.12,0.0,0.0,0.0,0.04,0.0,0.03,0.0,0.21,0.0,0.79,0.0,0.0,0.0,2,0
94,0.09672472951320046,0.20020510322511237,7.270691944587608,1.5320775851298762,7.887801919436071,2.1530720289830416,7.327558880118119,1.4420930417685218,33.23,22.3,31.23,22.3,0.9633842789508733,1.1262498078464387,0.9183209845426008,1.0940921871657323,1.7091216563487959,0.10453996078043838,5.1336996396325825,0.9552015025625612,0.61,0.0,0.19,0.01,0.04,0.07,0.0,0.0,0.0,0.06,0.0,0.02,0.0,0.27,0.0,0.73,0.0,0.0,0.0,2,0
95,0.08516458997025265,0.15605826811588555,7.190739905001299,1.2304539084205646,7.860004349273785,2.0071455393405646,7.30267868919743,1.665182609281564,33.23,22.299999999999997,31.23,22.299999999999997,1.0351021198404111,1.3113987216576555,0.9845362975907876,1.2711087094027018,1.7102808274106291,0.07757531813591298,5.171353187011949,0.9568398491238115,0.69,0.0,0.15,0.01,0.02,0.07,0.0,0.0,0.0,0.01,0.0,0.05,0.0,0.29,0.0,0.71,0.0,0.0,0.0,2,0
96,0.11936859372057622,0.25130297704864957,7.069392395699935,1.4493232788107313,7.377178309532743,1.9435521073591189,7.137867750677393,1.9019683889578785,37.7,38.49216108049097,35.11,38.551525274755356,1.1738874089302989,1.7550904242762078,1.0654166340728453,1.6282734386019484,1.716963138663765,0.09708221062394026,4.892575040403988,0.9523999873713739,0.54,0.0,0.21,0.01,0.03,0.12,0.0,0.0,0.0,0.04,0.0,0.05,0.0,0.28,0.0,0.71,0.01,0.0,0.0,3,0
97,0.11710782735083498,0.2045326861795742,7.231572536363425,1.3357743103061892,7.911293108473742,2.121548131285162,7.164978404818075,1.7177272037498803,35.46,31.37728059239261,33.46,31.37728059239261,1.1321889596346362,1.4246378579260541,1.0682196255021668,1.3585649969338505,1.7156390378096311,0.0827018380648248,5.200647578193625,0.9584044688681879,0.63,0.0,0.16,0.0,0.0,0.13,0.0,0.0,0.0,0.03,0.0,0.05,0.0,0.28,0.0,0.72,0.0,0.0,0.0,2,0
98,0.10977336094290299,0.1962459573180576,7.047291101496287,1.6677685509731708,7.406373883715616,2.278788353701187,7.284097643239526,1.67068092278323,44.38,53.22636621643505,42.38,53.22636621643505,0.9864678589997647,1.3636068597279005,0.9583826719359604,1.4009025357074338,1.7170548486450352,0.10778679180218657,4.952663797660385,0.9491440172474457,0.5,0.0,0.27,0.0,0.02,0.12,0.0,0.0,0.0,0.06,0.0,0.03,0.0,0.34,0.0,0.66,0.0,0.0,0.0,2,0
99,0.12509227593753447,0.20913137780803268,7.249411710075564,1.5520753027758343,8.085318187426,2.2388898604298375,7.171415845584594,1.7661663354323762,37.69,38.23259358350166,35.69,38.23259358350166,1.1283113120095811,1.4638867728760658,1.0675245964317792,1.3998172512902334,1.7059540969852498,0.10044286784874291,5.30908586103351,1.0148773063114247,0.46,0.0,0.22,0.02,0.07,0.11,0.0,0.0,0.0,0.04,0.0,0.08,0.0,0.25,0.0,0.75,0.0,0.0,0.0,2,0
100,0.14148232146329165,0.2297591835012083,7.313085448197532,1.420442638776161,7.887017810298653,2.1803968270983813,6.959536433529398,1.7876880751993962,40.24,43.96994382070507,37.63,44.074009153108406,1.2720887822937403,1.4472839995508069,1.1723320888907256,1.3245733728030573,1.7073842581177308,0.09425400013507677,5.106003670065604,1.0739549841739395,0.57,0.0,0.16,0.01,0.03,0.1,0.0,0.0,0.0,0.05,0.0,0.08,0.0,0.21,0.0,0.78,0.01,0.0,0.0,2,0
101,0.15859781593553496,0.28089822936438424,7.176276481368023,1.3882880354510707,8.157178647600778,2.393769427212936,6.935333007488692,1.9468230495277838,44.07,53.39508829981888,42.09,53.378786502550334,1.3505118656555724,1.7866684126680668,1.2919004837899697,1.7539915300912705,1.6844509346953382,0.079202097951836,5.345508224987632,1.0881842172662364,0.61,0.0,0.18,0.01,0.05,0.12,0.0,0.0,0.0,0.01,0.0,0.02,0.0,0.23,0.0,0.77,0.0,0.0,0.0,3,0
102,0.1458937891060405,0.2326128948919841,7.424365929928911,1.5093285719168579,7.952986734491429,2.4214569949522358,6.866540406561114,1.9917973109171005,37.07,38.58933096914825,35.11,38.55152527475536,1.4412854013547882,1.9120642150898999,1.2150478683505999,1.3597009486556528,1.7046117091481756,0.10701885724531116,5.1039365198927875,1.207515806842747,0.67,0.0,0.13,0.02,0.03,0.05,0.0,0.0,0.0,0.05,0.0,0.05,0.0,0.24,0.0,0.74,0.02,0.0,0.0,3,0
103,0.12188944889078847,0.2063539176378615,7.334226237829881,1.5630101840977477,8.254049458986362,2.3787989411428523,7.251028835103037,1.8033981151086318,41.84,49.01612185822337,39.86,48.99928261688836,1.0807475800672866,1.429053056455938,1.0708794209344823,1.4237581044210357,1.6871975658835205,0.10069763067646502,5.371911263996039,1.0555844352521035,0.56,0.0,0.2,0.01,0.03,0.1,0.0,0.0,0.0,0.05,0.0,0.05,0.0,0.21,0.0,0.79,0.0,0.0,0.0,3,0
104,0.1521989125761165,0.24371457760538057,7.158608125162294,1.5199609893933657,7.661445794362195,2.1191568801206513,6.867256793646112,1.9939396316745446,37.38,38.41263996513268,35.4,38.393496924096496,1.3635969676732982,1.7559593260854085,1.3625298690100547,1.7459803552527748,1.7168717514537049,0.09963529807149032,5.113800967099019,0.9319153827683456,0.52,0.0,0.2,0.01,0.05,0.09,0.0,0.0,0.0,0.03,0.0,0.1,0.0,0.35,0.0,0.65,0.0,0.0,0.0,3,0
105,0.1155109849983613,0.2198337101047628,7.534816649089082,1.5405608139004954,8.412173605608118,2.237288860144452,7.401293384093836,1.704705712844673,35.46,31.3772805923926,33.46,31.3772805923926,1.005395303245435,1.3356960256041392,0.9879266662531531,1.2906702322560042,1.6998964780621832,0.11530703111398426,5.418714086332359,1.012034712981495,0.54,0.0,0.15,0.01,0.07,0.09,0.0,0.0,0.0,0.07,0.0,0.07,0.0,0.21,0.0,0.79,0.0,0.0,0.0,2,0
106,0.13528715934958646,0.2323045829129432,7.319236353944501,1.4064160116700775,8.077302370718053,2.1357008895565586,7.078331009501958,1.808906506674458,37.69,38.23259358350167,35.69,38.23259358350167,1.211976898458994,1.4007742667520962,1.1956477898809819,1.3933566252978067,1.6953262252697217,0.09884921574286742,5.259988683444435,0.9699051112384646,0.53,0.0,0.15,0.03,0.09,0.08,0.0,0.0,0.0,0.03,0.0,0.09,0.0,0.19,0.0,0.81,0.0,0.0,0.0,2,0
107,0.17427725836775465,0.25564547070586413,7.373747122680591,1.416102714913428,8.159722347504506,2.351357361640916,6.738978170153217,1.8861588092862585,42.15,48.84656972334264,40.15,48.84656972334264,1.4604442625216278,1.5056608071888737,1.4406903970132448,1.4963002142369686,1.7012026144416321,0.0990290456661116,5.328199691927962,1.0361253002930053,0.59,0.0,0.14,0.02,0.06,0.07,0.0,0.0,0.0,0.03,0.0,0.09,0.0,0.25,0.0,0.75,0.0,0.0,0.0,2,0
108,0.15453298124327358,0.2361977484571892,7.147260966391576,1.529162182343615,7.389124870052528,1.9474670038914554,6.618899188343658,1.9260495972286087,46.61,57.18442519470214,44.61,57.18442519470214,1.4648706282109378,1.558227858919821,1.5322075775469366,1.6326253360577392,1.7138694250932303,0.11671909211516651,4.939278983801511,0.8785404359648056,0.54,0.0,0.19,0.03,0.09,0.05,0.0,0.0,0.0,0.04,0.0,0.06,0.0,0.3,0.0,0.7,0.0,0.0,0.0,2,0
109,0.19440230834580327,0.2861232979263636,7.349574355153571,1.6452946905243329,8.245874535411856,2.6351850387151874,6.85010048696881,1.8926765698672188,42.15,48.84656972334264,40.15,48.84656972334264,1.3593028490695755,1.5819802615072978,1.2990807726363591,1.5488447880689855,1.6944649237894274,0.09717727374713313,5.3443910327931325,1.0729895315364684,0.55,0.0,0.22,0.01,0.04,0.07,0.0,0.0,0.0,0.04,0.0,0.07,0.0,0.28,0.0,0.72,0.0,0.0,0.0,2,0
110,0.202903154352457,0.2929823226191494,7.383421730990502,1.3194651567330564,8.27819118036773,2.2932941587306797,6.594482933448497,1.9251369925348187,37.69,38.232593583501654,35.69,38.232593583501654,1.5792917874860422,1.5771839749830852,1.5421662714027038,1.5083932320168216,1.6990775226267507,0.09333894795377268,5.369576709619682,1.0506319444792356,0.57,0.0,0.12,0.04,0.08,0.12,0.0,0.0,0.0,0.01,0.0,0.06,0.0,0.22,0.0,0.78,0.0,0.0,0.0,2,0
111,0.18029076168168834,0.2771435290471104,7.46277744869183,1.5478121466357204,8.312806591339175,2.775597759952094,6.80759625220648,2.045989647957824,39.3,44.26150481039713,37.34,44.226510629081304,1.492238102573335,1.974926250110338,1.2367165566988334,1.4401760770201497,1.700396968657585,0.09528238625310234,5.321530445975541,1.305252103442927,0.64,0.0,0.14,0.0,0.01,0.13,0.0,0.0,0.0,0.02,0.0,0.06,0.0,0.25,0.0,0.73,0.02,0.0,0.0,3,0
112,0.1407739427860097,0.24001856536853886,7.637182103201769,1.536861178531901,8.484599875202132,2.4039044103113656,7.207003661098125,1.629464390865524,37.69,38.23259358350166,35.69,38.23259358350166,1.0838279579788526,1.2743123702185706,1.0575401381802194,1.2427444367402254,1.7056558613583772,0.11910136269662966,5.414386321643776,1.0746004274369916,0.63,0.0,0.14,0.01,0.05,0.06,0.0,0.0,0.0,0.07,0.0,0.04,0.0,0.21,0.0,0.79,0.0,0.0,0.0,2,0
113,0.16880787037011336,0.27409952744020405,7.377717346101694,1.3608329721931416,8.237899349824133,2.2597186990997873,6.8319126571027535,1.9324961879499032,44.38,53.22636621643507,42.38,53.22636621643507,1.406019664039316,1.5836819237319864,1.3637013400049396,1.5707414356426406,1.693843879118454,0.09266960176397573,5.320960815807565,1.029855349751348,0.59,0.0,0.14,0.03,0.08,0.07,0.0,0.0,0.0,0.01,0.0,0.08,0.0,0.2,0.0,0.8,0.0,0.0,0.0,2,0
114,0.1503806169619239,0.24479381513483192,7.359246640553214,1.349639238317603,8.021585076513212,2.2866927262307164,6.837743534865462,1.8382904729278364,37.69,38.23259358350166,35.69,38.23259358350166,1.3818936887566164,1.4244189103683589,1.3820126781575122,1.4228458987766115,1.7013229702661972,0.09679057134465023,5.221584892713874,1.0012417190174205,0.63,0.0,0.13,0.03,0.07,0.06,0.0,0.0,0.0,0.01,0.0,0.07,0.0,0.26,0.0,0.74,0.0,0.0,0.0,2,0
115,0.14183433040092158,0.23200671148953603,7.376315984468252,1.5937896769976987,8.129611147005281,2.3206135519462143,7.077967977950923,1.8337565439535957,44.38,53.22636621643508,42.38,53.22636621643508,1.178418156785452,1.4918705404692567,1.1676782618093136,1.481110910486216,1.7034121237759678,0.11141820844069533,5.3158367827233715,1.0266322690274372,0.54,0.0,0.2,0.01,0.04,0.07,0.0,0.0,0.0,0.07,0.0,0.07,0.0,0.24,0.0,0.76,0.0,0.0,0.0,2,0
116,0.19436830156175522,0.30887786885877466,7.314211056433165,1.523588387918364,8.215341350124987,2.4645809270572276,6.775565889330062,2.085270962811334,39.61,44.09170768827951,37.63,44.07400915310839,1.5148391453283576,1.8597267906339263,1.4572050764777118,1.8309903868648074,1.700799476157664,0.10252431125961595,5.397610645286887,1.0669533607488186,0.57,0.0,0.16,0.01,0.04,0.15,0.0,0.0,0.0,0.03,0.0,0.04,0.0,0.27,0.0,0.73,0.0,0.0,0.0,3,0
117,0.23551603852495326,0.3539202519698444,7.387462089838874,1.5018773842316966,8.103288739391244,2.7384344672685916,6.5406192809178485,2.23081029717586,41.24,49.33090084093111,39.28,49.29812011085863,1.7070682084407258,2.042259836361748,1.493368290037801,1.7712311316986304,1.691916715213639,0.09820816603472507,5.206742046505468,1.310648251097615,0.59,0.0,0.16,0.03,0.07,0.08,0.0,0.0,0.0,0.02,0.0,0.05,0.0,0.24,0.0,0.74,0.0,0.02,0.0,4,0
118,0.1547762394780084,0.2363486141650268,7.180524181595534,1.5321777857900227,7.754198497758213,2.2140675144537854,6.775791992183549,1.8653605128187976,37.69,38.23259358350166,35.69,38.23259358350166,1.375956282403896,1.518034116842098,1.3597969507185015,1.477282534887063,1.7117908246351308,0.10358886820304919,5.164012449644449,0.9437089842260119,0.48,0.0,0.2,0.02,0.06,0.13,0.0,0.0,0.0,0.04,0.0,0.07,0.0,0.32,0.0,0.68,0.0,0.0,0.0,2,0
119,0.15060825419486562,0.22279738960850048,7.2428227248226555,1.4767664762493777,7.994803692623302,2.152578794374293,6.910296044095178,1.8661615268049032,39.92,43.91904398142592,37.92,43.91904398142592,1.3399036202208887,1.4781652761348032,1.3036329846079793,1.472884519188734,1.701917618932311,0.1001151654700604,5.268980867512796,0.9665422763132313,0.5,0.0,0.15,0.03,0.11,0.09,0.0,0.0,0.0,0.02,0.0,0.1,0.0,0.27,0.0,0.73,0.0,0.0,0.0,2,0
120,0.1295203305359871,0.23083960175966745,7.312546940963808,1.588317995647747,7.67192533741238,2.070764911819497,6.987382077348493,1.8510900971685686,33.23,22.3,31.23,22.3,1.2546901404034139,1.4611240756517498,1.2693905490755677,1.4541096026838922,1.7269253611665853,0.12662389904181948,5.105824384419901,0.9512484595032923,0.45,0.0,0.2,0.04,0.11,0.08,0.0,0.0,0.0,0.06,0.0,0.06,0.0,0.29,0.0,0.71,0.0,0.0,0.0,2,0
121,0.10481465330776682,0.17353106587811662,7.3156177237852456,1.251580550665118,8.306294046645432,2.0994090175028295,7.224052813048442,1.8753249547278703,42.15,48.84656972334263,40.15,48.84656972334263,1.1378958154590444,1.4525970646013715,1.1459490671271748,1.4522549488151928,1.6806879963179682,0.08157853757066044,5.442004193955557,0.9841181856086149,0.58,0.0,0.14,0.02,0.07,0.08,0.0,0.0,0.0,0.01,0.0,0.1,0.0,0.18,0.0,0.82,0.0,0.0,0.0,2,0
122,0.1597279816181952,0.22080906951306206,7.370040112695493,1.6369504855105523,8.052849953891073,2.3497019356529436,6.719995600115522,1.9406178336815743,42.15,48.84656972334264,40.15,48.84656972334264,1.4584988218241068,1.626573680026424,1.4460652379097199,1.630325045620382,1.7095140138889053,0.12453345886581682,5.281513692828408,1.0542148113006617,0.51,0.0,0.18,0.01,0.12,0.07,0.0,0.0,0.0,0.07,0.0,0.04,0.0,0.24,0.0,0.76,0.0,0.0,0.0,2,0
123,0.18720211288226785,0.2534511040971374,7.387728362910576,1.612047513712245,7.882706060223886,2.4482663065827133,6.4114119816007955,2.049309935919316,39.3,44.26150481039712,37.34,44.2265106290813,1.7298257178190914,2.0010171661628844,1.5384447070436311,1.5613716406890696,1.7153781488274458,0.11528253689893322,5.121542003349945,1.2333953249135903,0.51,0.0,0.16,0.05,0.03,0.09,0.0,0.0,0.0,0.06,0.0,0.1,0.0,0.25,0.0,0.73,0.02,0.0,0.0,3,0
124,0.17203296697040302,0.26324207353655393,7.45787728012711,1.6001648900330867,8.059603654319568,2.467268004616303,6.870099745041885,1.909297678153718,48.84,60.80316312877682,46.84,60.80316312877682,1.3356379705585626,1.5159722186432631,1.3421437337234483,1.5395992427843495,1.7056419631397628,0.11155464866196964,5.192368620939726,1.044260169628962,0.57,0.0,0.18,0.01,0.06,0.04,0.0,0.0,0.0,0.05,0.0,0.09,0.0,0.25,0.0,0.75,0.0,0.0,0.0,2,0
125,0.19220441190232204,0.2942014816525184,7.354019898572026,1.5060885143809946,8.468312924078482,2.434716833953885,6.888045638965658,1.985827312422041,37.69,38.23259358350166,35.69,38.23259358350166,1.4007162045169061,1.642312200838918,1.3303651946444597,1.5876651733605462,1.6891720782275619,0.09710109456158739,5.516715256071858,1.0460113916427982,0.56,0.0,0.17,0.03,0.07,0.1,0.0,0.0,0.0,0.04,0.0,0.03,0.0,0.24,0.0,0.76,0.0,0.0,0.0,2,0
126,0.19278045106830802,0.2847500213938496,7.200935606058636,1.5769385300113696,7.737043506083412,2.337983932743036,6.705685691693775,2.102800001020346,39.92,43.91904398142592,37.92,43.91904398142592,1.5077824801710207,1.7329273279302935,1.4760184514635624,1.7328338903813387,1.714647692606365,0.11258840474357008,5.131982111024522,1.0292023907400127,0.47,0.0,0.22,0.05,0.1,0.1,0.0,0.0,0.0,0.03,0.0,0.03,0.0,0.32,0.0,0.68,0.0,0.0,0.0,2,0
127,0.15798376865227248,0.22001514740659883,7.144577280706787,1.4678254688974675,7.674860347484115,2.056639328359541,6.611645329475253,2.0001727676526295,35.79,31.50318085591365,33.17,31.552443117240013,1.5337750427173962,1.6704013132640239,1.5198363196599787,1.622170843544951,1.714429350677072,0.09627882279527876,5.121790737209861,1.0253087992119925,0.4,0.0,0.21,0.02,0.07,0.14,0.0,0.0,0.0,0.04,0.0,0.12,0.0,0.25,0.0,0.74,0.01,0.0,0.0,2,0
128,0.10844542189272037,0.20204967258584325,7.183683568592926,1.4053214125891125,6.796301073379835,3.8136384830332943,7.673451655417871,1.9016402035308375,43.59,39.27244774030709,30.47,40.714441634090456,0.9403617167530075,1.3187253362428553,0.9000337797737886,1.3123783401934084,1.7298769708427983,0.11490966364619006,4.414007406011056,2.277509792858168,0.7,0.0,0.12,0.02,0.06,0.04,0.0,0.0,0.0,0.02,0.0,0.04,0.0,0.22,0.0,0.6,0.18,0.0,0.0,2,0
129,0.18645206603857314,0.308221343769694,7.3056772587848,1.4746582779593969,6.554462814423866,3.725534711581117,7.031434756049033,2.422483564212882,42.7,39.67175928602719,30.18,40.828139434671385,1.4722742520399112,1.9750587896093934,1.2778064009946661,1.657758196407015,1.7554763045009087,0.12534077740282065,4.2608410710244184,2.262587427967759,0.49,0.0,0.11,0.04,0.09,0.13,0.0,0.0,0.0,0.04,0.0,0.1,0.0,0.16,0.0,0.65,0.17,0.02,0.0,3,0
130,0.1103460034457048,0.251432158338313,6.882650968490886,1.459018735705218,5.57185711286125,3.704874663533505,7.742060382370014,2.158961935927028,43.36,33.691266140372555,25.96,34.87464420006042,0.9811543606943224,1.7252026236597637,0.9459802088338342,1.769244033582611,1.7678702058311493,0.12580367286680302,3.7565267051709643,2.322775986313838,0.59,0.0,0.17,0.02,0.05,0.09,0.0,0.0,0.0,0.04,0.0,0.04,0.0,0.22,0.0,0.53,0.25,0.0,0.0,3,0
131,0.15594225372578796,0.24808189183028917,7.194759492671485,1.5354951304197821,7.716215196588963,2.2459030555957855,6.858073211515675,1.9367335315791694,33.23,22.3,31.23,22.3,1.3661022427419138,1.5791577621484723,1.3158873817272934,1.5304216191304112,1.7146288949815487,0.10099877989546079,5.098945722171809,0.9612307921532288,0.54,0.0,0.21,0.03,0.04,0.1,0.0,0.0,0.0,0.04,0.0,0.04,0.0,0.34,0.0,0.66,0.0,0.0,0.0,2,0
132,0.2140979469052847,0.3190480733566118,7.205316611967537,1.4899240116474657,7.638882755407534,2.5104864283429293,6.408269107256651,2.2649903063798154,39.64,44.29869232171692,37.05,44.37657380905273,1.7482350782431157,1.988313484845348,1.5818415505263985,1.6956228871024903,1.7043716700039184,0.09313307374175568,5.022069691439783,1.287970083375788,0.56,0.0,0.2,0.01,0.03,0.11,0.0,0.0,0.0,0.03,0.0,0.06,0.0,0.27,0.01,0.7,0.0,0.02,0.0,4,0
133,0.24101167170647625,0.3604813760339774,7.436342993170725,1.6501373288894572,8.461220148884427,2.5873762918944423,6.71492062750912,2.033331655345697,37.38,38.41263996513269,35.4,38.39349692409649,1.5220666855182339,1.849057925742361,1.4589812595248255,1.8090533338029136,1.6940245156571572,0.09636011441946686,5.454293562187562,1.0407679726643344,0.55,0.0,0.2,0.0,0.02,0.13,0.0,0.0,0.0,0.03,0.0,0.07,0.0,0.27,0.0,0.73,0.0,0.0,0.0,3,0
134,0.1832886797760276,0.2978078141426299,7.48980751768828,1.4529327737770013,8.190816467815885,2.3815839655176485,6.957903237509296,1.9110328109152575,35.46,31.377280592392605,33.46,31.377280592392605,1.3329542790977944,1.5216514548286426,1.2801824683099519,1.4885263312344623,1.7192075707008172,0.10559317454699954,5.2931781480502185,1.035531663953256,0.66,0.0,0.13,0.02,0.02,0.09,0.0,0.0,0.0,0.04,0.0,0.04,0.0,0.31,0.0,0.69,0.0,0.0,0.0,2,0
135,0.18931004557573577,0.279930488818569,7.343001404129017,1.587099156518627,7.862621583496509,2.17593513579372,6.544788668720044,2.083482156758351,37.07,38.58933096914825,35.11,38.55152527475536,1.6281234597882164,1.7659225166487553,1.6096286712884287,1.7418580715255756,1.7151681191965693,0.10087426715578952,5.113079061226934,0.9354706258743141,0.55,0.0,0.17,0.02,0.04,0.07,0.0,0.0,0.0,0.05,0.0,0.1,0.0,0.29,0.0,0.71,0.0,0.0,0.0,3,0
136,0.14079613878824632,0.23767979451799479,7.250004892964901,1.555720393298522,7.821207030814605,2.0450123419651662,6.99706784640908,1.8875441178964207,37.69,38.232593583501654,35.69,38.23259358350166,1.255955665482346,1.5210213907729861,1.2416743658307354,1.4980403907127777,1.7131336311399357,0.10709072395608285,5.181005505388868,0.9026209216460781,0.5,0.0,0.2,0.02,0.07,0.06,0.0,0.0,0.0,0.06,0.0,0.09,0.0,0.29,0.0,0.71,0.0,0.0,0.0,2,0
137,0.17609349521696493,0.28776526579943346,7.323406530631669,1.6703270375159363,7.937254149413668,2.2832261464371304,6.788588249296923,1.9014609513154712,33.23,22.3,31.23,22.3,1.3809003752519788,1.5563556410007575,1.376617101769499,1.540386792071296,1.7167731966061046,0.1157560689089216,5.229161242574849,0.9863177310178918,0.43,0.0,0.23,0.03,0.09,0.08,0.0,0.0,0.0,0.04,0.0,0.1,0.0,0.32,0.0,0.68,0.0,0.0,0.0,2,0
138,0.17096062638301326,0.2933598747279413,7.329527298034017,1.579156706501555,7.819075171968326,2.1795291886085577,6.925481512890328,1.9206751771880288,33.23,22.3,31.23,22.3,1.3408529971688798,1.5378329728298297,1.3025340199398148,1.4866934542101617,1.721726281378948,0.1142703024432054,5.1075837210930155,0.9665859638854502,0.45,0.0,0.18,0.04,0.11,0.1,0.0,0.0,0.0,0.05,0.0,0.07,0.0,0.28,0.0,0.72,0.0,0.0,0.0,2,0
139,0.16091573789050964,0.2856436674725364,7.304535746078987,1.6641768159079278,8.039457346256773,2.407657053811598,6.96066673416743,1.9685017345020444,37.69,38.23259358350166,35.69,38.23259358350166,1.2960689559861656,1.5945958080412312,1.2510433757352153,1.5508978593380631,1.7055908168782687,0.11803302603836081,5.271433323860597,1.0609012044724306,0.5,0.0,0.22,0.03,0.1,0.07,0.0,0.0,0.0,0.06,0.0,0.02,0.0,0.29,0.0,0.71,0.0,0.0,0.0,2,0
140,0.1805061448440139,0.2790860950691399,7.50101701756756,1.4269984512780114,8.289870443833655,2.242740484658321,6.722437047656921,2.0260131235030716,42.15,48.84656972334263,40.15,48.84656972334263,1.5101151185491575,1.6281020854338581,1.4854284870594439,1.614006369880912,1.7118155140294238,0.10479973474326822,5.34617879828424,1.0403559406194738,0.55,0.0,0.14,0.04,0.06,0.09,0.0,0.0,0.0,0.04,0.0,0.08,0.0,0.21,0.0,0.79,0.0,0.0,0.0,2,0
141,0.13178200280944874,0.2399592719736708,7.253064866868476,1.5595744788661081,8.293467454034298,2.692236844848725,7.100301399376547,2.009547721870815,34.84,31.767056183818145,32.88,31.72396092813281,1.2812429968453773,1.9853642691996858,1.0208912969328872,1.3635273012369227,1.6850004464991277,0.09056699369350793,5.425089971689647,1.2869880291576883,0.56,0.0,0.19,0.02,0.05,0.1,0.0,0.0,0.0,0.03,0.0,0.05,0.0,0.26,0.0,0.72,0.02,0.0,0.0,3,0
142,0.1362102448357193,0.22616452405281642,7.2614877211385895,1.3628760328817477,7.901569798613406,2.0464521655177523,6.832211578912624,1.8929197856625353,39.92,43.91904398142592,37.92,43.91904398142592,1.38793560036717,1.5702994957458691,1.36954633217027,1.5793753158528232,1.7057923364510947,0.10615818511796035,5.18026203235909,0.985640149731967,0.57,0.0,0.14,0.02,0.14,0.08,0.0,0.0,0.0,0.02,0.0,0.03,0.0,0.21,0.0,0.79,0.0,0.0,0.0,2,0
143,0.14129262421351202,0.21556102359112472,7.445558568551612,1.6046022237381004,7.993387537985911,2.3409321738990343,7.007884503390562,1.5941797340849102,39.92,43.919043981425915,37.92,43.919043981425915,1.152764189414153,1.2463126238216033,1.1720104636416862,1.3362832917331222,1.7091204410191125,0.1125789266287264,5.142810172085775,1.0084960641944973,0.63,0.0,0.18,0.03,0.02,0.06,0.0,0.0,0.0,0.04,0.0,0.04,0.0,0.29,0.0,0.71,0.0,0.0,0.0,2,0
144,0.14433713152980285,0.2177903483009776,7.317795926887592,1.555187439383581,8.114813656086007,2.6198574212262082,6.846411387899289,1.9034246754813582,37.07,38.58933096914826,35.11,38.55152527475535,1.3886335909070184,1.9024374716780434,1.1520076567275253,1.346409805360847,1.6899551437621088,0.08909021665180217,5.238821354166519,1.2578170312610235,0.59,0.0,0.2,0.02,0.03,0.06,0.0,0.0,0.0,0.02,0.0,0.08,0.0,0.25,0.0,0.73,0.02,0.0,0.0,3,0
145,0.21304133286012594,0.29729755152545,7.561358676571855,1.505217844549452,8.523689326169615,2.3502315239389824,6.618519596204021,1.8413701691907596,37.69,38.232593583501654,35.69,38.232593583501654,1.5371754096204548,1.5527560375521483,1.4710448396602933,1.4912808004992542,1.7064118816624783,0.10450676681018639,5.444661836910966,1.036893508361812,0.58,0.0,0.15,0.02,0.04,0.13,0.0,0.0,0.0,0.05,0.0,0.03,0.0,0.21,0.0,0.79,0.0,0.0,0.0,2,0
146,0.15437596610251011,0.26418765450090026,7.512048482306008,1.4475281903054338,8.547231215287445,2.3875890199209437,7.104799515683809,1.7077689452473834,37.69,38.23259358350166,35.69,38.23259358350166,1.1816106657474004,1.3880953003154968,1.130891728668971,1.3554631580456145,1.695880832707128,0.09579735799070037,5.465226547832864,1.0717921571172784,0.6,0.0,0.15,0.01,0.06,0.09,0.0,0.0,0.0,0.03,0.0,0.06,0.0,0.2,0.0,0.8,0.0,0.0,0.0,2,0
147,0.19671217317585954,0.32193205604069997,7.268568621986717,1.5657485467831334,8.227948452755985,2.475277194911301,6.748624207311221,1.9056861806380743,37.69,38.23259358350167,35.69,38.23259358350167,1.4287512130468414,1.620629183807525,1.3648236669295855,1.5534614272620604,1.7026631181947598,0.09502427280658496,5.414190726832446,1.0386684156088313,0.52,0.0,0.22,0.01,0.04,0.16,0.0,0.0,0.0,0.02,0.0,0.03,0.0,0.3,0.0,0.7,0.0,0.0,0.0,2,0
148,0.13983151322448617,0.24632789418888415,7.189487240566591,1.6099444350509982,7.8386952726250785,2.2311423155547434,6.9727597909502705,1.7961218133296089,35.46,31.3772805923926,33.46,31.3772805923926,1.2616012965142205,1.449304770873952,1.2280172813376509,1.4351572510922082,1.7051375710664454,0.10858653528302702,5.168737324721506,0.9762294739079761,0.47,0.0,0.21,0.04,0.11,0.1,0.0,0.0,0.0,0.03,0.0,0.04,0.0,0.31,0.0,0.69,0.0,0.0,0.0,2,0
149,0.14471801333551043,0.2653717264645022,7.265745024772596,1.4175290343412708,8.012982054669832,2.149982929789652,6.988556595381578,1.9166323713671043,32.92,22.54543336590729,30.94,22.516804050452286,1.3083480938469847,1.63176407318232,1.282492541379751,1.6169833367429967,1.6998866001880668,0.10439316830451473,5.244466683315077,0.9881941144328198,0.54,0.0,0.15,0.06,0.12,0.08,0.0,0.0,0.0,0.02,0.0,0.03,0.0,0.26,0.0,0.74,0.0,0.0,0.0,3,0
150,0.1505687012077207,0.2548821342387141,7.563310470152854,1.6049233171594923,8.268930649430239,2.2794060895860535,7.112926109818374,1.7622563205619532,35.46,31.3772805923926,33.46,31.3772805923926,1.1647152046945564,1.4370318152210546,1.1399655834326439,1.4088237177607734,1.7205874137110246,0.11707200844460991,5.322071978162199,1.018461519285368,0.57,0.0,0.18,0.01,0.03,0.11,0.0,0.0,0.0,0.06,0.0,0.04,0.0,0.26,0.0,0.74,0.0,0.0,0.0,2,0
151,0.17021834226167787,0.3599407014982604,7.197189358271611,1.5447860394644943,8.055335098156988,2.829898272809849,6.971044896044549,2.2474632412762303,29.47,6.7036172957952225,27.55,6.352244493170119,1.2523388244348954,1.9903852866347314,1.0045365019943027,1.559699005292692,1.6838398438538114,0.08512150960904369,5.246942490031878,1.4561612272616993,0.57,0.0,0.18,0.01,0.06,0.1,0.0,0.0,0.0,0.02,0.0,0.06,0.0,0.23,0.0,0.73,0.02,0.02,0.0,4,0
152,0.16847051773227187,0.3100280086476899,7.436352184563945,1.691823023562114,8.270103421703746,2.376332212688025,6.941793911330613,1.8859162215309655,30.69,3.1,28.71,2.9,1.3080850148327332,1.7533554450607056,1.2347411592467268,1.6708695915679626,1.712819563115325,0.11452375739905886,5.366980738869047,1.0346994344344331,0.5,0.0,0.22,0.02,0.02,0.11,0.0,0.0,0.0,0.08,0.0,0.05,0.0,0.28,0.0,0.72,0.0,0.0,0.0,3,0
153,0.20565177070940555,0.3622530132841827,7.549742136137671,1.542110612724623,8.43729413861167,2.590044688274723,6.837460921000022,1.832560902741117,37.69,38.23259358350166,35.69,38.23259358350166,1.3686659826526784,1.5426093696670427,1.3122183162853702,1.494883380425555,1.7109663717225443,0.10373063983956933,5.413816286176375,1.0803520285356496,0.68,0.0,0.16,0.01,0.01,0.09,0.0,0.0,0.0,0.03,0.0,0.02,0.0,0.29,0.0,0.71,0.0,0.0,0.0,2,0
154,0.23579275839925504,0.4163189992413852,7.456786381619676,1.5655367564505753,8.426106770443386,2.869132969042487,6.875121795865666,2.080226264600001,34.86,31.745204044043877,32.88,31.723960928132815,1.4401513845508378,1.8990416283507614,1.1699182649364088,1.4405967457208622,1.695461041869634,0.08737838561507327,5.41512834373516,1.2999211152313859,0.61,0.0,0.17,0.0,0.02,0.11,0.0,0.0,0.0,0.03,0.0,0.06,0.0,0.26,0.0,0.72,0.02,0.0,0.0,3,0
155,0.3402167889085698,0.5103757483790861,7.272513293864782,1.6643985697274915,7.962170400203661,2.510736655646646,6.159970685363406,2.678035139558315,59.99,75.37348018468774,38.79,38.82264646811031,2.09314315156851,2.6067661072008326,1.7999753592821477,1.9964706808967165,1.6932687266849695,0.11195414852633484,5.214724790453444,1.06185983163209,0.43,0.0,0.19,0.02,0.03,0.12,0.0,0.0,0.0,0.06,0.0,0.15,0.0,0.24,0.0,0.66,0.0,0.0,0.1,2,0
156,0.19360026690757237,0.3286870668105418,7.3420376575085,1.6927136585056763,7.607565796130574,2.520718103084518,6.720998982759753,1.9883423915374003,37.09,38.57017610600819,35.11,38.55152527475536,1.4492155068633394,1.7924200982915643,1.2686384212340933,1.4370901084577692,1.7251233338972118,0.11318226252602571,4.981472659066126,1.1596676115133269,0.53,0.0,0.21,0.0,0.01,0.09,0.0,0.0,0.0,0.08,0.0,0.08,0.0,0.34,0.0,0.64,0.0,0.02,0.0,3,0
157,0.12064240443380796,0.23662937614081803,7.060955392463582,1.4261689096722432,7.663349212309182,2.069242973450935,7.115534853758016,1.7939086589112831,30.69,3.1,28.71,2.9,1.1726611788890349,1.5411458909648763,1.1488931475352375,1.532188559166009,1.7075521616275722,0.09070945558739818,5.132874342756319,0.914194623574679,0.52,0.0,0.2,0.03,0.09,0.06,0.0,0.0,0.0,0.01,0.0,0.09,0.0,0.35,0.0,0.65,0.0,0.0,0.0,3,0
158,0.1762990953079805,0.27948445019206986,7.160621540134253,1.7271759737350465,7.461930605652756,1.9563780621250648,6.68744797685788,2.102741293745943,39.61,44.09170768827952,37.63,44.074009153108406,1.4707496190864142,1.8477826703034117,1.4970313121871646,1.8922234563396498,1.7314261777056315,0.127625963538049,5.037112298273937,0.9088648986367623,0.33,0.0,0.26,0.03,0.13,0.09,0.0,0.0,0.0,0.06,0.0,0.1,0.0,0.32,0.0,0.68,0.0,0.0,0.0,3,0
159,0.15513355853546876,0.28193718452696537,7.486106051094116,1.545440721259407,8.104894815852381,2.1272416810110326,7.08870514221297,1.8740760806491485,37.69,38.23259358350166,35.69,38.23259358350166,1.199429426713881,1.4748773096177625,1.2164903059087224,1.5361843286839079,1.7144879835290796,0.1223919604747525,5.254318019889883,0.99651428811368,0.55,0.0,0.15,0.03,0.07,0.09,0.0,0.0,0.0,0.06,0.0,0.05,0.0,0.22,0.0,0.78,0.0,0.0,0.0,2,0
160,0.10648482965870087,0.17239416761770487,7.458860217288503,1.3320413061279714,7.892715694040022,1.9066910130464336,7.145333429545726,1.7242543086710271,35.46,31.3772805923926,33.46,31.3772805923926,1.1698703268070063,1.2655256693362809,1.177623317248088,1.29773772716217,1.7208081090188072,0.10371970437697631,5.114198527370299,0.898206754810595,0.61,0.0,0.11,0.02,0.06,0.06,0.0,0.0,0.0,0.03,0.0,0.11,0.0,0.22,0.0,0.78,0.0,0.0,0.0,2,0
161,0.07875651812000366,0.16383817786350424,7.338305789882278,1.5467325651580954,7.969319674596097,2.321267777816518,7.586360364043551,1.6212180629062745,35.75,31.469521891519236,33.17,31.55244311724002,0.8570367710749729,1.1801346426681216,0.8618336699364886,1.2396983211760273,1.7092667707243399,0.11901028010975086,5.232845065963712,1.145279876394938,0.55,0.0,0.18,0.03,0.1,0.05,0.0,0.0,0.0,0.05,0.0,0.04,0.0,0.25,0.0,0.74,0.01,0.0,0.0,2,0
162,0.14428018489626743,0.24370368071542406,7.195295850780538,1.5477443097913475,7.803150915103003,2.212597093201259,6.935274308716462,1.9078063872630568,35.15,31.574307097494135,33.17,31.55244311724001,1.330043473878681,1.7494033475644357,1.297048179980161,1.738002377135803,1.7069601452427756,0.10768182741890132,5.1421265833318275,0.9762910574606186,0.49,0.0,0.19,0.02,0.1,0.1,0.0,0.0,0.0,0.04,0.0,0.06,0.0,0.26,0.0,0.74,0.0,0.0,0.0,3,0
163,0.12674096117729985,0.21399658431044608,7.1416431996216945,1.575191039789992,7.994793930910998,2.4331717228369225,7.1276288228290445,1.6869996926151074,33.23,22.3,31.23,22.3,1.1173793276039468,1.4148439393891086,1.0673337381153665,1.3578112441016512,1.698999904267868,0.0921346597927081,5.324967195922059,1.0010002069568793,0.5,0.0,0.24,0.0,0.06,0.1,0.0,0.0,0.0,0.03,0.0,0.07,0.0,0.32,0.0,0.68,0.0,0.0,0.0,2,0
164,0.14632228191181043,0.22093365265586995,7.4308938180851545,1.5217563395715172,7.8443785079563035,2.2089040102172866,6.950538095045503,2.0343699929574472,35.78,31.494293214017443,33.17,31.552443117240017,1.3575639497719567,1.495200302276519,1.3570183746063917,1.510155194881639,1.7263641755151642,0.12404661308250836,5.120231785822012,1.1111597507465205,0.53,0.0,0.13,0.05,0.09,0.08,0.0,0.0,0.0,0.07,0.0,0.05,0.0,0.27,0.01,0.72,0.0,0.0,0.0,3,0
165,0.14521130072120358,0.23987983543920666,7.458438515381216,1.577353599095776,8.316498987786483,2.266115098146153,7.161045326931429,1.8303103632925102,33.23,22.299999999999997,31.23,22.299999999999997,1.1677170216434714,1.444342990256172,1.1340249581886406,1.4269780928721598,1.704373149227752,0.11331094955348288,5.3722274521364,1.0115581540457936,0.46,0.0,0.19,0.04,0.09,0.09,0.0,0.0,0.0,0.05,0.0,0.08,0.0,0.24,0.0,0.76,0.0,0.0,0.0,2,0
166,0.1459367799362486,0.24877859492993643,7.116873704095712,1.4836082157815338,8.046029408653665,2.3814618601478084,6.939105870651485,1.8421882894163923,31.0,0.0,29.0,0.0,1.2764094879598777,1.5528475941794404,1.2016592492334823,1.4648425072987759,1.7044554155046236,0.08579403702809622,5.384170157179528,1.0060527704791322,0.52,0.0,0.23,0.01,0.05,0.13,0.0,0.0,0.0,0.02,0.0,0.04,0.0,0.35,0.0,0.65,0.0,0.0,0.0,2,0
167,0.2118589577340411,0.30295995188252356,7.461824838116885,1.6581329093702977,8.102010838523599,2.3101141342151696,6.457170497446312,1.9321480104227735,31.0,0.0,29.0,0.0,1.657167954205428,1.6114302918049237,1.6116334651089586,1.5829984830813784,1.7254219999115272,0.12244366132832922,5.258280664756876,1.0154572092681728,0.49,0.0,0.16,0.03,0.1,0.1,0.0,0.0,0.0,0.08,0.0,0.04,0.0,0.3,0.0,0.7,0.0,0.0,0.0,2,0
168,0.22171764300596827,0.32869782745885373,7.407327695761619,1.5692921355556386,8.322262353234304,2.536872289418424,6.428686735781026,1.8390533358695627,31.0,0.0,29.0,0.0,1.6500668831864473,1.5211062891681655,1.5987107785668613,1.487902000918215,1.6989894002626684,0.10201760218034518,5.356565814511823,1.0681381301212833,0.5,0.0,0.19,0.04,0.11,0.1,0.0,0.0,0.0,0.01,0.0,0.05,0.0,0.27,0.0,0.73,0.0,0.0,0.0,2,0
169,0.1634675213563996,0.27735242216123357,7.282163345910295,1.6164528615842546,8.022007808846656,2.2792151564953693,6.928846392687418,1.7938861377615827,31.0,0.0,29.0,0.0,1.2800149549542144,1.500258574761706,1.227240465190762,1.4329294894434441,1.7093561293159005,0.10601094879873717,5.259046245870019,0.9846827415404904,0.47,0.0,0.23,0.03,0.08,0.11,0.0,0.0,0.0,0.04,0.0,0.04,0.0,0.3,0.0,0.7,0.0,0.0,0.0,2,0
170,0.16547374230002115,0.2785934757088426,7.16617261065511,1.6102261957721873,7.778511270922488,2.24664260590354,6.845482710280686,1.8006728883622858,31.0,0.0,29.0,0.0,1.3417989099119711,1.4766248530932367,1.2879043937148607,1.4368763917152783,1.7162973872090075,0.10623965702650413,5.165969561905922,0.961179310485578,0.44,0.0,0.22,0.04,0.1,0.08,0.0,0.0,0.0,0.04,0.0,0.08,0.0,0.36,0.0,0.64,0.0,0.0,0.0,2,0
171,0.15892775752225746,0.28626874084410575,7.495389195672808,1.6206348453090815,8.312265413722493,2.445555243988807,7.088398087782622,1.6237390659735322,31.0,0.0,29.0,0.0,1.1463236730554982,1.3043640581368885,1.0961750979301856,1.2454606750303139,1.7145170667550567,0.1045496965279057,5.352706182052941,1.0101116722265573,0.56,0.0,0.19,0.01,0.04,0.08,0.0,0.0,0.0,0.05,0.0,0.07,0.0,0.3,0.0,0.7,0.0,0.0,0.0,2,0
172,0.19906150012440268,0.35212235053418406,7.387077153119752,1.781734750711459,8.392675413592547,2.801157421090754,6.95291064586607,1.842149415978693,31.29,2.9,28.71,2.9,1.2888187894141512,1.5032199862842472,1.21819097604498,1.4052579100844818,1.6928768919016466,0.1062180527745354,5.404742838189358,1.1950795627413877,0.49,0.0,0.25,0.02,0.07,0.08,0.0,0.0,0.0,0.05,0.0,0.04,0.0,0.3,0.0,0.69,0.01,0.0,0.0,2,0
173,0.1644753727653378,0.24194161646155884,7.133052803531774,1.6616559479977664,7.6935228967142315,2.372351111758516,6.9473218207183844,2.124170906592752,31.58,4.0804535299524005,28.42,4.0804535299524005,1.3380926760548038,1.6244451979357695,1.295988989140927,1.5717245204064008,1.7121504355049697,0.11350065160353097,5.112359666132416,1.1850501495489545,0.35,0.0,0.28,0.04,0.1,0.13,0.0,0.0,0.0,0.05,0.0,0.05,0.0,0.31,0.0,0.67,0.02,0.0,0.0,2,0
174,0.19814008146224482,0.307632464893358,7.509455776997701,1.708679557751598,8.301608359987897,2.5975407889095115,6.910728476457072,1.7409065332617073,31.0,0.0,29.0,0.0,1.2693860780850112,1.4248651003143542,1.2116561981641525,1.3553034812187215,1.714730211350691,0.10525587014389194,5.300980235328511,1.0414916615283236,0.55,0.0,0.21,0.0,0.01,0.13,0.0,0.0,0.0,0.06,0.0,0.04,0.0,0.33,0.0,0.67,0.0,0.0,0.0,2,0
175,0.13964657911443998,0.23866775166031484,7.483831846955333,1.5250086334488786,8.545115688706815,2.288478381280587,7.141064136132048,1.6876976677474418,31.0,0.0,29.0,0.0,1.1478191326949427,1.4036895166499501,1.0755628938130155,1.3043130813140644,1.7031271525479343,0.0957598889950125,5.510463512374178,1.0057436460431097,0.59,0.0,0.18,0.0,0.02,0.12,0.0,0.0,0.0,0.05,0.0,0.04,0.0,0.25,0.0,0.75,0.0,0.0,0.0,2,0
176,0.16636944216725172,0.2895670456087335,7.289332257757562,1.5054448115008376,8.277557389041132,2.4780389093906323,6.989557470729311,1.7126766926565529,30.69,3.1,28.71,2.9,1.227718343193592,1.5765092326862442,1.1606966967336532,1.5197822857281447,1.6968695085029457,0.08930256914588575,5.40885540099347,1.0562542431390787,0.57,0.0,0.21,0.02,0.04,0.12,0.0,0.0,0.0,0.01,0.0,0.03,0.0,0.32,0.0,0.68,0.0,0.0,0.0,3,0
177,0.17171374782773227,0.2866941965594525,7.43751687371322,1.6350417280845915,8.291818866074747,2.544981274931044,6.750530266835736,2.0933590775882682,30.38,4.36186411822498,28.42,4.080453529952401,1.5590033748368435,2.0702980457869415,1.2606700335580756,1.4672196615875688,1.713089858428427,0.10996244029259962,5.3654557212555485,1.2779664577381895,0.48,0.0,0.17,0.02,0.06,0.15,0.0,0.0,0.0,0.06,0.0,0.06,0.0,0.23,0.0,0.75,0.02,0.0,0.0,3,0
178,0.19324976065224825,0.33276226222006045,7.361723769377802,1.6023831633580383,8.070305364913441,2.4229389935060013,6.75695090697861,2.085378355172588,30.69,3.099999999999999,28.71,2.9,1.5101027635563173,1.8474722305449451,1.4285675606205763,1.7876486239446934,1.7198258243706745,0.10858993068587779,5.272620677397936,1.0255761853741645,0.6,0.0,0.17,0.01,0.03,0.1,0.0,0.0,0.0,0.06,0.0,0.03,0.0,0.35,0.0,0.65,0.0,0.0,0.0,3,0
179,0.18145551406159796,0.2970811833390645,7.637683248896666,1.6853286725187517,8.466308649006494,2.4020812908316818,6.9417432961509205,1.7902565923125373,31.0,0.0,29.0,0.0,1.300141398142077,1.4209592365416408,1.2572512495214816,1.3724703379599328,1.716516486206765,0.12187608415964002,5.398101988508547,1.0318449810320651,0.55,0.0,0.18,0.02,0.06,0.06,0.0,0.0,0.0,0.08,0.0,0.05,0.0,0.26,0.0,0.74,0.0,0.0,0.0,2,0
180,0.145868936006033,0.29043346821974686,7.339741853281801,1.3544780741159355,7.8703449952954,2.3268972588185823,6.938882257219608,1.9856694899287965,30.4,4.221158824088691,28.42,4.080453529952401,1.3799702421240416,1.7366283017462634,1.1521684277488893,1.2738487984825184,1.716931943837372,0.09399936360586272,5.118806145190133,1.1763694934566047,0.64,0.0,0.13,0.02,0.06,0.07,0.0,0.0,0.0,0.02,0.0,0.06,0.0,0.29,0.0,0.69,0.0,0.02,0.0,3,0
181,0.11563145953964794,0.22939678281082584,7.31246176650064,1.521175144388271,8.076249589042026,2.1339031059297433,7.393783466759545,1.8468233207607676,31.0,0.0,29.0,0.0,1.0377139918307972,1.525105558174337,0.9616834111044612,1.3939019870428309,1.717891252730556,0.1041376331729297,5.317646387365951,0.9725292437046646,0.51,0.0,0.2,0.01,0.05,0.14,0.0,0.0,0.0,0.05,0.0,0.04,0.0,0.3,0.0,0.7,0.0,0.0,0.0,2,0
182,0.11914144822043143,0.17517701826918616,7.381945924146173,1.3930984122222891,8.241832144644608,2.143630422236793,7.0362353768263555,1.7455736686911751,31.0,0.0,29.0,0.0,1.22945670873463,1.3806253252646974,1.1789987017287236,1.3175816111098604,1.7104357056893167,0.09364170796761839,5.374922702328031,0.9737474335186441,0.56,0.0,0.15,0.03,0.05,0.09,0.0,0.0,0.0,0.03,0.0,0.09,0.0,0.28,0.0,0.72,0.0,0.0,0.0,2,0
183,0.12139565818248117,0.24259676423059182,7.2283531061122686,1.4675649729410822,8.139513319995816,2.2699873416133403,7.149216939628091,1.8868443224190172,30.69,3.0999999999999996,28.71,2.9,1.204625089022835,1.7024789735625165,1.145696092744925,1.6266064833597194,1.701882612528258,0.10037524914014105,5.3723019077531395,1.037211613567258,0.57,0.0,0.19,0.02,0.08,0.09,0.0,0.0,0.0,0.02,0.0,0.03,0.0,0.3,0.0,0.7,0.0,0.0,0.0,3,0
184,0.11820281791075934,0.207111166331462,7.426528727710413,1.619679593297645,8.383880677478192,2.2888002241240546,7.30839186167228,1.6156487875198366,31.0,0.0,29.0,0.0,1.0145194991336572,1.280854577577924,0.976380095622675,1.2386374377317455,1.7013163659993287,0.11417388138453105,5.446050852430644,1.0329572175144703,0.5,0.0,0.2,0.03,0.1,0.07,0.0,0.0,0.0,0.06,0.0,0.04,0.0,0.26,0.0,0.74,0.0,0.0,0.0,2,0
185,0.10753635808945664,0.16651482606600373,7.2489505799721545,1.6278399729764266,7.718481996864479,2.2361543669154798,7.185080911861607,1.776135361494725,35.78,31.494293214017443,33.17,31.552443117240013,1.100305842474962,1.3347047563224241,1.081145426430128,1.3250805969429447,1.721986151673166,0.11840174192292226,5.111507532938994,1.0925664723336412,0.43,0.0,0.21,0.04,0.11,0.08,0.0,0.0,0.0,0.06,0.0,0.07,0.0,0.3,0.01,0.69,0.0,0.0,0.0,3,0
186,0.11157768539379477,0.17679387922833573,7.27823124799625,1.493599683863656,7.931771526779768,2.0932125445667475,7.088164884145482,1.74927287226577,37.69,38.23259358350166,35.69,38.23259358350166,1.1734694386926126,1.398467679493499,1.1450763741774364,1.3732897740316181,1.7151258815020243,0.1074256900300957,5.227026451355124,0.9947568226669481,0.53,0.0,0.19,0.03,0.07,0.1,0.0,0.0,0.0,0.05,0.0,0.03,0.0,0.28,0.0,0.72,0.0,0.0,0.0,2,0
187,0.15389795435539433,0.26010585657217944,7.360530451286698,1.6289199907076382,8.087773174309667,2.294494660708033,7.0233405614143125,1.8197161297986262,32.92,22.545433365907293,30.94,22.516804050452293,1.2197521625220349,1.6439330800511045,1.1643135161184497,1.5767615467253675,1.7156676670073279,0.10547283117951232,5.277287702606186,1.0005721872328834,0.58,0.0,0.22,0.0,0.0,0.09,0.0,0.0,0.0,0.07,0.0,0.04,0.0,0.33,0.0,0.67,0.0,0.0,0.0,3,0
188,0.1651634479226583,0.2688934729924438,7.221226097431898,1.6546016199284574,8.118023352457785,2.3946751788370157,6.787307216566018,1.7723622462217528,30.69,3.099999999999999,28.71,2.9,1.3602093303822298,1.6733371082791142,1.3073037608441465,1.633044084591689,1.701236790383501,0.10294754605185011,5.346698538323425,1.0449050163546585,0.43,0.0,0.24,0.02,0.08,0.13,0.0,0.0,0.0,0.04,0.0,0.06,0.0,0.3,0.0,0.7,0.0,0.0,0.0,3,0
189,0.20399857242107333,0.3046192817952401,7.307938645633872,1.6401477310774621,8.138593023176288,3.0158200146978142,6.400155437524287,2.2874315283014774,32.64,23.3287960956567,27.55,6.352244493170118,1.693040370888046,2.0596764704031933,1.384502212842709,1.4944275951505797,1.705156846212467,0.09813780228616885,5.267425297084085,1.5104445327018088,0.55,0.0,0.15,0.01,0.05,0.17,0.0,0.0,0.0,0.03,0.0,0.04,0.0,0.28,0.0,0.69,0.02,0.0,0.0,4,0
190,0.16592383675110445,0.28522693281001626,7.3260568943447595,1.5280070824767207,8.155815519573352,2.389723327853307,6.888494031883105,1.7449592370222184,31.0,0.0,29.0,0.0,1.29685661942554,1.4420442607766286,1.2311990307483176,1.3678330365806262,1.7134315770329727,0.088553755263702,5.327825186459657,0.9845059383442114,0.59,0.0,0.2,0.01,0.01,0.11,0.0,0.0,0.0,0.03,0.0,0.05,0.0,0.32,0.0,0.68,0.0,0.0,0.0,2,0
191,0.12750500220147898,0.24005798755420948,7.384213398391562,1.3954048354049646,8.192640873894266,2.272042872986557,7.117727428931325,1.624756276173076,31.0,0.0,29.0,0.0,1.1568403731445502,1.2804705789290873,1.1112717744021905,1.2423673746927357,1.7131369281967828,0.09989858020765839,5.339166691305366,0.9907209916543624,0.6,0.0,0.13,0.02,0.09,0.07,0.0,0.0,0.0,0.02,0.0,0.07,0.0,0.28,0.0,0.72,0.0,0.0,0.0,2,0
192,0.1709928813247328,0.2928792324939931,7.302362011388151,1.5561280449833417,8.160973538907067,2.4119687365142877,6.933646869162653,1.749416814780598,31.0,0.0,29.0,0.0,1.2739665826534377,1.4285199179042003,1.2377098795995187,1.4189990806270394,1.7007036714710355,0.10195628545767928,5.325490166235676,1.0385403467705032,0.51,0.0,0.21,0.04,0.12,0.06,0.0,0.0,0.0,0.01,0.0,0.05,0.0,0.28,0.0,0.72,0.0,0.0,0.0,2,0
193,0.20932872845389736,0.31773958088971593,7.145852844035552,1.8676700367082653,7.817280372799155,2.481316505515457,6.440738465947825,1.7173977786366705,31.0,0.0,29.0,0.0,1.5551676751586248,1.5292269082766619,1.4912836367522144,1.492493339357217,1.7062416977892623,0.12355959843095585,5.1739315650749855,1.0260301778872458,0.36,0.0,0.29,0.04,0.14,0.07,0.0,0.0,0.0,0.07,0.0,0.03,0.0,0.35,0.0,0.65,0.0,0.0,0.0,2,0
194,0.2870104914106848,0.3941437462157128,7.4657916534366,1.7546745736580125,8.403259303999373,2.780749252569549,6.121040363625337,2.130409321036154,30.07,5.314844847930723,28.13,4.971951631935191,2.029514102110665,2.2026248274874294,1.722700078260933,1.7258137788580306,1.695732020606591,0.11370497818554,5.3482743698956146,1.3385809974575626,0.49,0.0,0.17,0.04,0.12,0.07,0.0,0.0,0.0,0.05,0.0,0.06,0.0,0.24,0.0,0.74,0.02,0.0,0.0,3,0
195,0.3045422126189804,0.4366021512590956,7.545247031717209,1.63623645757565,8.787106016351675,2.964373244828672,6.412752236553575,1.82701699107135,31.33,3.3000000000000007,28.71,2.9,1.6948508688683084,1.6073472310400503,1.5646472409141265,1.4739516410587317,1.6903273079720191,0.08911285836799646,5.570876927853387,1.2529443542654315,0.53,0.0,0.18,0.02,0.06,0.15,0.0,0.0,0.0,0.01,0.0,0.05,0.0,0.27,0.0,0.72,0.01,0.0,0.0,2,0
196,0.23900184539165925,0.3637674856251709,7.182747227937431,1.5641247958519002,6.727254322362171,3.701143672632619,6.76464899597139,2.2235758046732337,36.61,12.458330546265016,24.07,10.948229873990467,1.5480095193815173,1.7632769827915322,1.4792492798430095,1.7213184999397582,1.7428009386698449,0.11899836304667605,4.370242292345704,2.1822109711653983,0.49,0.0,0.17,0.04,0.11,0.1,0.0,0.0,0.0,0.03,0.0,0.06,0.0,0.22,0.0,0.61,0.17,0.0,0.0,2,0
197,0.09146862161563588,0.21428503436682247,6.8713806383117415,1.4715638186288422,4.523059680244632,4.206782684413468,7.947124467148382,1.7411886531099832,44.86,16.36948380371232,16.82,14.38530394871689,0.7172456408796394,1.2455611464244847,0.6781910838532424,1.2732052405497416,1.7870168990268183,0.12408853049678092,2.964615205024981,2.637104673669325,0.62,0.0,0.16,0.03,0.05,0.05,0.0,0.0,0.0,0.05,0.0,0.04,0.0,0.18,0.0,0.4,0.42,0.0,0.0,2,0
198,0.22915046109110335,0.4088782508899969,7.32498770971776,1.7132762462305944,7.986766307469063,3.00254777772336,6.804775533562391,2.0725441370251296,29.8,5.908391567007971,27.84,5.711445181441038,1.4519338165167395,2.0881275623334936,0.9966043420371747,1.2468075216719916,1.7073340037088738,0.10989440533623294,5.1989656998900875,1.4960707077135509,0.53,0.0,0.22,0.01,0.06,0.1,0.0,0.0,0.0,0.06,0.0,0.02,0.0,0.3,0.0,0.66,0.0,0.04,0.0,3,0
199,0.14813195825956293,0.2799756669075604,7.393654265966671,1.6900814327650968,8.17512539273148,2.432755913491438,7.069713247069736,1.694384584263376,30.69,3.0999999999999996,28.71,2.9,1.1680131216641394,1.5652583534791074,1.1249060962330348,1.5222557056525938,1.7134061818645105,0.11502302360640895,5.3265973225931385,1.0449031874601589,0.55,0.0,0.21,0.02,0.03,0.08,0.0,0.0,0.0,0.07,0.0,0.04,0.0,0.33,0.0,0.67,0.0,0.0,0.0,3,0
200,0.16902218338902866,0.2876014126088319,7.171145633463823,1.4119757039794525,8.159023131716479,2.346642776195983,6.868852380255662,1.9438899096461275,31.0,0.0,29.0,0.0,1.3783340026938162,1.643674366113705,1.2814019779698793,1.5303493490333702,1.7068585023431129,0.08611518166416064,5.4281779894914655,1.0136946329979828,0.59,0.0,0.2,0.01,0.03,0.15,0.0,0.0,0.0,0.02,0.0,0.0,0.0,0.34,0.0,0.66,0.0,0.0,0.0,2,0
201,0.16550762421932494,0.3042719326906207,7.283263000352888,1.544638767468972,7.525678544086047,3.191125058796176,7.323025615951692,2.216701015707607,48.84,60.80316312877683,26.68,7.907137805984432,1.1687216245327043,1.548246221855275,1.089666104708594,1.4450783326457723,1.725674888147573,0.1163219600390492,4.897699397834733,1.7390778396464317,0.61,0.0,0.22,0.01,0.01,0.08,0.0,0.0,0.0,0.03,0.0,0.04,0.0,0.31,0.0,0.61,0.08,0.0,0.0,2,0
202,0.19582810286813637,0.3496165929764553,7.437249682351311,1.5647653590485253,8.044189320946415,3.0323785184067433,7.22919943397099,2.1343634644205536,42.15,48.84656972334264,27.55,6.352244493170119,1.220818929737558,1.5921422844100859,1.1591340004222779,1.5165607615340544,1.7194410656873713,0.12071344887541469,5.214115387990009,1.571392655918597,0.54,0.0,0.19,0.01,0.05,0.12,0.0,0.0,0.0,0.04,0.0,0.05,0.0,0.27,0.0,0.68,0.05,0.0,0.0,2,0
203,0.15841050152354008,0.30096168580933824,7.034722395959634,1.5629033351136092,6.9876712823387095,3.331266017676705,7.218343027625071,2.4867755443778514,55.22,70.30375365354098,25.52,9.47136033876162,1.3684022937068325,1.8673208547938889,1.2793410408345873,1.767589332291131,1.742384695919243,0.1376104488231597,4.737546645356859,1.9364841947438538,0.49,0.0,0.22,0.02,0.08,0.13,0.0,0.0,0.0,0.04,0.0,0.02,0.0,0.33,0.0,0.56,0.11,0.0,0.0,3,0
204,0.18315838843551918,0.3142596385650679,7.336556054270917,1.6424521162667571,8.164052465766648,2.446214108596219,7.038080201732769,1.9436677250813712,33.23,22.3,28.71,2.9,1.2620601527980895,1.57027194800415,1.2099009156766223,1.497154055797308,1.704538419811327,0.11488145796623354,5.328605338638221,1.143882660466969,0.45,0.0,0.23,0.03,0.1,0.12,0.0,0.0,0.0,0.05,0.0,0.02,0.0,0.26,0.0,0.73,0.01,0.0,0.0,2,0
205,0.1150687612132445,0.22544838055621585,7.386120447948628,1.5107539243446555,7.826112753791497,2.9397089429025507,7.594746671095179,1.9965526249800445,44.38,53.22636621643507,27.26,6.921814440702319,0.9676731182821715,1.4008524417446222,0.9229886090160612,1.3293935370594312,1.7272951190641521,0.12170611157991931,5.110497339955649,1.6350800404969428,0.56,0.0,0.19,0.02,0.02,0.12,0.0,0.0,0.0,0.06,0.0,0.03,0.0,0.27,0.0,0.67,0.06,0.0,0.0,2,0
206,0.09144982941673191,0.18215485131702944,7.3944309466196945,1.3378353121639193,8.149028913505054,2.402002250334569,7.50693408397847,1.6230809558317225,35.46,31.377280592392605,28.42,4.0804535299524005,0.9133818143930803,1.2164200347918133,0.8714448335908639,1.1534615150514549,1.7120968856810106,0.09959818178410008,5.299568672414143,1.2395334940528224,0.68,0.0,0.16,0.01,0.03,0.07,0.0,0.0,0.0,0.02,0.0,0.03,0.0,0.26,0.0,0.72,0.02,0.0,0.0,2,0
207,0.18910103247244586,0.3176623665722317,7.171404286343968,1.4013063965807209,8.38750927836519,2.518240563331695,6.666729816902182,1.783236769957694,31.0,0.0,29.0,0.0,1.5064161124942543,1.5211583182915847,1.380485408853486,1.4041770157526257,1.6929243470922755,0.07892525202515563,5.551413394324294,1.0518809804605016,0.56,0.0,0.16,0.02,0.09,0.15,0.0,0.0,0.0,0.0,0.0,0.02,0.0,0.33,0.0,0.67,0.0,0.0,0.0,2,0
208,0.17062353262804922,0.29616512636561615,7.236453258804148,1.7611045546930757,8.056483234294031,2.7828470458246657,6.933705465184351,2.0685933309485445,37.39,38.46969028608199,27.84,5.711445181441037,1.2616607208615256,1.745188411252541,1.2050374881319008,1.702166976937386,1.6962994644823473,0.1150401038014805,5.269211099385625,1.392785437514232,0.46,0.0,0.24,0.03,0.06,0.13,0.0,0.0,0.0,0.05,0.0,0.03,0.0,0.27,0.0,0.7,0.01,0.0,0.0,5,0
209,0.11656664127033753,0.1896688162965068,7.2451151840554795,1.6100803543441884,8.023655132619007,2.2944648835011976,7.174417368372616,1.6192380671896767,31.0,0.0,29.0,0.0,1.083798803655071,1.3337055522260244,1.0357097272221913,1.2865525430398677,1.7110892570215963,0.11459764309904354,5.296875935264788,1.0414709031377134,0.45,0.0,0.22,0.03,0.11,0.12,0.0,0.0,0.0,0.05,0.0,0.02,0.0,0.29,0.0,0.71,0.0,0.0,0.0,2,0
210,0.1447306886708399,0.22580512394688462,7.622097709207765,1.4344720016333645,8.532173559210765,2.394502206198806,6.967057083305607,1.8204248127973488,31.0,0.0,29.0,0.0,1.299681781634484,1.3973772484832183,1.252001657495141,1.366178783338928,1.709028232839806,0.09924288769776679,5.413448891486736,1.0745841165975767,0.73,0.0,0.12,0.01,0.02,0.03,0.0,0.0,0.0,0.04,0.0,0.05,0.0,0.29,0.0,0.71,0.0,0.0,0.0,2,0
211,0.16976565365777696,0.22777552710719434,7.458887209187625,1.5593667455655216,8.160700436888268,2.5362245842333597,6.543511260493747,2.072513651954148,30.38,4.36186411822498,28.42,4.080453529952401,1.6883764085724342,1.9997806869620098,1.4098809046400809,1.442330812226661,1.7123763629234054,0.099857367278778,5.229768611041971,1.2540876064461917,0.63,0.0,0.15,0.01,0.03,0.07,0.0,0.0,0.0,0.04,0.0,0.07,0.0,0.28,0.0,0.7,0.02,0.0,0.0,3,0
212,0.17143393447797564,0.2778986670538607,7.397392560597568,1.5180806486807514,8.562408121580715,2.481455691280379,6.967725181381124,1.6936086407105269,30.69,3.0999999999999996,28.71,2.9,1.2475285604238129,1.535991818579537,1.1813268498735643,1.49083200595514,1.6892129708836463,0.08058196904876379,5.521305138233638,1.0734812258737711,0.64,0.0,0.21,0.0,0.0,0.08,0.0,0.0,0.0,0.03,0.0,0.04,0.0,0.28,0.0,0.72,0.0,0.0,0.0,3,0
213,0.1522910019456359,0.2515182497214796,7.53808630453152,1.545873621439877,8.474392884116057,2.196586648460137,7.086646795583215,1.8249243607702865,31.0,0.0,29.0,0.0,1.2309462368668236,1.4970617618317537,1.157900854399736,1.397646131902321,1.7129123910235524,0.10301960082895249,5.450094785272235,1.004068851369434,0.59,0.0,0.16,0.0,0.03,0.1,0.0,0.0,0.0,0.06,0.0,0.06,0.0,0.26,0.0,0.74,0.0,0.0,0.0,2,0
214,0.15584975226341438,0.2927755374321223,7.130754553500862,1.621167105626906,7.622183487620722,2.380271102501652,6.881749170968018,2.094403468649012,30.4,4.221158824088691,28.42,4.080453529952401,1.3760490295134011,1.9215952627613386,1.1509732003761275,1.4905824532400043,1.7202946489859798,0.11252321836819297,5.1228532195883645,1.2235996472035626,0.44,0.0,0.25,0.03,0.07,0.11,0.0,0.0,0.0,0.06,0.0,0.04,0.0,0.35,0.0,0.63,0.0,0.02,0.0,3,0
215,0.15488568571626868,0.22053063910433407,7.289332163957406,1.7496454781899673,7.944307434954263,2.1266412826478316,6.847829933945163,1.9149422725584377,31.0,0.0,29.0,0.0,1.3611648323141767,1.6146339590813195,1.299240776917881,1.5299701799248862,1.720264232199632,0.12039077806057698,5.229963526371973,0.9752463227838387,0.39,0.0,0.25,0.02,0.09,0.12,0.0,0.0,0.0,0.09,0.0,0.04,0.0,0.29,0.0,0.71,0.0,0.0,0.0,2,0
216,0.15501436222994489,0.23308889420602094,7.492927249204529,1.490263243790394,8.475430007335325,2.273760830400425,6.834335039391146,1.830678744018422,31.0,0.0,29.0,0.0,1.3689405963085206,1.4948411735779736,1.3506641903261838,1.504393093123471,1.7033214732575181,0.12186322542905771,5.491819683699586,1.0895674201406003,0.51,0.0,0.16,0.05,0.15,0.07,0.0,0.0,0.0,0.04,0.0,0.02,0.0,0.21,0.0,0.79,0.0,0.0,0.0,2,0
217,0.1292225673933844,0.20903769444881481,7.286040528212302,1.5268781536481566,8.17309784003179,2.214530902300117,7.165486578654351,1.7175362917601373,31.0,0.0,29.0,0.0,1.1254575773678022,1.3989900194856224,1.0665233352921808,1.3249161314559987,1.7054199955473393,0.10217653092988789,5.3643001344476735,1.0261342893118912,0.51,0.0,0.21,0.04,0.07,0.1,0.0,0.0,0.0,0.04,0.0,0.03,0.0,0.29,0.0,0.71,0.0,0.0,0.0,2,0
218,0.084194919034717,0.15844038057882362,7.203060923671019,1.518791360240957,8.140987368900408,2.4956396869504873,7.301088337582996,1.807201826010946,30.38,4.361864118224979,28.42,4.080453529952401,1.1069620839659786,1.861221599872211,0.8320561511033294,1.1218938821213154,1.6943564165949534,0.09828848270938716,5.352944362627812,1.281672537257101,0.57,0.0,0.19,0.02,0.08,0.09,0.0,0.0,0.0,0.03,0.0,0.02,0.0,0.26,0.0,0.72,0.02,0.0,0.0,3,0
219,0.1411195933520957,0.24701793459454963,7.352788960853335,1.5922900812337808,8.294817483591968,2.2425153652415726,7.101967837178128,1.8029578610087478,31.0,0.0,29.0,0.0,1.1875319450781003,1.5192553014712908,1.1181555675511274,1.4172984618287838,1.7088535439528179,0.10931624017347072,5.431936245885141,1.0321658317734186,0.47,0.0,0.21,0.02,0.07,0.14,0.0,0.0,0.0,0.06,0.0,0.03,0.0,0.27,0.0,0.73,0.0,0.0,0.0,2,0
220,0.1366808718531398,0.22785174097907698,7.288727356550836,1.6976273304283485,7.723810548073526,2.28773103081476,7.108285798259829,1.6757943036187926,31.0,0.0,29.0,0.0,1.1231791990069093,1.357396480867677,1.0576462641943687,1.2758000780457905,1.7312739086335216,0.11081239101373536,5.090790250324912,0.9534571063256441,0.52,0.0,0.24,0.02,0.03,0.07,0.0,0.0,0.0,0.07,0.0,0.05,0.0,0.39,0.0,0.61,0.0,0.0,0.0,2,0
221,0.14032534043730038,0.20650697533410228,7.3820935693114755,1.46186641360577,8.255352245089005,2.2016732844032787,6.954833652567223,2.0015574828475895,31.0,0.0,29.0,0.0,1.338435391360494,1.6251667957958489,1.2630962791283569,1.5326696441364407,1.710693527594425,0.10094117605121967,5.394456349363534,1.0218354173118316,0.61,0.0,0.17,0.01,0.03,0.1,0.0,0.0,0.0,0.05,0.0,0.03,0.0,0.3,0.0,0.7,0.0,0.0,0.0,2,0
222,0.11490114142387992,0.17151301326744292,7.235869467456148,1.5846943140343173,7.75280626550568,2.3530808707628035,6.731635610365166,2.0631410201785374,30.38,4.36186411822498,28.42,4.0804535299524005,1.5298051133701909,1.978575078371889,1.2844400319337195,1.4418560428306213,1.7120926426034644,0.10723870256875452,5.064395656234296,1.194811673849073,0.57,0.0,0.19,0.02,0.09,0.05,0.0,0.0,0.0,0.04,0.0,0.04,0.0,0.29,0.0,0.69,0.02,0.0,0.0,3,0
223,0.19204381973509846,0.3476948885387858,7.370373634004368,1.4427486145759802,8.436577288245399,2.4445804488463376,6.799557506721289,2.1449034617115355,30.38,4.361864118224981,28.42,4.080453529952401,1.5301327906538327,2.014360960743245,1.4363291175300459,1.9327115421141732,1.698655934840156,0.09706501459016054,5.4803700336268255,1.112090330995139,0.63,0.0,0.15,0.02,0.05,0.12,0.0,0.0,0.0,0.02,0.0,0.01,0.0,0.29,0.0,0.71,0.0,0.0,0.0,3,0
224,0.1529912077787938,0.22127760080148504,7.350789244631593,1.5966055241377015,7.759622882047895,1.8844517764996165,6.563167145305804,1.9356967351023355,30.69,3.1,28.71,2.9,1.5975020462402674,1.6778199857849072,1.5537411218573687,1.650884654337041,1.732830528598779,0.1208637849740234,5.070195190162015,0.9389933695793188,0.5,0.0,0.16,0.03,0.11,0.09,0.0,0.0,0.0,0.08,0.0,0.03,0.0,0.29,0.0,0.71,0.0,0.0,0.0,3,0
225,0.10289515084950004,0.22072937613287782,7.3048033367248,1.4897700156968532,8.069111119772673,2.205433939654403,7.3110061896362435,1.56256614730332,31.0,0.0,29.0,0.0,0.9935981526365198,1.250178319482918,0.9595006421853343,1.1917231661152243,1.7109163834003533,0.10762007395590982,5.2984567812325,1.0298781241102415,0.56,0.0,0.18,0.03,0.08,0.08,0.0,0.0,0.0,0.04,0.0,0.03,0.0,0.3,0.0,0.7,0.0,0.0,0.0,2,0
226,0.13262304261879432,0.23376482317146555,7.477773626340028,1.4849036251608991,8.263832346961383,2.297838864381327,7.0837398675694665,1.7339026100285837,37.69,38.23259358350166,35.69,38.23259358350166,1.1934920330988839,1.3697675241662417,1.157772160911526,1.3341624005121089,1.7135775677778107,0.10789493221220131,5.326894857177058,1.0608865437154407,0.64,0.0,0.14,0.02,0.03,0.09,0.0,0.0,0.0,0.06,0.0,0.02,0.0,0.28,0.0,0.72,0.0,0.0,0.0,2,0
227,0.16424586748170444,0.3657338548354988,7.352107131512506,1.4850076985634,7.997500492136413,2.841116374057028,7.082640379989709,2.0253866952191384,36.49,38.89548154797013,34.53,38.85909666911204,1.2894879097825678,1.9621660720369856,0.8783118218266683,1.0753039028668736,1.6967266148512496,0.0996157338019501,5.1605169136553295,1.4905517021558297,0.69,0.0,0.15,0.01,0.06,0.03,0.0,0.0,0.0,0.04,0.0,0.02,0.0,0.25,0.0,0.71,0.0,0.04,0.0,3,0
228,0.12669753190870345,0.19515475701630036,7.080748741903675,1.382308150813147,7.709111469297418,2.1747818491054507,6.898436529887021,1.8470486295726867,35.46,31.3772805923926,33.46,31.3772805923926,1.314711512715313,1.495429057405803,1.2407288072302953,1.4292945696118557,1.71217932415702,0.08340994313301003,5.146180880606227,0.9657028839870255,0.64,0.0,0.2,0.02,0.03,0.08,0.0,0.0,0.0,0.01,0.0,0.02,0.0,0.38,0.0,0.62,0.0,0.0,0.0,2,0
229,0.14530173139335084,0.18248742033553395,7.159778830231087,1.388973519322839,7.772145406674399,1.9168879585214593,6.394790060883922,2.0057348514289504,35.46,31.377280592392598,33.46,31.3772805923926,1.745562933871888,1.634582488963999,1.670237560970393,1.5628020745060656,1.7185449187206923,0.10353565359528058,5.167156741611004,0.960239758546985,0.56,0.0,0.15,0.02,0.12,0.1,0.0,0.0,0.0,0.03,0.0,0.02,0.0,0.29,0.0,0.71,0.0,0.0,0.0,2,0
230,0.15560416786298048,0.2357839544122632,7.398651748796919,1.4842922686799738,7.976864983266329,2.1032803663219313,6.473611019238735,1.9759157861468815,35.15,31.574307097494138,33.17,31.552443117240017,1.6784355299793685,1.7532250756950494,1.6552932208288853,1.7471975700785218,1.7217439035763147,0.11861178907485467,5.213480053863484,1.0200730218900058,0.6,0.0,0.12,0.02,0.11,0.05,0.0,0.0,0.0,0.05,0.0,0.05,0.0,0.28,0.0,0.72,0.0,0.0,0.0,3,0
231,0.1276234779258062,0.23090048694960794,7.460127125519664,1.4241578602624232,8.276536567452817,2.309216617728311,7.17148269224806,1.7007854108776392,33.23,22.3,31.23,22.3,1.126681482111484,1.3108417316110352,1.1027202448332307,1.3262317187782073,1.7047898768882772,0.09732733431884254,5.315313841830642,1.058919805095158,0.65,0.0,0.14,0.03,0.05,0.05,0.0,0.0,0.0,0.02,0.0,0.06,0.0,0.29,0.0,0.71,0.0,0.0,0.0,2,0
232,0.2220013161063122,0.30261555409554447,7.348553142202962,1.5202030320998023,7.945866820893334,2.6492610229002214,6.200417372351143,1.8024278035650574,37.67,38.11864916469909,33.17,31.552443117240017,1.8240191183456245,1.4649271110508952,1.7653176527057897,1.4859368265085917,1.7164041009621283,0.10630830225631015,5.138406041744278,1.1833901499166988,0.6,0.0,0.14,0.04,0.11,0.06,0.0,0.0,0.0,0.01,0.0,0.04,0.0,0.32,0.0,0.67,0.01,0.0,0.0,3,0
233,0.16716868335505886,0.26630899667287683,7.567266689022524,1.5835660643856855,8.483464258978145,2.5409916800384607,6.875237012374826,1.9101280484233685,37.7,38.49216108049098,35.11,38.551525274755356,1.3601201783140706,1.4090503890871997,1.3444780744114373,1.4126242978179318,1.7025444976196196,0.11193730134770587,5.398242252067737,1.227996241285611,0.61,0.0,0.12,0.04,0.08,0.04,0.0,0.0,0.0,0.06,0.0,0.05,0.0,0.23,0.01,0.76,0.0,0.0,0.0,4,0
234,0.15000612891599416,0.22088856472847754,7.285435327947581,1.6446767434223322,7.784862941890262,2.2087131770607544,6.696453637961164,1.8680194242855153,35.46,31.377280592392605,33.46,31.377280592392605,1.4431288110830232,1.528834823571784,1.425832142076363,1.5172037729977617,1.7233182583536162,0.11837376063419318,5.13355635732354,0.9943493417877752,0.52,0.0,0.23,0.02,0.08,0.07,0.0,0.0,0.0,0.05,0.0,0.03,0.0,0.32,0.0,0.68,0.0,0.0,0.0,2,0
235,0.16936445455085322,0.24999943937416225,7.321561606904329,1.42673601760797,8.200908563462223,2.3908258795818007,6.533251780131739,1.982480405396117,33.23,22.299999999999997,31.23,22.299999999999997,1.6034246269935781,1.6532030749933484,1.546937239806457,1.5963518393826996,1.7092049260370485,0.09772029960733264,5.371033842646131,1.085393183917274,0.64,0.0,0.14,0.03,0.06,0.1,0.0,0.0,0.0,0.03,0.0,0.0,0.0,0.32,0.0,0.68,0.0,0.0,0.0,2,0
236,0.22015259752355523,0.31923639892566696,7.511047098253476,1.5694066096990826,8.753169242912287,2.695352956857877,6.598353343419984,1.7223326728341013,33.23,22.3,31.23,22.3,1.5076259147349378,1.4860128987088,1.4117919181914373,1.3909140079116984,1.6932092828855037,0.09500613863048589,5.602489793336431,1.133838944210587,0.61,0.0,0.18,0.02,0.06,0.1,0.0,0.0,0.0,0.02,0.0,0.01,0.0,0.27,0.0,0.73,0.0,0.0,0.0,2,0
237,0.19794238167089862,0.33254416837347733,7.472252211537577,1.7227068680756576,8.230043100536527,2.544467879342108,6.853251916370182,1.6833789544543012,37.69,38.23259358350166,35.69,38.23259358350166,1.2946876177323605,1.3792387477873596,1.2517780029144687,1.323308202577762,1.7065850538454364,0.11786901833166098,5.246646897213212,1.0866354489578867,0.52,0.0,0.2,0.03,0.1,0.07,0.0,0.0,0.0,0.05,0.0,0.03,0.0,0.27,0.0,0.73,0.0,0.0,0.0,2,0
238,0.15173045904892268,0.30277806492270887,7.120190074958703,1.657928375232424,7.906875404756493,2.4862996763395957,6.97075245128168,1.6824969905105764,37.38,38.41263996513269,35.4,38.39349692409648,1.2057500550350009,1.6189598616396275,1.1571104905354148,1.588178236840984,1.6956133325386133,0.09897779745699481,5.2224691582954055,1.0639588362229666,0.53,0.0,0.26,0.02,0.05,0.09,0.0,0.0,0.0,0.03,0.0,0.02,0.0,0.34,0.0,0.66,0.0,0.0,0.0,3,0
239,0.1971940230810968,0.3164547726561887,7.444000225448323,1.367016901233702,8.648265473585425,2.3503851763101506,6.841837517409056,1.914738967405934,35.46,31.377280592392605,33.46,31.377280592392605,1.4095868695434248,1.6173253499573232,1.3168950186455166,1.523994976679649,1.6967679035274443,0.08356595449368716,5.584828862164962,1.0666827701457147,0.6,0.0,0.16,0.01,0.04,0.16,0.0,0.0,0.0,0.01,0.0,0.02,0.0,0.23,0.0,0.77,0.0,0.0,0.0,2,0
240,0.2340685456573871,0.34490191824790006,7.184122425821969,1.7130048937256925,7.997360784850389,2.447265732499929,6.329914646100146,1.9159514890863483,39.92,43.91904398142593,37.92,43.91904398142593,1.7090150015067733,1.6757276415637363,1.6615937547014406,1.636490068260499,1.7030740748206699,0.11711668586601197,5.2892855640455885,1.0778100221503468,0.44,0.0,0.24,0.03,0.12,0.12,0.0,0.0,0.0,0.05,0.0,0.0,0.0,0.31,0.0,0.69,0.0,0.0,0.0,2,0
241,0.19715501409841277,0.2741607823690163,7.245919957127866,1.6729455106132611,7.893155228496,2.2604112214624714,6.412429694732822,1.93048092158107,37.69,38.232593583501654,35.69,38.232593583501654,1.6765100556815988,1.6455627899352363,1.6248703477365876,1.609922776981719,1.7165859064169289,0.12349912312703563,5.212865369762461,1.0458820303447827,0.42,0.0,0.22,0.05,0.14,0.11,0.0,0.0,0.0,0.06,0.0,0.0,0.0,0.28,0.0,0.72,0.0,0.0,0.0,2,0
242,0.20197762437431632,0.3169148130501666,7.277943844448015,1.768631806233119,7.926238461383548,2.449274779732193,6.645289463124485,1.9314003916616693,35.15,31.574307097494138,33.17,31.552443117240017,1.5030247571300666,1.7696155461656593,1.4747977600964106,1.7665079739971892,1.7105949675601884,0.12239074657835666,5.19594535129596,1.0518044998485916,0.48,0.0,0.24,0.03,0.09,0.08,0.0,0.0,0.0,0.06,0.0,0.02,0.0,0.33,0.0,0.67,0.0,0.0,0.0,3,0
243,0.2273023216572488,0.3719615369914862,7.464020532963055,1.664659361008571,8.388776589166058,2.582050211190863,6.793289340048827,1.86020383782188,35.46,31.3772805923926,33.46,31.3772805923926,1.4074905424215833,1.5782227592181943,1.327088501905848,1.4988022131881247,1.7042325524819402,0.10658122814979425,5.377340632924108,1.100261196996246,0.56,0.0,0.2,0.03,0.06,0.1,0.0,0.0,0.0,0.04,0.0,0.01,0.0,0.28,0.0,0.72,0.0,0.0,0.0,2,0
244,0.20071626190150268,0.3291373875690446,7.438317580106998,1.558287633780228,8.592798840839135,2.618742493858306,6.8571544437089695,1.8051663386027939,39.92,43.91904398142592,37.92,43.91904398142592,1.3527579471074922,1.5231140905564757,1.2749441926718312,1.4576865346176577,1.689335163527075,0.09184292486021006,5.514925648331698,1.1266655923643856,0.64,0.0,0.19,0.01,0.03,0.1,0.0,0.0,0.0,0.03,0.0,0.0,0.0,0.26,0.0,0.74,0.0,0.0,0.0,2,0
245,0.15010701245798444,0.26133436290786133,7.276963097889185,1.6887138479247914,7.985502628279659,2.5725202171485932,6.935403585623396,2.151735033395633,37.07,38.58933096914826,35.11,38.55152527475536,1.4276351487252248,2.078510404938854,1.1448957436500629,1.4885204059456565,1.7067480424817907,0.10575246042348635,5.190900123014911,1.2735515022971766,0.54,0.0,0.21,0.01,0.03,0.13,0.0,0.0,0.0,0.06,0.0,0.02,0.0,0.28,0.0,0.7,0.02,0.0,0.0,3,0
246,0.16651452548318413,0.2891109537474278,7.327361199305019,1.4904149927465262,8.397092910802156,2.3012272717735787,6.93292824729602,1.8699399709412916,30.69,3.1,28.71,2.9,1.3398847381995205,1.7308000588376928,1.258569995101778,1.6506983442998089,1.69487356372884,0.09333853968382078,5.465232985113521,1.0470020646322948,0.63,0.0,0.18,0.01,0.04,0.1,0.0,0.0,0.0,0.03,0.0,0.01,0.0,0.29,0.0,0.71,0.0,0.0,0.0,3,0
247,0.13680080215388596,0.2501832038751677,7.283899702407573,1.5539681023369558,7.886821081730513,2.254048688036308,6.997127264574588,1.9173933402737,35.15,31.574307097494138,33.17,31.552443117240017,1.267787120196979,1.6658000208796622,1.231095412310092,1.6355482224215605,1.7188357161632373,0.10369356559795725,5.17380616167151,1.0077533137412538,0.62,0.0,0.2,0.01,0.02,0.09,0.0,0.0,0.0,0.05,0.0,0.01,0.0,0.34,0.0,0.66,0.0,0.0,0.0,3,0
248,0.19028918174217208,0.304461609353484,7.366617833226815,1.4190721693891237,7.896356599040213,2.3902993256109415,6.483410576120734,2.282488563511598,34.86,31.745204044043877,32.88,31.723960928132808,1.7431852410285287,1.989262442335939,1.5293493934587854,1.6604304247828376,1.7168530254749197,0.09644365865009143,5.110884099373306,1.2344714705909263,0.66,0.0,0.13,0.01,0.03,0.09,0.0,0.0,0.0,0.04,0.0,0.04,0.0,0.3,0.0,0.68,0.0,0.02,0.0,3,0
249,0.12436495853273533,0.22770143928424777,7.444518556999196,1.3724127367892462,8.36862051491439,2.3173286317782686,7.021167911882835,1.625270241288275,35.46,31.3772805923926,33.46,31.3772805923926,1.2090894230038518,1.2450490563826897,1.1705962270469568,1.2259886900251238,1.6979152974325025,0.08908212738698502,5.371887402825173,1.0652892627443686,0.75,0.0,0.13,0.01,0.03,0.03,0.0,0.0,0.0,0.02,0.0,0.03,0.0,0.29,0.0,0.71,0.0,0.0,0.0,2,0
250,0.16347547988865507,0.24696145073408676,7.094734238784367,1.4878946738553294,7.813359209424853,2.267901120869508,6.703794103312768,1.8186109481797867,44.38,53.226366216435075,42.38,53.226366216435075,1.433477070555204,1.4617314031838657,1.4009336378938197,1.466656658344751,1.6925679407524978,0.09168636758169305,5.147993504992412,1.027734453054057,0.57,0.0,0.21,0.02,0.1,0.06,0.0,0.0,0.0,0.01,0.0,0.03,0.0,0.3,0.0,0.7,0.0,0.0,0.0,2,0
251,0.17960750962740638,0.2641272885573402,7.661288240529793,1.4746293058114943,8.546395117800508,2.3465709241316706,6.639759109582198,1.8910598523516806,46.61,57.184425194702115,44.61,57.184425194702115,1.547279857732702,1.497984428034808,1.5235397000614572,1.484217905198742,1.7006387349212035,0.11666743879573253,5.371425874076283,1.1360792156754413,0.65,0.0,0.1,0.04,0.08,0.06,0.0,0.0,0.0,0.06,0.0,0.01,0.0,0.17,0.0,0.83,0.0,0.0,0.0,2,0
252,0.18764337317667626,0.3020224356298317,7.409583480404129,1.519372321651015,8.375955204121999,2.6747946370843083,6.739293131621473,1.8231069094312473,48.84,60.80316312877682,46.84,60.80316312877682,1.4316580169382258,1.4759517305673906,1.3796415503757344,1.4533375117958314,1.6948344698468538,0.09342623774698104,5.384847271922093,1.1571421822413164,0.67,0.0,0.17,0.01,0.04,0.09,0.0,0.0,0.0,0.01,0.0,0.01,0.0,0.27,0.0,0.73,0.0,0.0,0.0,2,0
253,0.11455954335932386,0.18995431335020607,7.037672588509545,1.5477124765463226,7.710573157478735,2.116933811736189,7.060706791735373,1.7905478627310494,31.0,0.0,29.0,0.0,1.2025392928104188,1.4813632350937476,1.129418991344986,1.397679941099363,1.715861286464681,0.10941974237687145,5.208467203352744,0.9917243597271578,0.45,0.0,0.22,0.04,0.13,0.11,0.0,0.0,0.0,0.04,0.0,0.01,0.0,0.36,0.0,0.64,0.0,0.0,0.0,2,0
254,0.12192675804166393,0.17924479798027018,7.3879044261248215,1.4526670402689945,8.432855284269925,2.2737826686846354,7.1521837934217,1.578803210166414,31.0,0.0,29.0,0.0,1.0962486780753067,1.2897856850159328,1.04268551424561,1.208183535531897,1.7019013591406367,0.09910724465081909,5.506314178871651,1.042545825516905,0.59,0.0,0.19,0.02,0.04,0.1,0.0,0.0,0.0,0.03,0.0,0.03,0.0,0.28,0.0,0.72,0.0,0.0,0.0,2,0
255,0.13644925089727608,0.21405521971486094,7.194328046121545,1.751392819245166,7.84469476202913,2.2138001390687307,7.109403885080955,1.8098640755791406,31.0,0.0,29.0,0.0,1.1388521200431145,1.5246059428934722,1.0906536897821015,1.4480654558757662,1.719471693614868,0.11636943864012582,5.215895644482645,0.9844302287144682,0.38,0.0,0.28,0.02,0.07,0.14,0.0,0.0,0.0,0.08,0.0,0.03,0.0,0.34,0.0,0.66,0.0,0.0,0.0,2,0
256,0.11559168968796463,0.18646004951168985,7.245331341083126,1.2468886541752935,8.222867432571919,2.0832784088709904,7.024792471216229,1.8322921194210429,31.0,0.0,29.0,0.0,1.2734116033989102,1.4974543785668943,1.2082665477395873,1.418640447787843,1.7051935124796755,0.0933595630393052,5.438310231882792,1.0176635667213811,0.63,0.0,0.14,0.02,0.09,0.11,0.0,0.0,0.0,0.01,0.0,0.0,0.0,0.26,0.0,0.74,0.0,0.0,0.0,2,0
257,0.1164542950947796,0.21937318923431873,7.347232323315877,1.6599846919470738,8.157293799511802,2.4026493479647963,7.307861917423185,1.4834538075446648,31.0,0.0,29.0,0.0,0.9555571470323662,1.1871296084375664,0.9164799532725607,1.1373328777579335,1.7054034367398565,0.1113764281303387,5.310404174932167,1.0573290157282953,0.54,0.0,0.23,0.03,0.05,0.08,0.0,0.0,0.0,0.06,0.0,0.01,0.0,0.33,0.0,0.67,0.0,0.0,0.0,2,0
258,0.1778453183724772,0.24231030935154232,7.3496072484310835,1.6691531500926897,8.017051192078675,2.3505556422544487,6.612304368411206,1.9277750971042473,31.0,0.0,29.0,0.0,1.535245475444311,1.6289994241362629,1.4617911913549804,1.5572753704668438,1.7299655998155246,0.11861613347855424,5.280817579110579,1.0430542058414203,0.5,0.0,0.2,0.02,0.06,0.14,0.0,0.0,0.0,0.08,0.0,0.0,0.0,0.33,0.0,0.67,0.0,0.0,0.0,2,0
259,0.16818495917272255,0.2764288145720804,7.29409629602227,1.543729015174146,8.215300920662292,2.4123545128119446,6.708734910854483,1.8198267525164369,30.69,3.0999999999999996,28.71,2.9,1.4518542889881538,1.6558225173403585,1.3788325620581017,1.5914648258010444,1.7016678557262663,0.0949595273130023,5.34769866199747,1.066722443276539,0.65,0.0,0.19,0.01,0.03,0.07,0.0,0.0,0.0,0.04,0.0,0.01,0.0,0.33,0.0,0.67,0.0,0.0,0.0,3,0
260,0.1663356686260688,0.28275437457497,7.518314078898166,1.5143994767628095,8.277668493824557,2.325543383861173,6.85186762861032,1.8267118673013563,46.61,57.18442519470215,44.61,57.18442519470215,1.3470708776714326,1.510695821768584,1.3418677589205104,1.5901905321070628,1.7098086119393474,0.11852219394774544,5.323980317931456,1.1043373550234639,0.63,0.0,0.15,0.02,0.08,0.05,0.0,0.0,0.0,0.05,0.0,0.02,0.0,0.23,0.0,0.77,0.0,0.0,0.0,2,0
261,0.12843624901935236,0.20529820426610837,7.245545435444908,1.5143011011676917,7.847499890695856,2.1837604581955588,6.85840850389831,1.8306926082048163,46.61,57.18442519470212,44.61,57.18442519470212,1.3337014499848763,1.463847346914489,1.3282122742929756,1.4887259790055567,1.7110886857358876,0.11307298299347782,5.176662932484573,1.0497586146269149,0.59,0.0,0.19,0.02,0.1,0.06,0.0,0.0,0.0,0.03,0.0,0.01,0.0,0.28,0.0,0.72,0.0,0.0,0.0,2,0
262,0.1549840311806955,0.2065643268108883,7.300078143694606,1.3172395180777674,7.813786274639558,2.094103846794285,6.5668080854888204,2.0081895614103233,51.07,64.14003855201949,49.07,64.14003855201948,1.5801934269040754,1.5507725459078485,1.5941405839137073,1.5876260692050521,1.7093951879767826,0.0941960266862608,5.06103296613376,1.010986156211829,0.72,0.0,0.14,0.03,0.01,0.07,0.0,0.0,0.0,0.02,0.0,0.01,0.0,0.29,0.0,0.71,0.0,0.0,0.0,2,0
263,0.18089723459232984,0.21803242275125276,7.31611784513819,1.4092928794292847,8.00370717847816,2.282810695203753,6.264916003268626,2.035278071610216,51.07,64.1400385520195,49.07,64.14003855201949,1.7868682299698042,1.603380580300126,1.7964966200991543,1.6284692757240966,1.7056359383037674,0.09444175814739869,5.190069830159988,1.0699681996381925,0.7,0.0,0.13,0.0,0.03,0.08,0.0,0.0,0.0,0.03,0.0,0.03,0.0,0.29,0.0,0.71,0.0,0.0,0.0,2,0
264,0.18470163298217762,0.2974841964242158,7.187919738801841,1.3615657389471651,8.090681600237003,2.5911758156076172,6.366112047309292,2.2444987225786863,43.76,53.56146662546413,41.8,53.52918584635617,1.8621436278322918,2.19208045876037,1.5823206528270521,1.7669261173130666,1.6905239576282827,0.08045340343132214,5.290704680966902,1.3291949977377397,0.7,0.0,0.13,0.01,0.05,0.1,0.0,0.0,0.0,0.0,0.0,0.01,0.0,0.28,0.0,0.7,0.02,0.0,0.0,3,0
265,0.1483269230297394,0.24328074126079943,7.236035503144512,1.5635591574553642,8.002973755568785,2.4021130326444338,6.986982909396818,1.8048516687758362,39.92,43.91904398142592,37.92,43.91904398142592,1.224402921621538,1.5066954680059907,1.1658044008637127,1.4563102788901041,1.7138539484391664,0.09863969961676895,5.2827014611321195,1.0597089645968156,0.58,0.0,0.23,0.01,0.03,0.11,0.0,0.0,0.0,0.04,0.0,0.0,0.0,0.32,0.0,0.68,0.0,0.0,0.0,2,0
266,0.18175058099251512,0.2417855586724474,7.35181249816653,1.4921719769775237,8.292925501623015,2.4378649875021408,6.59189107759511,1.906266536057006,39.92,43.91904398142592,37.92,43.91904398142592,1.5539698163505349,1.6350387892693425,1.4817773781328736,1.587281697623105,1.7110297680401974,0.10234014370351793,5.437829927334977,1.1037128890552264,0.53,0.0,0.18,0.02,0.08,0.15,0.0,0.0,0.0,0.03,0.0,0.01,0.0,0.26,0.0,0.74,0.0,0.0,0.0,2,0
267,0.265186342307187,0.41141503102597454,7.028779986991243,1.7675883436278725,7.487242196687105,2.766006963914521,6.24738381740623,2.358462634024963,36.18,39.0628553317172,34.24,39.00870661684635,1.9342581207748595,2.363775211921112,1.4990026632699678,1.8072328713021162,1.7033526812733715,0.11272789041336492,5.004160271996244,1.4415182918819642,0.41,0.0,0.26,0.02,0.13,0.08,0.0,0.0,0.0,0.06,0.0,0.04,0.0,0.33,0.0,0.63,0.0,0.04,0.0,4,0
268,0.21019486841484167,0.3086786536609285,7.210188573566842,1.816107947961175,7.867119528286787,2.502176788791868,6.529356617597839,1.998090955418084,37.38,38.41263996513269,35.4,38.39349692409649,1.5475145611322947,1.8363074335680558,1.5343398498284606,1.8437171354218347,1.7087056003957095,0.12526499243671987,5.209489866245191,1.1051085578943933,0.36,0.0,0.3,0.05,0.1,0.1,0.0,0.0,0.0,0.07,0.0,0.02,0.0,0.33,0.0,0.67,0.0,0.0,0.0,3,0
269,0.16957356190386427,0.27711586095393703,7.336945617520094,1.6205654847717155,7.914204234940272,2.4070944721213388,6.816919887151849,1.8377131825153845,42.15,48.84656972334264,40.15,48.84656972334264,1.3671932319015587,1.4774359938875956,1.3341105398714683,1.4823873530264213,1.7182890902839711,0.11557313343377867,5.167213739365244,1.0600958596278107,0.6,0.0,0.18,0.03,0.08,0.05,0.0,0.0,0.0,0.06,0.0,0.0,0.0,0.33,0.0,0.67,0.0,0.0,0.0,2,0
270,0.1671571734786242,0.27412810694513506,7.215387615083009,1.5369407320621575,7.902815644665797,2.224496965792223,6.84402018660053,2.0455507298549573,37.69,38.23259358350166,35.69,38.23259358350166,1.3921335269354709,1.6929298907101102,1.3688718995253797,1.7008940861003172,1.7105521699780766,0.10755427149402426,5.233049681896507,1.029835538424892,0.55,0.0,0.21,0.02,0.11,0.07,0.0,0.0,0.0,0.03,0.0,0.01,0.0,0.3,0.0,0.7,0.0,0.0,0.0,2,0
271,0.2106923274712584,0.3036792585889011,7.430313677166481,1.5457274825407221,7.907587939223931,2.13057863030627,6.374209949408636,2.045017024085104,35.46,31.3772805923926,33.46,31.3772805923926,1.7287152524588252,1.6306633110916138,1.698445129782277,1.6261033311015052,1.7268724050507842,0.11069308499842977,5.106550799487916,0.9787225302998457,0.58,0.0,0.15,0.03,0.06,0.08,0.0,0.0,0.0,0.06,0.0,0.04,0.0,0.33,0.0,0.67,0.0,0.0,0.0,2,0
272,0.17317550097965306,0.25769438185638727,7.382926127169789,1.5679893708485628,8.364895970971112,2.2697486500668616,6.790272590773022,1.8775867421531924,31.0,0.0,29.0,0.0,1.3993072205853574,1.5902428172845577,1.3429415664454873,1.5359424945862683,1.7002420563878917,0.10451900821401117,5.418916362614108,1.0514026312169993,0.53,0.0,0.22,0.02,0.06,0.12,0.0,0.0,0.0,0.05,0.0,0.0,0.0,0.24,0.0,0.76,0.0,0.0,0.0,2,0
273,0.21044625730598499,0.3050796478292646,7.519976876487887,1.5308429673308022,8.540753058551166,2.402947690788071,6.752000315961178,1.8505142528431056,35.46,31.3772805923926,33.46,31.3772805923926,1.4484576419083968,1.564215756422176,1.3654782511936987,1.4861036593712187,1.6985090684121749,0.10206905106465866,5.432552765030428,1.0840412749117498,0.56,0.0,0.16,0.03,0.08,0.1,0.0,0.0,0.0,0.04,0.0,0.03,0.0,0.23,0.0,0.77,0.0,0.0,0.0,2,0
274,0.23134012056903294,0.34209505319695804,7.495757490035172,1.6209920165807639,8.483859386919073,2.707158574701365,6.594516241522196,1.7994065638158068,31.0,0.0,29.0,0.0,1.534020623406703,1.50339095295467,1.4596675030775563,1.4602196696039436,1.7059836487297602,0.10709795013647948,5.442286218117813,1.1362073110065647,0.58,0.0,0.19,0.03,0.07,0.08,0.0,0.0,0.0,0.03,0.0,0.02,0.0,0.3,0.0,0.7,0.0,0.0,0.0,2,0
275,0.14255534817841228,0.24957399755277723,7.2150687300967,1.5400029777512043,7.99754947918296,2.369590955651279,6.906832864367748,1.9111451780260935,31.32,3.200000000000001,28.71,2.9,1.3633052314372571,1.5278170268846207,1.2807921615806743,1.419202964916036,1.7125523854382008,0.10533454173908273,5.278265900673016,1.1556827825282905,0.54,0.0,0.16,0.02,0.1,0.12,0.0,0.0,0.0,0.05,0.0,0.01,0.0,0.32,0.01,0.67,0.0,0.0,0.0,3,0
276,0.1631660338555995,0.2596210176405032,7.126890361911041,1.703647030367664,7.602750862641738,2.1929952209609236,6.632241770853938,1.8380894660420375,30.69,3.099999999999999,28.71,2.9,1.4721914024466596,1.7129217228465332,1.4585790239806442,1.6953943078204603,1.7162613988102282,0.12290803125890225,5.055928634552836,0.963239524068344,0.44,0.0,0.25,0.05,0.13,0.07,0.0,0.0,0.0,0.05,0.0,0.01,0.0,0.35,0.0,0.65,0.0,0.0,0.0,3,0
277,0.21428734550907422,0.2843429875463203,7.366012717359773,1.7006923031242285,8.040128673966734,2.3930277098757418,6.489793982992399,1.9874392308646498,30.69,3.1,28.71,2.9,1.6452224198872898,1.621062373257547,1.6018553286335584,1.619187309140668,1.7145987054718004,0.12533814350357486,5.232506717390354,1.0679053930556086,0.5,0.0,0.18,0.05,0.13,0.07,0.0,0.0,0.0,0.06,0.0,0.01,0.0,0.3,0.0,0.7,0.0,0.0,0.0,3,0
278,0.18984054032102005,0.2584825834998624,7.5368808005139405,1.416750191802849,8.520978499534698,2.238171565685198,6.528328778239947,1.7970713621856298,31.0,0.0,29.0,0.0,1.5954148883116475,1.5041737176225383,1.5466965272682245,1.4572307407615095,1.7051383092171823,0.10749900717349445,5.4712420978300065,1.0741973466936368,0.59,0.0,0.13,0.03,0.11,0.09,0.0,0.0,0.0,0.02,0.0,0.03,0.0,0.22,0.0,0.78,0.0,0.0,0.0,2,0
279,0.1527940028423747,0.2575678121138985,7.340148638247613,1.5503024585759968,8.469113960459847,2.41412852890343,6.858675768253449,1.5658563158056389,30.69,3.0999999999999996,28.71,2.9,1.2956745261005176,1.4873628372032657,1.2406447011434354,1.4505529256116492,1.6868986524654124,0.10290298568043758,5.496955390217469,1.0862207301204287,0.59,0.0,0.18,0.04,0.09,0.06,0.0,0.0,0.0,0.04,0.0,0.0,0.0,0.26,0.0,0.74,0.0,0.0,0.0,3,0
280,0.24473737895788125,0.35905144941438805,7.355830282013365,1.8111460030241173,8.517396304992886,2.807559568585365,6.717574686685927,1.8204828518898384,31.0,0.0,29.0,0.0,1.451312796542085,1.580002865152794,1.3242591753841888,1.4657551128172408,1.6926259707234783,0.09489871896521013,5.4806278552140135,1.099584381551016,0.47,0.0,0.26,0.02,0.06,0.14,0.0,0.0,0.0,0.04,0.0,0.01,0.0,0.3,0.0,0.7,0.0,0.0,0.0,2,0
281,0.1226507413035744,0.2050972283987076,7.592043195799049,1.5658957909954716,8.243576839043582,2.1694648471049702,7.164755553043826,1.7336505458058227,31.0,0.0,29.0,0.0,1.1149954530885922,1.3542607257906023,1.1211826487932575,1.3544700761021884,1.7284368785233328,0.12516644727863116,5.31105984322061,1.0413763932919928,0.6,0.0,0.16,0.02,0.05,0.07,0.0,0.0,0.0,0.09,0.0,0.01,0.0,0.27,0.0,0.73,0.0,0.0,0.0,2,0
282,0.11021265723613775,0.19583760433933414,7.20924467745356,1.5105148412927538,8.187046295300188,2.2852878721610543,7.275190265725518,1.5641320372003242,31.0,0.0,29.0,0.0,1.004790366716898,1.2966406097832908,0.946262574684136,1.2180999255047138,1.696623598181535,0.09796467533018606,5.406622697223415,1.027663579467239,0.57,0.0,0.22,0.02,0.07,0.09,0.0,0.0,0.0,0.03,0.0,0.0,0.0,0.31,0.0,0.69,0.0,0.0,0.0,2,0
283,0.12262756153443867,0.20641272124018378,7.0340255260527025,1.5169839176025355,7.730845043732111,2.313764502805884,6.971355335602734,1.864110176351196,31.0,0.0,29.0,0.0,1.2585723588272362,1.5599669963559244,1.1763356190823957,1.479906468775325,1.7140870836669095,0.09151300735518587,5.198076908883287,1.0041377623886527,0.54,0.0,0.24,0.01,0.04,0.14,0.0,0.0,0.0,0.03,0.0,0.0,0.0,0.4,0.0,0.6,0.0,0.0,0.0,2,0
284,0.19020378165393223,0.2629045466543773,7.477485808023548,1.6950084106427403,8.005611094897365,2.453583082964253,6.463825750094209,2.1212094174906704,32.61,22.783963437009593,30.65,22.7278030241163,1.7568842489147343,2.046814826386698,1.4975241046403878,1.534562323096418,1.723669129196814,0.12280579772554313,5.136037542703637,1.2540008053961975,0.47,0.0,0.16,0.03,0.1,0.13,0.0,0.0,0.0,0.07,0.0,0.04,0.0,0.24,0.0,0.74,0.02,0.0,0.0,3,0
285,0.17280216035004262,0.2579968121797596,7.362768074872244,1.7366086679007675,8.00264958400521,2.3419847193845356,6.735542424787236,1.8424319107848048,30.69,3.099999999999999,28.71,2.9,1.4054602727254248,1.6593954123624866,1.3576236169792537,1.6201467677060795,1.7135852502771962,0.11197673060478776,5.191060668797167,1.0112903045287513,0.57,0.0,0.23,0.01,0.0,0.06,0.0,0.0,0.0,0.08,0.0,0.05,0.0,0.38,0.0,0.62,0.0,0.0,0.0,3,0
286,0.1464083280873252,0.24101394078633412,7.430308319911976,1.447603535478956,8.394687047924341,2.252339088399916,7.095233449998204,1.6353913909116848,31.0,0.0,29.0,0.0,1.1810485324391446,1.3265833286287405,1.10499173018931,1.2467797531700087,1.6994760277667063,0.09407470473638488,5.3868301458731285,1.0344052383222855,0.62,0.0,0.15,0.02,0.08,0.08,0.0,0.0,0.0,0.02,0.0,0.03,0.0,0.26,0.0,0.74,0.0,0.0,0.0,2,0
287,0.12305886589598877,0.21687342295610215,7.259708921902536,1.5084996852782449,8.120906723450116,2.325722492361951,7.09235704272426,1.6738481812558033,31.0,0.0,29.0,0.0,1.1590193748491393,1.3708642796429003,1.0732655985092219,1.250401548249261,1.7024947999355342,0.10290265874479285,5.322741304669698,1.0486599359208755,0.57,0.0,0.2,0.03,0.1,0.07,0.0,0.0,0.0,0.02,0.0,0.01,0.0,0.31,0.0,0.69,0.0,0.0,0.0,2,0
288,0.19167742696759896,0.33582106559508224,7.210743078733802,1.6471878639429545,7.807788040324862,2.4720877509606156,6.588510281733381,2.0250810132458197,30.4,4.221158824088691,28.42,4.080453529952401,1.5824159542745257,1.8554413946048167,1.332092661145824,1.4471807045776224,1.7116592477902526,0.11644105812190679,5.160610750860021,1.260113038310256,0.46,0.0,0.2,0.04,0.13,0.07,0.0,0.0,0.0,0.06,0.0,0.04,0.0,0.32,0.0,0.66,0.0,0.02,0.0,3,0
289,0.21280283329696012,0.3481244889831795,7.336735541307402,1.701661819334886,7.91856643741586,2.4404357925254905,6.591092486043774,1.8941737174147604,35.15,31.574307097494138,33.17,31.552443117240017,1.5620642207908215,1.700530494794899,1.4919181085708846,1.6418738425436115,1.720436620276873,0.11871604915063237,5.1495073372089895,1.0515412653265608,0.51,0.0,0.21,0.03,0.1,0.08,0.0,0.0,0.0,0.06,0.0,0.01,0.0,0.31,0.0,0.69,0.0,0.0,0.0,3,0
290,0.19507128448156918,0.3132183037326392,7.338002309105683,1.5417191700050557,8.141366430592711,2.3122397380527406,6.589434507641699,2.036495719316872,41.84,49.016121858223364,39.86,48.99928261688834,1.6060297278056601,1.8186678674279058,1.5655185488197483,1.7785677044613455,1.7110439758344722,0.11084376413509463,5.3412782117313995,1.092691048756308,0.54,0.0,0.18,0.03,0.08,0.11,0.0,0.0,0.0,0.04,0.0,0.02,0.0,0.27,0.0,0.73,0.0,0.0,0.0,3,0
291,0.20272167356543097,0.33293561264142885,7.605405533714154,1.4592539126425377,8.477313986781901,2.2452143005714444,6.694295190586437,1.9245250738580848,37.07,38.589330969148264,35.11,38.55152527475536,1.5174313812356575,1.779931148169139,1.498809762426843,1.7770691140202066,1.7051454328322952,0.11731891745013046,5.402353687237759,1.1140035366110497,0.63,0.0,0.13,0.04,0.08,0.05,0.0,0.0,0.0,0.04,0.0,0.03,0.0,0.21,0.0,0.79,0.0,0.0,0.0,3,0
292,0.18443180064027537,0.3086911260476777,7.539179532204543,1.443513432759307,8.469009656643687,2.397675426547901,7.091924343262537,1.8077488992821338,37.69,38.23259358350166,35.69,38.23259358350166,1.2374246147389196,1.4411962381258263,1.1586492447293901,1.3695221035517584,1.706395182871609,0.09617819953876391,5.393709755085565,1.0695299133733434,0.68,0.0,0.14,0.01,0.01,0.11,0.0,0.0,0.0,0.02,0.0,0.03,0.0,0.27,0.0,0.73,0.0,0.0,0.0,2,0
293,0.16035079165276125,0.26749842204072566,7.357215700201117,1.7141735469458732,8.04861530635843,2.3556426589438746,6.931342611731768,1.7944267904654765,39.92,43.919043981425915,37.92,43.919043981425915,1.2639654550915649,1.4692011664012772,1.2245251122725929,1.435707583416233,1.7177294571645638,0.12239359220304248,5.2782376511142415,1.0561402960976434,0.46,0.0,0.24,0.03,0.08,0.12,0.0,0.0,0.0,0.05,0.0,0.02,0.0,0.29,0.0,0.71,0.0,0.0,0.0,2,0
294,0.18438688083127644,0.3490654214126707,7.361073971610957,1.622386480314969,8.071670479247182,2.5486349841552722,6.792755859724712,2.1001669291940335,46.31,57.52552266234317,41.22,53.823989244404935,1.4654354900545123,2.004588106106349,1.439531674145236,2.03151070379322,1.70112566067859,0.11853630433821526,5.225236302952978,1.318522382337035,0.61,0.0,0.16,0.03,0.08,0.08,0.0,0.0,0.0,0.03,0.0,0.01,0.0,0.24,0.01,0.74,0.01,0.0,0.0,4,0
295,0.1270517957789467,0.2152232293557679,7.248032809519587,1.6996921536628855,7.868067768946682,2.3924939078670415,7.117050161779258,1.7428805709731723,35.46,31.3772805923926,30.94,22.516804050452286,1.1434089007358441,1.3851676320687256,1.1177246790436723,1.367824844405772,1.716479696062742,0.12492037348211274,5.2156689626879436,1.1637987739685556,0.46,0.0,0.22,0.04,0.12,0.07,0.0,0.0,0.0,0.06,0.0,0.03,0.0,0.32,0.0,0.67,0.01,0.0,0.0,2,0
296,0.1906864262428301,0.2898621741515048,7.132729739959666,1.5329539654829243,8.0962815163877,2.3847212152767083,6.67950318004637,1.9293075453588187,33.23,22.3,31.23,22.3,1.4929002223761634,1.6391351119748039,1.4179023184778716,1.5956371761053356,1.6995062402683119,0.1001160759929583,5.3821823588296835,1.0614317912822118,0.46,0.0,0.22,0.03,0.13,0.14,0.0,0.0,0.0,0.01,0.0,0.01,0.0,0.29,0.0,0.71,0.0,0.0,0.0,2,0
297,0.22207229147271285,0.338262666536852,7.424346847482742,1.7482634277695874,8.273379270937262,2.4541972936225287,6.532812994609731,2.0807372105406707,37.07,38.58933096914824,35.11,38.55152527475535,1.6391937225421693,1.8699471838962085,1.598733895942231,1.8187219907245662,1.7149138041663698,0.1259859305382199,5.408452598668222,1.1107747192167499,0.48,0.0,0.21,0.02,0.07,0.15,0.0,0.0,0.0,0.05,0.0,0.02,0.0,0.28,0.0,0.72,0.0,0.0,0.0,3,0
298,0.13606772340247378,0.21122643551275094,7.198765536892589,1.5260024763554318,7.914228111638684,1.9532316383339734,6.8843901181009,1.8985925492282312,31.0,0.0,29.0,0.0,1.3609063546791829,1.5449281844156812,1.3102205563977776,1.4931049896419033,1.7150889694483369,0.11583119849989985,5.255369638219284,0.9965978898361686,0.45,0.0,0.18,0.05,0.14,0.1,0.0,0.0,0.0,0.06,0.0,0.02,0.0,0.28,0.0,0.72,0.0,0.0,0.0,2,0
299,0.13576585130222,0.20534408326805398,7.775652951310487,1.5096241619578603,8.513750254826,2.3112713027363365,7.060343185682696,1.6430729053273103,37.69,38.23259358350166,35.69,38.23259358350166,1.1947298355276639,1.240258863852066,1.1882239859817323,1.2759870556247856,1.7252605424105238,0.13278797526120367,5.401153756066399,1.1016444934998653,0.69,0.0,0.12,0.02,0.06,0.05,0.0,0.0,0.0,0.06,0.0,0.0,0.0,0.23,0.0,0.77,0.0,0.0,0.0,2,0
300,0.1692498728731462,0.2840765308125843,7.380426329905256,1.627641328221176,8.367453255016438,2.4085765802448287,6.906256908922652,1.8134477411573566,33.23,22.3,31.23,22.3,1.29655691057336,1.474661282789479,1.2475889744664799,1.434734034488294,1.6937379012937048,0.10178042887082471,5.399894149159077,1.0555666320338566,0.61,0.0,0.2,0.02,0.06,0.06,0.0,0.0,0.0,0.04,0.0,0.01,0.0,0.29,0.0,0.71,0.0,0.0,0.0,2,0
301,0.15256311576387377,0.22836248860523942,7.384213311754673,1.6280566312462799,8.08381252635641,2.5095903829503503,6.7410783458075585,1.9499976404970871,37.07,38.58933096914824,35.11,38.55152527475535,1.5031352515664103,1.9325879674291024,1.2569416986747959,1.3862102640185914,1.7074358746304932,0.12090503168479733,5.21749522298818,1.3024091682114567,0.55,0.0,0.18,0.04,0.11,0.08,0.0,0.0,0.0,0.03,0.0,0.01,0.0,0.21,0.0,0.77,0.02,0.0,0.0,3,0
302,0.13063312193623977,0.21317335625798647,7.2603046912528555,1.531199806794042,8.191847601702925,2.2474369233049463,7.081703792272759,1.7615019997436527,33.23,22.3,31.23,22.3,1.1687628464049857,1.4651978913960129,1.1307176120258058,1.4449924477320188,1.701656047336899,0.11006353960717281,5.4105304328826485,1.0537489823871886,0.48,0.0,0.22,0.04,0.1,0.13,0.0,0.0,0.0,0.03,0.0,0.0,0.0,0.26,0.0,0.74,0.0,0.0,0.0,2,0
303,0.15862771141222715,0.2482793978928748,7.396529696913596,1.5483652479445624,8.270048106215445,2.1246486888266705,6.891064980528982,1.788162146729467,35.46,31.3772805923926,33.46,31.3772805923926,1.32736706011869,1.474592304415972,1.27159736420494,1.4238463511170985,1.7022885027502832,0.10801275792443639,5.3461470674901514,1.016518218792415,0.59,0.0,0.18,0.03,0.08,0.06,0.0,0.0,0.0,0.04,0.0,0.02,0.0,0.25,0.0,0.75,0.0,0.0,0.0,2,0
304,0.2243059174581343,0.32266394652089103,7.682547887350475,1.7201164086066136,8.600884095464508,2.710298626964138,6.814798891672726,1.7118602985102136,35.46,31.377280592392605,33.46,31.377280592392605,1.3769906932339766,1.416865276419019,1.2949729732483037,1.3884049691163514,1.7158306196923305,0.12101897284287134,5.42854215233675,1.1357407074033472,0.57,0.0,0.17,0.03,0.07,0.1,0.0,0.0,0.0,0.05,0.0,0.01,0.0,0.26,0.0,0.74,0.0,0.0,0.0,2,0
305,0.14958497559003053,0.2624403499514907,7.382194850843097,1.7100261849936997,8.221725194163104,2.592669298145027,7.136587012737599,1.6398665583816716,39.92,43.919043981425915,37.92,43.919043981425915,1.0907722515048857,1.3742803399880992,1.052874918240052,1.3630562036139022,1.716998430450528,0.12201645358963388,5.402580866501733,1.118109811184435,0.57,0.0,0.23,0.01,0.05,0.1,0.0,0.0,0.0,0.04,0.0,0.0,0.0,0.32,0.0,0.68,0.0,0.0,0.0,2,0
306,0.18960451154331498,0.31196137371609894,7.58494502115295,1.6306701559017367,8.366631958451,2.2271179381203368,6.8824745874252855,1.9212010404232138,42.15,48.84656972334264,40.15,48.84656972334264,1.3378620026883572,1.5887842509910972,1.3302126635562077,1.652661186667182,1.7184349731627564,0.12467259048547738,5.401359235745011,1.0378717671871922,0.59,0.0,0.17,0.02,0.05,0.1,0.0,0.0,0.0,0.03,0.0,0.04,0.0,0.27,0.0,0.73,0.0,0.0,0.0,2,0
307,0.14205508053719393,0.24340861119011237,7.440644576293279,1.5984809562234326,8.349009036569962,2.366324577325061,7.180817188745107,1.6148920814022232,35.46,31.3772805923926,33.46,31.3772805923926,1.0786939003453657,1.3515129540898496,1.0245655813968622,1.3011807328049014,1.7122437147051863,0.1084040844205483,5.418618614467983,1.0463496724511718,0.63,0.0,0.2,0.0,0.01,0.1,0.0,0.0,0.0,0.05,0.0,0.01,0.0,0.3,0.0,0.7,0.0,0.0,0.0,2,0
308,0.1577490314461117,0.2300736525076065,7.508001895433677,1.4367927196267838,8.585130533536173,2.444059628151291,6.797228798406552,1.7332024588530672,35.46,31.3772805923926,33.46,31.3772805923926,1.3466767159744775,1.4009291210484391,1.3318151146110548,1.4171724247884903,1.704526375443859,0.10518905003452039,5.549240117660068,1.0964365850966256,0.69,0.0,0.14,0.02,0.04,0.09,0.0,0.0,0.0,0.02,0.0,0.0,0.0,0.28,0.0,0.72,0.0,0.0,0.0,2,0
309,0.14770678397516332,0.20459993783762173,7.4746808509578155,1.6409914582442793,8.032689630895467,2.5480502095360467,6.615957370771725,2.084798177313794,39.3,44.26150481039713,37.34,44.226510629081304,1.6148849071682663,2.021283281544319,1.3399971788017755,1.495596134815418,1.7363791943173335,0.12307641851650829,5.256624719504914,1.286640065906338,0.69,0.0,0.15,0.0,0.0,0.09,0.0,0.0,0.0,0.06,0.0,0.01,0.0,0.33,0.0,0.65,0.02,0.0,0.0,3,0
310,0.14823608959749676,0.22103342756845773,7.351107493109842,1.5574956899159047,8.254914310070804,2.353818291818713,6.970392221933667,1.7164384934619703,35.46,31.37728059239261,33.46,31.37728059239261,1.2250985203610179,1.4594746619306584,1.1761014413849595,1.400333170968978,1.7142298798116116,0.10794661968681417,5.440312990060354,1.0507670918812357,0.59,0.0,0.2,0.01,0.03,0.12,0.0,0.0,0.0,0.04,0.0,0.01,0.0,0.32,0.0,0.68,0.0,0.0,0.0,2,0
311,0.14769012834034073,0.2577580666063266,7.3266934838735995,1.6925914890520457,8.138478586759533,2.287877538570498,7.074187414203267,1.8480969337128685,31.0,0.0,29.0,0.0,1.1980185729136454,1.5418873134426816,1.1397196078633118,1.464697094827378,1.721830665686794,0.11959779221092902,5.402477656068687,1.0207740319252563,0.51,0.0,0.23,0.01,0.04,0.11,0.0,0.0,0.0,0.09,0.0,0.01,0.0,0.34,0.0,0.66,0.0,0.0,0.0,2,0
312,0.22408898466416008,0.2910057294578533,7.569961850629743,1.6066434161482395,8.533525057730483,2.645064981382589,6.344455124750655,1.76116058628881,30.4,4.221158824088691,28.42,4.0804535299524,1.6820975743544415,1.7067398003578682,1.4412054431291303,1.2757843902231782,1.7047731965042336,0.11082439374749145,5.46830216687311,1.317233782894051,0.57,0.0,0.19,0.01,0.02,0.1,0.0,0.0,0.0,0.07,0.0,0.04,0.0,0.25,0.0,0.73,0.0,0.02,0.0,3,0
313,0.14119787568675823,0.21154760132436956,7.056813240357977,1.6570445593892926,7.630152376398595,2.264903113818747,6.837934911169515,1.8389049053578599,31.0,0.0,29.0,0.0,1.3205212003316822,1.57239334587251,1.2556075941393008,1.5085797780011492,1.7269614228553385,0.1097477947853318,5.173588010279836,0.9886765476721722,0.42,0.0,0.26,0.02,0.08,0.15,0.0,0.0,0.0,0.05,0.0,0.02,0.0,0.41,0.0,0.59,0.0,0.0,0.0,2,0
314,0.15457445316426732,0.2208258253822885,7.3389204125809355,1.6350755168897946,8.07955669274116,2.302580752329933,6.868404698353811,1.9010255482822345,31.0,0.0,29.0,0.0,1.3643188549954575,1.5711966506153656,1.3017131966463744,1.508043094664675,1.719331002590875,0.11472344908220632,5.286671770423271,1.0357837713204903,0.5,0.0,0.21,0.02,0.06,0.14,0.0,0.0,0.0,0.07,0.0,0.0,0.0,0.3,0.0,0.7,0.0,0.0,0.0,2,0
315,0.2296278048738294,0.37242294172431917,7.5830664073266565,1.7385690054775254,8.689902131869434,2.645431730825296,6.919924098270862,1.6863970029865225,31.0,0.0,29.0,0.0,1.2746763793503704,1.4454793450545227,1.1862393206774824,1.3224180983589493,1.6985797900789052,0.10512136971016083,5.507476714598745,1.1028197305518175,0.56,0.0,0.22,0.01,0.03,0.09,0.0,0.0,0.0,0.06,0.0,0.03,0.0,0.28,0.0,0.72,0.0,0.0,0.0,2,0
316,0.18223919837706945,0.31399601942673816,7.416741585335424,1.4798875261397673,8.377282820256518,2.4135618750770074,6.805207227639557,1.869596045392546,31.0,0.0,29.0,0.0,1.4069762556422867,1.5501935308005226,1.3066336877227152,1.4601325476441935,1.7062646055488844,0.08297395326221071,5.416253190765983,1.0425777603745865,0.68,0.0,0.16,0.0,0.0,0.1,0.0,0.0,0.0,0.02,0.0,0.04,0.0,0.34,0.0,0.66,0.0,0.0,0.0,2,0
317,0.1860686320120613,0.27061233874398816,7.478395559134919,1.4509608832244039,8.31369241591981,2.312281463886544,6.50045867145059,1.8842619249455326,31.0,0.0,29.0,0.0,1.6230319852460369,1.5447872404403347,1.5410610997912075,1.4718580911282477,1.7094671019801808,0.08701517730581651,5.309448505638016,1.0266483657022234,0.65,0.0,0.14,0.01,0.01,0.11,0.0,0.0,0.0,0.03,0.0,0.05,0.0,0.31,0.0,0.69,0.0,0.0,0.0,2,0
318,0.14005492399107877,0.2605599318632434,7.295445465216104,1.5529003165228517,8.177611231462368,2.445241857107478,6.9360773735623855,1.6662569850366828,30.69,3.0999999999999996,28.71,2.9,1.273149229933606,1.5052670465801907,1.2103016941202405,1.470269906477038,1.7066626857642817,0.1106356990053725,5.3696953174214626,1.097891478491373,0.58,0.0,0.18,0.02,0.09,0.08,0.0,0.0,0.0,0.04,0.0,0.01,0.0,0.32,0.0,0.68,0.0,0.0,0.0,3,0
319,0.14395160133864907,0.2592240291469424,7.403029469343237,1.687313953048638,8.192995445976356,2.3552059784854245,7.188268827847147,1.5210605306752398,31.0,0.0,29.0,0.0,1.0419697529119083,1.272755348622778,0.9789603528276111,1.1991720841117948,1.708726074385816,0.11463645547775628,5.298342787913009,1.0436865190553029,0.49,0.0,0.22,0.04,0.08,0.08,0.0,0.0,0.0,0.06,0.0,0.03,0.0,0.29,0.0,0.71,0.0,0.0,0.0,2,0
320,0.17318597645310585,0.29330861362905236,7.226000189173679,1.7150371892540506,8.217556305443953,2.487070908944214,7.022959520981889,1.7320645419207394,31.0,0.0,29.0,0.0,1.1958675872974123,1.507870550588152,1.108218827524923,1.3976373846762138,1.7025042390170424,0.10721241285666606,5.422771547652237,1.0571847861824166,0.41,0.0,0.26,0.02,0.08,0.15,0.0,0.0,0.0,0.05,0.0,0.03,0.0,0.32,0.0,0.68,0.0,0.0,0.0,2,0
321,0.2086426253081716,0.3362022061256089,7.509669876682231,1.6763557423589348,8.39199992058352,2.4198309697822245,6.879844929063977,1.6148642224667025,31.0,0.0,29.0,0.0,1.267621435076562,1.3240625892810987,1.2253294316653833,1.2671780486024455,1.6979270671729203,0.10568839359600785,5.316795074376983,1.0450881881300402,0.55,0.0,0.2,0.03,0.07,0.06,0.0,0.0,0.0,0.05,0.0,0.04,0.0,0.27,0.0,0.73,0.0,0.0,0.0,2,0
322,0.18257130321665524,0.3108452858942972,7.409085377702655,1.6974727358594743,8.37997235577035,2.449108034314706,6.912436074158205,1.6517448663950827,31.0,0.0,29.0,0.0,1.2642741898412513,1.4234700908657036,1.1937826459303256,1.3338703349680436,1.7026110757337478,0.1162354561246159,5.434909519587426,1.0730166830809127,0.49,0.0,0.21,0.03,0.1,0.1,0.0,0.0,0.0,0.06,0.0,0.01,0.0,0.28,0.0,0.72,0.0,0.0,0.0,2,0
323,0.16835714711725744,0.2992685229096994,7.566645139729571,1.4181981187343644,8.5191860149784,2.447439108929061,7.01014323917089,1.5317534615286494,31.0,0.0,29.0,0.0,1.232744253300331,1.208727123410742,1.161122314618813,1.1801766814699397,1.7070982332737328,0.10267365519618461,5.429970664535108,1.0915871373833987,0.71,0.0,0.1,0.03,0.08,0.03,0.0,0.0,0.0,0.02,0.0,0.03,0.0,0.28,0.0,0.72,0.0,0.0,0.0,2,0
324,0.1993141661174736,0.3228353220094578,7.440169231480116,1.618098263612562,8.646535743272436,2.616976366674769,6.817816766353396,1.6563142734726386,31.0,0.0,29.0,0.0,1.3197280569130183,1.4033529899156683,1.2544911214233767,1.3344163216547453,1.6897860291498137,0.09409383276147269,5.562406033698095,1.0949292545944223,0.56,0.0,0.21,0.02,0.07,0.09,0.0,0.0,0.0,0.02,0.0,0.03,0.0,0.27,0.0,0.73,0.0,0.0,0.0,2,0
325,0.11672920036774258,0.25043455496100586,7.251664026292574,1.6352905208766888,7.92558266558465,2.4422968454052936,7.125026087770031,1.9952988985618048,30.07,5.314844847930723,28.13,4.971951631935194,1.2725447190132042,2.077156739087637,1.0029237418195214,1.4912758365422984,1.708916054013532,0.10850920449671253,5.191588066082327,1.2386854511719216,0.62,0.0,0.18,0.01,0.05,0.06,0.0,0.0,0.0,0.05,0.0,0.03,0.0,0.32,0.0,0.66,0.02,0.0,0.0,3,0
326,0.1652683807012013,0.2561890225384819,7.012417380685056,1.5412083828783179,7.930287722340252,2.396963137118725,6.797142929617647,1.9505988799122376,31.0,0.0,29.0,0.0,1.384155212872478,1.6671250848421844,1.3255399390121576,1.6176560740711021,1.6984493063968154,0.09893762685373979,5.339267579352277,1.0579437015720081,0.37,0.0,0.27,0.04,0.12,0.18,0.0,0.0,0.0,0.01,0.0,0.01,0.0,0.33,0.0,0.67,0.0,0.0,0.0,2,0
327,0.1903181462992762,0.31015385037780024,7.580077949812417,1.6542290022971038,8.444350778336057,2.3621511060364435,6.8842936234782846,1.8636743439617638,30.69,3.099999999999999,28.71,2.9,1.3744570758792298,1.7178323513313087,1.3053424575418107,1.651293723756062,1.7171348238711515,0.11947849903870102,5.411783497724304,1.0492375707360906,0.55,0.0,0.16,0.02,0.03,0.14,0.0,0.0,0.0,0.08,0.0,0.02,0.0,0.28,0.0,0.72,0.0,0.0,0.0,3,0
328,0.14225092597565456,0.21896951934064973,7.323049049639294,1.644763363369882,8.233449837048186,2.283314907969712,6.805841384352417,1.6778468861474378,31.0,0.0,29.0,0.0,1.3236516906057514,1.4223404234029993,1.2723505845498482,1.3688811021920584,1.7069799952900602,0.11402789523481392,5.407809822288072,1.0375329265723359,0.49,0.0,0.21,0.03,0.1,0.08,0.0,0.0,0.0,0.06,0.0,0.03,0.0,0.28,0.0,0.72,0.0,0.0,0.0,2,0
329,0.2427056932541641,0.34796008742623574,7.208182688868504,1.629544583620443,7.70235068380853,2.785487356722294,6.283287533674675,2.281895399966143,30.1,6.864489210510284,27.55,6.352244493170118,1.8706819357343243,2.0479523280896728,1.6653302488867014,1.7904087364035628,1.7137800259314482,0.10622475429123038,5.068760432711065,1.3928150873762768,0.58,0.0,0.19,0.03,0.06,0.09,0.0,0.0,0.0,0.04,0.0,0.01,0.0,0.35,0.01,0.62,0.0,0.02,0.0,5,0
330,0.18965128627710193,0.3122531979021407,7.278769227791254,1.60392901082212,8.369402342852606,2.496073142294327,6.8298099424292165,1.6897965556733823,31.0,0.0,29.0,0.0,1.318397109562841,1.4710095819605329,1.2274937481677177,1.3589372002440083,1.6957973968952402,0.09422838272937119,5.4793410882972475,1.047191765022488,0.56,0.0,0.23,0.02,0.05,0.1,0.0,0.0,0.0,0.03,0.0,0.01,0.0,0.32,0.0,0.68,0.0,0.0,0.0,2,0
331,0.1586099582833837,0.24035827701079024,7.497634547394491,1.6031819328462689,8.696984563693881,2.3880845622419806,6.9044879331412154,1.520567791220681,31.0,0.0,29.0,0.0,1.255809417288452,1.2680093526378153,1.1934332066817215,1.2167656216586948,1.6983586355791513,0.11432180628246442,5.6405603011617576,1.057897286978646,0.54,0.0,0.17,0.02,0.09,0.1,0.0,0.0,0.0,0.06,0.0,0.02,0.0,0.24,0.0,0.76,0.0,0.0,0.0,2,0
332,0.14127256270983232,0.20668001978196482,7.494897599301498,1.4879316510322291,8.648497515553624,2.412615974887307,6.958946456470887,1.6044990982342116,31.0,0.0,29.0,0.0,1.2380816591804595,1.2889295544524662,1.1832224373960059,1.230942039696836,1.6956604545639216,0.09657353471214575,5.578083221491548,1.0709528537348243,0.65,0.0,0.18,0.0,0.04,0.08,0.0,0.0,0.0,0.03,0.0,0.02,0.0,0.26,0.0,0.74,0.0,0.0,0.0,2,0
333,0.17402768047628617,0.23376142893464194,7.25492486499208,1.5203961653144802,8.264300725273948,2.3803083879556644,6.537945840513955,1.8619101559553295,31.0,0.0,29.0,0.0,1.5333409795382809,1.550346428894249,1.495494843071868,1.5343668617142598,1.6973832955375214,0.09682093049912713,5.4235579518246855,1.0546363900311182,0.56,0.0,0.2,0.03,0.08,0.09,0.0,0.0,0.0,0.03,0.0,0.01,0.0,0.31,0.0,0.69,0.0,0.0,0.0,2,0
334,0.1595371088056425,0.2429338729784406,7.35923232514477,1.5760780382613522,8.286537664130583,2.3123775957429364,6.881328240890294,1.749900724815141,31.0,0.0,29.0,0.0,1.3072309534436841,1.4723872498901078,1.2416903789242721,1.3923174663619313,1.7081643459665559,0.10833791457695355,5.4277878522592165,1.041965078627571,0.55,0.0,0.2,0.02,0.08,0.1,0.0,0.0,0.0,0.04,0.0,0.01,0.0,0.3,0.0,0.7,0.0,0.0,0.0,2,0
335,0.09503321873206694,0.1888534641611028,7.250955881416239,1.4868274253487475,8.201823534507758,2.399599970409814,7.418069766771861,1.3724011184325198,31.0,0.0,29.0,0.0,0.8831540980553007,1.090429320520687,0.830950008255778,1.0610869917502308,1.7014659165119717,0.09526435217495798,5.405373388967123,1.0538482902091455,0.65,0.0,0.2,0.02,0.04,0.05,0.0,0.0,0.0,0.03,0.0,0.01,0.0,0.34,0.0,0.66,0.0,0.0,0.0,2,0
336,0.20064358206780092,0.2954898410756381,7.577250418930492,1.7806400793607193,8.35048350721693,2.457819997905019,6.792050104559207,1.740543098411067,33.23,22.3,31.23,22.3,1.3775146279454957,1.4465102277635555,1.3180746011859523,1.4053172855828622,1.7186301433604252,0.12951455637419867,5.338023913851098,1.0880258879728435,0.43,0.0,0.2,0.04,0.09,0.13,0.0,0.0,0.0,0.08,0.0,0.03,0.0,0.26,0.0,0.74,0.0,0.0,0.0,2,0
337,0.17171441688673064,0.29421549225402494,7.212899518158201,1.4579701221433616,8.061478880733995,2.2485872585254154,6.758809810324666,1.9522157923862824,35.15,31.574307097494138,33.17,31.552443117240017,1.475617250825724,1.7147151210709357,1.4036899844199977,1.6766360553256154,1.7075266071644604,0.1020872217920496,5.327069138345776,1.0312901600826831,0.59,0.0,0.15,0.01,0.11,0.1,0.0,0.0,0.0,0.01,0.0,0.03,0.0,0.3,0.0,0.7,0.0,0.0,0.0,3,0
338,0.19996528664806437,0.29880012883638024,7.511070033555688,1.5383556618825442,8.21323277480528,2.2599781772503986,6.73362602330261,1.9259669902855459,33.23,22.3,31.23,22.3,1.4507822500498457,1.5654432687894793,1.4269702390788674,1.5834797049264169,1.7187765159123927,0.11532066433975252,5.305676765111777,1.0441619183956143,0.55,0.0,0.15,0.04,0.11,0.04,0.0,0.0,0.0,0.02,0.0,0.09,0.0,0.29,0.0,0.71,0.0,0.0,0.0,2,0
339,0.1968311558809365,0.2787146175758474,7.493560574661949,1.6849799178831537,8.263266058747044,2.320986982287112,6.722511999667466,1.8781740064163792,35.46,31.37728059239261,33.46,31.37728059239261,1.4481497858890642,1.5489414512161044,1.3974867359453622,1.5078999386094913,1.7218259856116795,0.11815905551299227,5.355261578051832,1.0374538041795298,0.51,0.0,0.21,0.03,0.04,0.11,0.0,0.0,0.0,0.06,0.0,0.04,0.0,0.28,0.0,0.72,0.0,0.0,0.0,2,0
340,0.14197683298492275,0.23177123849318582,7.1576257638076095,1.6261303255044024,8.072343199094334,2.371695184662978,6.922223283357996,1.7163594886615279,35.46,31.37728059239261,33.46,31.37728059239261,1.237283456096477,1.4707950273136778,1.1771043471262284,1.441837585148228,1.7028166249646386,0.10466110310418109,5.383992816637002,1.0368553423572129,0.51,0.0,0.25,0.0,0.06,0.14,0.0,0.0,0.0,0.03,0.0,0.01,0.0,0.33,0.0,0.67,0.0,0.0,0.0,2,0
341,0.20959612924839072,0.32101968998472136,7.13205541543473,1.7779748557718758,7.798258664446427,2.783399634246393,6.305269959553377,2.07942334261625,34.53,31.95560525276758,32.59,31.89189283004112,1.8157070762643184,2.2440693616378047,1.5406725964347867,1.8008549314504736,1.7061968866372286,0.1156509968337263,5.157584261628245,1.2980971643998231,0.51,0.0,0.25,0.03,0.07,0.11,0.0,0.0,0.0,0.03,0.0,0.0,0.0,0.36,0.0,0.62,0.02,0.0,0.0,3,0
342,0.20627752496566068,0.27852853063233396,7.306713865035882,1.5696810216297468,8.657385192172155,2.3874360529806573,6.5763023048084195,2.021381266557556,31.0,0.0,29.0,0.0,1.5974588048867977,1.7653053856766683,1.507169443657903,1.6753718027948077,1.6868926271764344,0.09594623441422379,5.684073487637226,1.0293147335738597,0.44,0.0,0.22,0.02,0.11,0.17,0.0,0.0,0.0,0.02,0.0,0.02,0.0,0.24,0.0,0.76,0.0,0.0,0.0,2,0
343,0.21129016006677726,0.3161934439010927,7.2668641041444815,1.6042267325938337,8.224064238273808,2.4392844849952273,6.778599237898355,1.9907626757053367,35.46,31.37728059239261,33.46,31.37728059239261,1.4328875527720937,1.7255033729274978,1.3470498056523834,1.6424742192325539,1.7094196084677507,0.10512729518737339,5.435632237820133,1.0609789531723335,0.52,0.0,0.22,0.02,0.06,0.13,0.0,0.0,0.0,0.03,0.0,0.02,0.0,0.33,0.0,0.67,0.0,0.0,0.0,2,0
344,0.21546682355421795,0.29868813212476986,7.163175712074733,1.723568607298344,7.8909895149994895,2.485121215688799,6.416171659611039,2.0454344926085692,35.46,31.377280592392598,33.46,31.3772805923926,1.6483617886098216,1.7949511821801014,1.602027854616801,1.761561405778581,1.7118595470736475,0.11449588953637892,5.258698249547415,1.0456686359006966,0.43,0.0,0.26,0.04,0.09,0.12,0.0,0.0,0.0,0.03,0.0,0.03,0.0,0.37,0.0,0.63,0.0,0.0,0.0,2,0
345,0.20326583859360536,0.2824475037096574,7.415623006875373,1.592329803337591,8.129754617171587,2.293781139979048,6.286991911892539,1.9587802746435208,31.0,0.0,29.0,0.0,1.7374259536737426,1.6626434151098355,1.7292916485409808,1.6969415050740195,1.7214726373355105,0.12337107557579131,5.331370036681261,1.0753796349643905,0.55,0.0,0.17,0.03,0.11,0.08,0.0,0.0,0.0,0.06,0.0,0.0,0.0,0.3,0.0,0.7,0.0,0.0,0.0,2,0
346,0.2142333486250625,0.3005025643071134,7.35969771032477,1.7070545450354988,8.15378097981988,2.4086559174873345,6.551345712171074,1.886348262990777,35.75,31.469521891519232,35.71,38.34724253582011,1.5129376016188545,1.5963121150830482,1.4848756107676575,1.5901389188290016,1.704514858070496,0.12082681748088846,5.303825931033896,1.0683495044641016,0.44,0.0,0.24,0.06,0.1,0.11,0.0,0.0,0.0,0.04,0.0,0.01,0.0,0.28,0.0,0.72,0.0,0.0,0.0,2,0
347,0.18483434143911348,0.3016248239029343,7.499961991675608,1.615708724036737,8.482160384877199,2.6434439565099663,6.834145934939369,1.7392871914367907,33.23,22.299999999999997,31.23,22.299999999999997,1.3278169412313263,1.4751822452376862,1.2628345294890113,1.4384655353894777,1.710846801569332,0.1098997493346925,5.492476196432583,1.1036045242119485,0.62,0.0,0.2,0.01,0.04,0.09,0.0,0.0,0.0,0.03,0.0,0.01,0.0,0.31,0.0,0.69,0.0,0.0,0.0,2,0
348,0.1773297437104864,0.30957532253510617,7.374425820718496,1.5764241841251385,8.273145807001304,2.32765535158986,6.91099642231354,1.8798359647240652,32.92,22.545433365907286,30.94,22.516804050452286,1.3169042083676588,1.7234408825087044,1.2386779218815809,1.6614651093748178,1.711478747472835,0.10992297045969496,5.408399960488075,1.0562264574319582,0.56,0.0,0.19,0.02,0.03,0.14,0.0,0.0,0.0,0.05,0.0,0.01,0.0,0.28,0.0,0.72,0.0,0.0,0.0,3,0
349,0.27366925103103784,0.36700514077274604,7.636703939594182,1.6295277527117116,8.643353897726914,2.8409672100105725,6.43873664232253,1.9084150614763888,32.63,22.755465543934978,30.65,22.727803024116305,1.6736383211259795,1.775562232597918,1.4073971797128701,1.369304615200278,1.698636714198247,0.09961642000155889,5.443876578887865,1.3323619637680522,0.67,0.0,0.17,0.0,0.01,0.1,0.0,0.0,0.0,0.04,0.0,0.01,0.0,0.27,0.0,0.71,0.0,0.02,0.0,3,0
350,0.17483618974979986,0.2579340911998362,7.482126178793273,1.7868472159620619,8.497355150170726,2.621590214289771,6.813086830573292,1.5556750868734481,33.23,22.3,31.23,22.3,1.3014465781532214,1.3467957486386617,1.2177514820491644,1.265154307055097,1.7069749449940084,0.11998861906765013,5.486506055377424,1.1149055176403624,0.51,0.0,0.23,0.01,0.05,0.11,0.0,0.0,0.0,0.08,0.0,0.01,0.0,0.29,0.0,0.71,0.0,0.0,0.0,2,0
351,0.2203818458427761,0.2977138759126222,7.511567130411617,1.5979212234068214,8.762793581638194,2.5050841196536022,6.692394715552511,1.7948800287539075,35.46,31.377280592392605,33.46,31.377280592392605,1.4438687345655137,1.5413696609810936,1.3822929342656918,1.48945899177486,1.6892098077571465,0.10142493599068483,5.624295375101949,1.0795742320016175,0.58,0.0,0.22,0.02,0.04,0.1,0.0,0.0,0.0,0.02,0.0,0.02,0.0,0.26,0.0,0.74,0.0,0.0,0.0,2,0
352,0.1766556057571293,0.28095286929627306,7.3384812098764405,1.6012598321716929,8.235077502314601,2.4057959070392014,6.876250008022032,1.9014129150059973,35.46,31.37728059239261,33.46,31.37728059239261,1.3521637649721936,1.6179521257472078,1.2839352034924025,1.5472867965291708,1.712931607751426,0.11350800392378764,5.420193325054956,1.0655241510262061,0.52,0.0,0.21,0.02,0.08,0.13,0.0,0.0,0.0,0.03,0.0,0.01,0.0,0.29,0.0,0.71,0.0,0.0,0.0,2,0
353,0.15079123026119468,0.2640204523347731,6.986012822700051,1.6590846836435187,8.022920583814248,2.4548196281125705,7.0882361122991835,1.9084731290977517,35.46,31.3772805923926,33.46,31.3772805923926,1.1683789775118225,1.6543746027136261,1.0935198074784487,1.5644602693268537,1.6996766884407832,0.09803292102105626,5.463550707006711,1.0431503763617493,0.42,0.0,0.32,0.01,0.04,0.17,0.0,0.0,0.0,0.03,0.0,0.01,0.0,0.38,0.0,0.62,0.0,0.0,0.0,2,0
354,0.18482499475647496,0.280382673728301,7.491509607628927,1.7431838549226606,8.37784821749813,2.2874022071508633,6.835730669239638,1.970117233753741,32.92,22.545433365907293,30.94,22.51680405045229,1.381741199265356,1.7794033865362935,1.3581528734103412,1.7530875159975645,1.7123162627675708,0.12757385961289877,5.447177376199931,1.0524610253786613,0.47,0.0,0.23,0.01,0.05,0.14,0.0,0.0,0.0,0.08,0.0,0.02,0.0,0.27,0.0,0.73,0.0,0.0,0.0,3,0
355,0.1711228061383817,0.3049706869946306,7.0332583711504855,1.5382794082983426,7.676100045793739,2.7469251261454235,6.809645917702898,2.147635351400897,39.61,44.09170768827951,27.55,6.352244493170119,1.4738111705333727,1.8985253844959944,1.3374182301048472,1.7431118250551911,1.703101105894612,0.11575935029614724,5.157239609502573,1.4646849002421496,0.48,0.0,0.23,0.05,0.12,0.08,0.0,0.0,0.0,0.02,0.0,0.02,0.0,0.32,0.0,0.64,0.04,0.0,0.0,3,0
356,0.16406806059002235,0.2616406643498316,7.38629359801246,1.5020878804893352,7.779488830367564,2.9402852075771695,6.92603770650129,2.223416536126273,44.38,53.22636621643506,27.26,6.921814440702319,1.433487700432554,1.6043705589941821,1.370678276230606,1.5456362876306147,1.7311514573328914,0.122963397979861,5.072600162839904,1.6188981807079905,0.59,0.0,0.15,0.02,0.06,0.1,0.0,0.0,0.0,0.05,0.0,0.03,0.0,0.28,0.0,0.66,0.06,0.0,0.0,2,0
357,0.1662567940717303,0.2748369257240179,7.402037502835076,1.4510652949790757,7.608882173777198,3.2873743448025357,7.04211213855152,2.306573648027754,51.07,64.14003855201946,26.39,8.341081246675179,1.3971336685003197,1.514990409717141,1.35822890610473,1.4795416412870372,1.7383744729334438,0.12644374275854015,4.954532752490467,1.8619846866802146,0.63,0.0,0.14,0.02,0.06,0.09,0.0,0.0,0.0,0.03,0.0,0.03,0.0,0.28,0.0,0.63,0.09,0.0,0.0,2,0
358,0.1246203133699989,0.21811931681933971,7.1466136175385735,1.6681438020732438,6.741858403107443,3.7629317464845506,7.513952704297408,2.600618406792606,63.83,80.4078059178663,24.07,10.94822987399047,1.2359647789781183,1.9354784750070482,0.994021108281042,1.3379744116955807,1.7456572345203125,0.15265944823946243,4.46101835538361,2.244506787802054,0.55,0.0,0.21,0.02,0.1,0.05,0.0,0.0,0.0,0.06,0.0,0.01,0.0,0.26,0.0,0.57,0.17,0.0,0.0,3,0
359,0.20334446013182642,0.3146506302372189,7.347090664150861,1.5577293122718998,7.703394649743119,3.6257183287869004,7.153147464835432,2.443332460265357,55.53,70.12592641495408,25.81,9.119515094321384,1.374627712308615,1.7457760222842444,1.204120457325971,1.4790093377444187,1.7250238466109977,0.13656447580004089,5.024121756951095,2.052611332944569,0.54,0.0,0.2,0.03,0.07,0.11,0.0,0.0,0.0,0.04,0.0,0.01,0.0,0.25,0.0,0.64,0.11,0.0,0.0,2,0
360,0.1989260883222887,0.3293777575636834,7.26838680957644,1.4225843651966725,7.1210106373706425,3.7323900994315142,7.332641354106631,2.6750503582384497,64.45,80.02807272602797,24.65,10.407238157196465,1.37733967119068,1.733482331242088,1.3091586074505617,1.7019483619664137,1.7420485110040032,0.14363755605169923,4.664932303756569,2.207737369814278,0.55,0.0,0.16,0.05,0.09,0.12,0.0,0.0,0.0,0.03,0.0,0.0,0.0,0.23,0.0,0.62,0.15,0.0,0.0,2,0
361,0.22185385364829227,0.3097850633617591,7.579880944950065,1.457741204111426,6.96460609136107,3.8354829317538806,6.9800039611396745,2.7552374072552097,68.91,84.18811247930601,24.07,10.94822987399047,1.6347585370537703,1.6555228341918173,1.6178012691521855,1.6634487095254553,1.77836730387549,0.14520541976038936,4.456444205775326,2.24464331269484,0.61,0.0,0.11,0.03,0.05,0.13,0.0,0.0,0.0,0.05,0.0,0.02,0.0,0.23,0.0,0.6,0.17,0.0,0.0,2,0
362,0.10608602052715418,0.19306673784939796,7.224866047814172,1.4856140815432086,6.787900877165566,3.7497744965489,7.730157076648432,2.4048086261447406,68.91,84.18811247930603,24.07,10.948229873990467,1.0312196547273285,1.3254633637723248,0.981798625219062,1.2311883354009072,1.7526798599297826,0.14541811825084747,4.486712983647258,2.2494078250344756,0.61,0.0,0.19,0.02,0.06,0.06,0.0,0.0,0.0,0.04,0.0,0.02,0.0,0.28,0.0,0.55,0.17,0.0,0.0,2,0
363,0.15032406002924328,0.3005568104123387,7.292735797708515,1.504505929588016,6.576313067290739,3.878776015937567,7.649265691474978,2.5868233397998117,73.37,87.92382550201677,23.49,11.434040087706212,1.173056832850409,1.4845505565282406,1.1154287489896508,1.4195982848737105,1.7705892273604014,0.14680644396363182,4.301724281096783,2.2961731144981723,0.57,0.0,0.17,0.02,0.05,0.12,0.0,0.0,0.0,0.04,0.0,0.03,0.0,0.25,0.0,0.56,0.19,0.0,0.0,2,0
364,0.14981848866936287,0.2807340216641399,7.151320115483946,1.623971008682277,6.977886849496502,3.687591466766301,7.464906822496814,2.319239416610182,59.99,75.37348018468775,25.23,9.801932400699304,1.159692893751157,1.4006060819585575,1.0834866812826207,1.329585701126105,1.743349568976365,0.14216922915618302,4.609781970185983,2.06599926576876,0.5,0.0,0.2,0.03,0.11,0.11,0.0,0.0,0.0,0.04,0.0,0.01,0.0,0.31,0.0,0.56,0.13,0.0,0.0,2,0
365,0.2045664085340176,0.33334697282466424,7.533902948623461,1.3830392977081425,7.605948743304871,3.7544002454841277,7.130247385515121,2.4728272973679997,59.99,75.37348018468774,25.23,9.8019324006993,1.4560801422293743,1.6969590493165554,1.2875933276499791,1.4419931494746367,1.7421690871508446,0.1353195856933742,4.864299227513912,2.138628552057849,0.66,0.0,0.12,0.01,0.06,0.1,0.0,0.0,0.0,0.01,0.0,0.04,0.0,0.21,0.0,0.66,0.13,0.0,0.0,2,0
366,0.1434213665398496,0.23366356351501416,7.167215080984372,1.6249482762933614,7.54852075609789,3.1511710142737908,7.2167011657526,2.3061442068262306,48.84,60.803163128776816,26.68,7.907137805984431,1.2258669301460114,1.6515528830069248,1.186480339119483,1.5962206077579433,1.720074024219273,0.12881288763976712,5.0225622886263315,1.7810191227078151,0.49,0.0,0.26,0.02,0.05,0.11,0.0,0.0,0.0,0.06,0.0,0.01,0.0,0.3,0.0,0.62,0.08,0.0,0.0,2,0
367,0.21333020553764365,0.31651426505064817,7.376907004179693,1.5038402538208686,7.94278819847451,3.4331569545913143,6.841180613307223,2.372930821347915,48.84,60.80316312877684,26.68,7.907137805984431,1.543944659246499,1.7261517223117535,1.4626659048281976,1.6544848107043784,1.722066011603628,0.12423808946364277,5.1751228564674445,1.861744551260452,0.61,0.0,0.17,0.01,0.05,0.13,0.0,0.0,0.0,0.03,0.0,0.0,0.0,0.28,0.0,0.64,0.08,0.0,0.0,2,0
368,0.211293868956829,0.30537783728066054,7.374939282675594,1.5698293161200019,7.539013935296742,3.040577696564838,6.4989657591822425,2.354718820003396,46.3,57.353678560702996,26.68,7.907137805984432,1.7798618914113247,1.850660920152811,1.651874369633742,1.725456311496586,1.7408587122730788,0.1332453616585552,4.920730298602216,1.6911309003107058,0.59,0.0,0.15,0.03,0.09,0.07,0.0,0.0,0.0,0.06,0.0,0.01,0.0,0.29,0.0,0.64,0.07,0.0,0.0,3,0
369,0.17317695746823536,0.27591273527878446,7.2544807011779575,1.4395246312343386,7.193189228500225,3.515727375529776,7.036842753028027,2.5031609437285978,57.76,72.83149501875316,25.52,9.47136033876162,1.4550097056722506,1.6047656743304208,1.4403800576435974,1.601158798447398,1.73845688947627,0.13597755973604847,4.728711808418279,2.022601889302495,0.63,0.0,0.17,0.02,0.1,0.06,0.0,0.0,0.0,0.01,0.0,0.01,0.0,0.29,0.0,0.59,0.12,0.0,0.0,2,0
370,0.2400104469404118,0.3221361352678507,7.247749255388786,1.5769519966583574,7.393428812938411,3.327672838489597,6.64134571550703,2.563453320802362,53.3,67.23702984084129,26.1,8.743828992755144,1.7415075406825233,1.8331851475200553,1.5927658703040155,1.6434758566818062,1.7329777617149527,0.12511932686970054,4.849046566794314,1.8894864359159438,0.46,0.0,0.21,0.04,0.08,0.12,0.0,0.0,0.0,0.02,0.0,0.07,0.0,0.27,0.0,0.63,0.1,0.0,0.0,2,0
371,0.18457945705322876,0.2759794049000586,7.336172927380903,1.502745704570732,8.114023236650604,3.118958204735941,6.919975307732334,2.18774510854646,44.38,53.226366216435075,27.26,6.921814440702319,1.418318855632772,1.6122574852313831,1.3489598393505795,1.5374926964626352,1.7092615715325383,0.1147112855394039,5.305850125937566,1.6891447258051426,0.57,0.0,0.2,0.02,0.05,0.12,0.0,0.0,0.0,0.03,0.0,0.01,0.0,0.25,0.0,0.69,0.06,0.0,0.0,2,0
372,0.1766997442413797,0.31212214064627686,7.015570939332153,1.6138077978988057,7.258280876602603,3.273576575157684,7.072854689937937,2.216418337471092,48.84,60.80316312877682,26.68,7.907137805984429,1.2886159787903688,1.6044699685906458,1.2049769159545702,1.5053278140476927,1.7267134718952086,0.12361829708186074,4.901461818191505,1.768510939598379,0.46,0.0,0.26,0.02,0.09,0.13,0.0,0.0,0.0,0.02,0.0,0.02,0.0,0.37,0.0,0.55,0.08,0.0,0.0,2,0
373,0.21570548896243924,0.3402392750395224,7.213118353376164,1.6495650359594154,7.486836191441555,3.6940864863061305,7.000060262471179,2.51903099350038,55.53,70.1259264149541,25.81,9.119515094321383,1.5044099198709404,1.6725494007650268,1.4109183375851597,1.6160376307897375,1.726194359123714,0.1366004005792949,4.9159771829280166,2.0226790222181643,0.52,0.0,0.2,0.02,0.13,0.1,0.0,0.0,0.0,0.03,0.0,0.0,0.0,0.28,0.0,0.61,0.11,0.0,0.0,2,0
374,0.32930865416906285,0.44781308808183795,7.259325080123108,1.6981373142225846,7.628762595290722,3.627807998281874,6.246035698668878,2.5938872959039285,43.18,53.85528307558615,26.1,8.743828992755144,2.034860273065302,2.299076819226501,1.5726846667461944,1.7079072059049676,1.7117662238902016,0.11882926028063655,4.967932346809544,1.9710800157782906,0.47,0.0,0.25,0.04,0.05,0.13,0.0,0.0,0.0,0.03,0.0,0.03,0.0,0.28,0.0,0.62,0.06,0.04,0.0,3,0
375,0.24046269776530704,0.3695935454665888,7.554229880630946,1.7364461398646465,8.66883022518072,2.7380720450869305,6.699516099700967,1.8691471920020812,33.23,22.3,28.71,2.9,1.467825617362026,1.5797438607126335,1.398498535721992,1.5026267082869513,1.7010802084857324,0.12557175779794702,5.5687228243962865,1.2451680670623453,0.46,0.0,0.21,0.04,0.12,0.1,0.0,0.0,0.0,0.06,0.0,0.01,0.0,0.23,0.0,0.76,0.01,0.0,0.0,2,0
376,0.24139474905327798,0.3399905308345411,7.315210934084733,1.6134648649793486,8.630622476728869,2.790846547797324,6.360010382193426,2.0202592091188647,30.38,4.36186411822498,28.42,4.0804535299524005,1.772433156851953,2.088649456982368,1.4638960540617125,1.5264493771588246,1.683668279959353,0.08574674314691234,5.6248639005808805,1.3005203634316496,0.58,0.0,0.23,0.01,0.02,0.14,0.0,0.0,0.0,0.02,0.0,0.0,0.0,0.27,0.0,0.71,0.02,0.0,0.0,3,0
377,0.17931148103078567,0.29618834695703933,7.444927056039513,1.5788992367050696,8.575299166830257,2.485892124113883,6.877885915958335,1.7736665824838835,33.23,22.3,29.31,3.0999999999999996,1.2979697151083551,1.515109012941032,1.2344518271737766,1.4304116883333964,1.7028673053546035,0.09847976703228946,5.579289255887748,1.0641732474487846,0.62,0.0,0.2,0.0,0.0,0.12,0.0,0.0,0.0,0.05,0.0,0.01,0.0,0.32,0.0,0.67,0.0,0.0,0.01,2,0
378,0.18367335530850135,0.30210486128263264,7.333106807437324,1.7257787938877476,8.136787115062011,2.4207000346379917,6.83918149712052,1.7947359822567477,31.0,0.0,29.0,0.0,1.3401910787292257,1.5251092890761098,1.2559687746514803,1.4159924241479311,1.7185566050676115,0.11185668580960481,5.343109547229745,1.030761717454649,0.48,0.0,0.22,0.01,0.05,0.15,0.0,0.0,0.0,0.07,0.0,0.02,0.0,0.35,0.0,0.65,0.0,0.0,0.0,2,0
379,0.15733903569726793,0.24556367572318957,7.19659046739868,1.5230468414106288,8.21671402898956,2.406229864347883,6.729368744398613,1.7736488547894138,31.0,0.0,29.0,0.0,1.4047444462595673,1.5527071372635992,1.3232566737075584,1.467744382584016,1.7035278627770987,0.09685968190633124,5.467794093954158,1.0400164024544034,0.57,0.0,0.22,0.01,0.05,0.12,0.0,0.0,0.0,0.03,0.0,0.0,0.0,0.34,0.0,0.66,0.0,0.0,0.0,2,0
380,0.15569332226130025,0.24680092906454545,7.531865849002572,1.6544038933950047,8.669639356127272,2.5143442489681664,7.033737078779839,1.6004530841399438,31.0,0.0,29.0,0.0,1.1583474597719785,1.3662655264739392,1.1036297389627872,1.3172459840226503,1.7041263950891627,0.11476466179059452,5.615594272115704,1.084680376535181,0.55,0.0,0.22,0.01,0.03,0.12,0.0,0.0,0.0,0.07,0.0,0.0,0.0,0.28,0.0,0.72,0.0,0.0,0.0,2,0
381,0.11747355415867884,0.19982862645876096,7.157831147569471,1.7686553851680233,7.762172519583195,2.4195221715588273,7.030416820389952,1.7625545664907414,30.69,3.1,28.71,2.9,1.082443823174615,1.3697363191045155,1.0386497218071566,1.3103411641595546,1.7211488659621026,0.12279256598236309,5.203775765857646,1.1385373986995444,0.48,0.0,0.25,0.02,0.08,0.08,0.0,0.0,0.0,0.08,0.0,0.01,0.0,0.37,0.0,0.62,0.01,0.0,0.0,3,0
382,0.2020946019914292,0.2673155582671322,7.379302337169001,1.6287591980687788,8.247435768797548,2.4236105674710458,6.572782473171008,1.8882995936702671,31.0,0.0,29.0,0.0,1.535124315927534,1.5869264591814123,1.481838672081937,1.5676617441069352,1.7068136795240352,0.10895177560317991,5.35681699345622,1.0568360996728077,0.48,0.0,0.2,0.05,0.11,0.09,0.0,0.0,0.0,0.03,0.0,0.04,0.0,0.3,0.0,0.7,0.0,0.0,0.0,2,0
383,0.1877885983273859,0.27819402530451454,7.365513117165316,1.6481380016955165,7.9974175659408395,3.1762239797635576,6.660012138819163,1.8685092024506476,32.65,7.22841614740048,27.55,6.352244493170119,1.4798587078218566,1.5263945809840804,1.4056468403608722,1.496342716550854,1.7213689994750925,0.1176426847896363,5.2122975989756135,1.6258806335790763,0.53,0.0,0.19,0.02,0.07,0.13,0.0,0.0,0.0,0.05,0.0,0.01,0.0,0.29,0.0,0.66,0.05,0.0,0.0,2,0
384,0.14913880368001378,0.29675827439856733,7.052317910066015,1.5243999310537466,5.8885399280011,4.487312340788663,7.533817744374991,2.0287189042740064,40.92,15.852654877548643,19.72,13.595958995602372,1.0526131655163544,1.6111868056278695,0.9947228221026484,1.591059979950165,1.7547967904217203,0.12928624036240294,3.829726882497954,2.7362337965578747,0.62,0.0,0.14,0.03,0.07,0.08,0.0,0.0,0.0,0.04,0.0,0.02,0.0,0.19,0.0,0.5,0.31,0.0,0.0,3,0
385,0.1533593130852485,0.3067480850816422,7.021251016820247,1.488742560801012,6.012442764191175,4.141645729224973,7.137625332849052,2.2808221803165023,38.3,15.15209089815193,21.46,12.784476066027436,1.3821220033893795,2.0319459503463255,1.09209361135625,1.4609842983431967,1.7525160664469877,0.11824469539825466,3.9367131550540058,2.5158736282073444,0.67,0.0,0.12,0.01,0.06,0.09,0.0,0.0,0.0,0.03,0.0,0.02,0.0,0.25,0.0,0.49,0.26,0.0,0.0,3,0
386,0.22322964860158778,0.33649531759483475,7.023175354030053,1.6411177557418561,7.655858155252179,2.6077008430869184,6.150204232347419,2.2273274833820658,30.09,5.201194501499079,28.13,4.971951631935193,1.934894655667565,2.1839515178857845,1.7024273745621252,1.913809964064525,1.6986784422536276,0.10076297503086414,5.108561510839511,1.2494977021959248,0.55,0.0,0.24,0.02,0.09,0.06,0.0,0.0,0.0,0.03,0.0,0.01,0.0,0.38,0.0,0.6,0.0,0.02,0.0,4,0
387,0.23724121183483504,0.32983369822974434,7.534197120812503,1.6976127001327328,8.376286183045066,2.564773601963241,6.515632234252939,1.7651111484250073,31.0,0.0,29.0,0.0,1.552341420592609,1.504351658772838,1.4930418492793998,1.48486227357312,1.716561657154707,0.11449181182089836,5.388988155978151,1.074437695801011,0.5,0.0,0.2,0.03,0.07,0.1,0.0,0.0,0.0,0.04,0.0,0.06,0.0,0.3,0.0,0.7,0.0,0.0,0.0,2,0
388,0.2467034374646328,0.3391149026693973,7.597054776881575,1.5798017151818973,8.918902867639018,2.606047069669387,6.553740398498826,1.6631278271501,31.0,0.0,29.0,0.0,1.52672654710405,1.45194548148554,1.4421253630416673,1.3564698021355281,1.6873326856556274,0.09344640411981342,5.652503141793201,1.0944825422098639,0.63,0.0,0.18,0.03,0.05,0.07,0.0,0.0,0.0,0.02,0.0,0.02,0.0,0.26,0.0,0.74,0.0,0.0,0.0,2,0
389,0.18524332256903653,0.3072014067808415,7.392948304819635,1.7354301415164564,8.491475514845082,2.58892029096926,6.972728393752207,1.7565207912866407,31.0,0.0,29.0,0.0,1.2449016999498392,1.5044421713674152,1.1574532778682391,1.4067834308947245,1.7090257851357384,0.11367448150679402,5.569620697525879,1.0691229672825477,0.51,0.0,0.23,0.01,0.05,0.12,0.0,0.0,0.0,0.07,0.0,0.01,0.0,0.32,0.0,0.68,0.0,0.0,0.0,2,0
390,0.19408655980398712,0.2584748361820022,7.640594998173383,1.8192276913617638,8.532453654661063,2.563214032413587,6.71632651704592,1.5548727364162522,31.0,0.0,29.0,0.0,1.3542065117696906,1.2967256620870176,1.3249393147965352,1.2959498137566856,1.7143900398773122,0.1311179861905965,5.441460960023574,1.107858729965514,0.5,0.0,0.21,0.01,0.08,0.09,0.0,0.0,0.0,0.1,0.0,0.01,0.0,0.27,0.0,0.73,0.0,0.0,0.0,2,0
391,0.21593935305290668,0.3688088601264724,7.042259034743037,1.5782221571227706,7.749485148719582,2.8796326896008604,6.3962514937148685,2.191744755925496,29.49,6.615706746642853,27.55,6.352244493170119,1.7594100932661505,2.264606354304813,1.3284336943795723,1.6444164911463117,1.6919780041790518,0.096351154440519,5.168156195104103,1.4918666779061265,0.54,0.0,0.24,0.03,0.06,0.09,0.0,0.0,0.0,0.03,0.0,0.01,0.0,0.34,0.0,0.62,0.0,0.04,0.0,4,0
392,0.16159223291284192,0.24068442725859704,6.944888779843284,1.6413322530241279,7.784650565660899,2.3267758222906343,6.593932369393663,1.9578886120768324,31.0,0.0,29.0,0.0,1.5156590985170562,1.7267949915997582,1.4560260798608176,1.646759578688728,1.7026352217624245,0.10989709144071742,5.293213137137911,1.0429648138176932,0.34,0.0,0.29,0.04,0.15,0.14,0.0,0.0,0.0,0.03,0.0,0.01,0.0,0.35,0.0,0.65,0.0,0.0,0.0,2,0
393,0.19477385534866862,0.24741627362511054,7.2741349607635035,1.5845964787607039,7.8629949914457935,2.2021025480872174,6.33035853375253,2.0442008693625673,31.0,0.0,29.0,0.0,1.7277194943581093,1.6988702127599258,1.7341378999782264,1.7143290453602664,1.7209093654421546,0.11581932141939152,5.184740659321242,1.0086947716897912,0.5,0.0,0.19,0.04,0.11,0.1,0.0,0.0,0.0,0.05,0.0,0.01,0.0,0.33,0.0,0.67,0.0,0.0,0.0,2,0
394,0.19718360488686,0.2565234750906029,7.307906638828607,1.6340555671706503,8.295737859964,2.2437772300765606,6.555554958957483,1.912131683723713,31.0,0.0,29.0,0.0,1.5750179900165018,1.66280230669367,1.4940170819391354,1.5802222810335287,1.707732992974199,0.11369839743229847,5.457509145152588,1.0342092680928971,0.42,0.0,0.22,0.03,0.1,0.16,0.0,0.0,0.0,0.06,0.0,0.01,0.0,0.26,0.0,0.74,0.0,0.0,0.0,2,0
395,0.1323897434996557,0.18313320485249995,7.303189147723566,1.4968707207976006,8.288079335916963,2.3730935377443756,6.790058144161702,1.4522043032140917,31.0,0.0,29.0,0.0,1.31739642301372,1.2390527042408588,1.2424322888064174,1.2238577778953543,1.6985631582117182,0.10769586671417442,5.397637088485412,1.1003518476100895,0.57,0.0,0.17,0.03,0.12,0.07,0.0,0.0,0.0,0.04,0.0,0.0,0.0,0.24,0.0,0.76,0.0,0.0,0.0,2,0
396,0.17714212382004654,0.26700371266228023,7.219325399141118,1.576322350820861,7.837377963390067,2.362494886447628,6.539316714286409,1.8293957668584069,31.0,0.0,29.0,0.0,1.55715437033739,1.55815791828256,1.5048753421949794,1.552474471292536,1.7196042774012394,0.11453663276884184,5.175066059179105,1.0416192792020849,0.47,0.0,0.2,0.04,0.13,0.12,0.0,0.0,0.0,0.03,0.0,0.01,0.0,0.32,0.0,0.68,0.0,0.0,0.0,2,0
397,0.17230798765145572,0.23367563667924812,7.378227619276925,1.6227147962162292,8.076732219709447,2.3239644007233498,6.619460001917523,1.8656208676847292,31.0,0.0,29.0,0.0,1.4961610627454407,1.544860771047089,1.4637404117834174,1.5442060517665297,1.7213655833144443,0.12127886075113163,5.289228545372321,1.0751897200507967,0.48,0.0,0.2,0.06,0.09,0.1,0.0,0.0,0.0,0.06,0.0,0.01,0.0,0.31,0.0,0.69,0.0,0.0,0.0,2,0
398,0.12694642644627738,0.17849208626009908,7.191482867267684,1.4666372434716093,8.144655080829521,2.4319625485816667,6.977039403569966,1.665267434872848,31.0,0.0,29.0,0.0,1.2146116184004834,1.4249133040930149,1.1372741575834997,1.3788231540369946,1.6988742747784116,0.08498596911629112,5.349392258111236,1.070480345655691,0.59,0.0,0.21,0.01,0.04,0.12,0.0,0.0,0.0,0.02,0.0,0.01,0.0,0.3,0.0,0.7,0.0,0.0,0.0,2,0
399,0.15823619951867354,0.2237953471462938,7.1594256302969725,1.4957955265885332,8.050152579858658,2.513145968014764,6.736455246617704,1.8921322256132436,31.32,3.1999999999999997,28.71,2.9,1.44460656078856,1.5727639375606497,1.3538450388107737,1.4975660073289068,1.7059134510183742,0.08543559255452926,5.3227056072371,1.1593241035336435,0.53,0.0,0.21,0.02,0.05,0.15,0.0,0.0,0.0,0.01,0.0,0.03,0.0,0.32,0.01,0.67,0.0,0.0,0.0,3,0
400,0.16150748395482445,0.27122238001917576,7.0963577342984925,1.4824763990128,7.981380270987343,2.366464217453367,6.675915990308126,1.8575744419209368,30.69,3.0999999999999996,28.71,2.9,1.545434831688553,1.8690128724056436,1.4739169440635302,1.822548427693771,1.7021802602656322,0.0902463046373008,5.318776507200612,1.0587897479024786,0.55,0.0,0.22,0.01,0.08,0.11,0.0,0.0,0.0,0.01,0.0,0.02,0.0,0.34,0.0,0.66,0.0,0.0,0.0,3,0
401,0.16453064564795383,0.21588162025444615,7.247425857821991,1.538644207829359,7.906239525564775,2.68541595081618,6.8278234857976,1.8957839394019196,37.69,38.23259358350166,28.13,4.971951631935194,1.4560836294952741,1.647883994221153,1.3982270680653772,1.601103025734826,1.711079271977566,0.11083506109228052,5.193626145374391,1.3754242521185522,0.54,0.0,0.22,0.03,0.05,0.11,0.0,0.0,0.0,0.03,0.0,0.02,0.0,0.3,0.0,0.67,0.03,0.0,0.0,2,0
402,0.1628473050674707,0.220397177262889,7.406025500345765,1.4517098546013174,8.38786412670866,2.2550308195526108,6.594279831925968,1.7168969659841085,31.0,0.0,29.0,0.0,1.500999058614295,1.4568504946700829,1.4112060429677182,1.378999216621405,1.7041847822742613,0.09369208159866887,5.423920360930823,1.0100755389255984,0.63,0.0,0.17,0.01,0.04,0.11,0.0,0.0,0.0,0.03,0.0,0.01,0.0,0.25,0.0,0.75,0.0,0.0,0.0,2,0
403,0.1558012524080418,0.23740849375022827,7.347655329289352,1.6401548683422853,8.222617900172153,2.402710016093217,6.816665107036456,1.6840852563898647,30.69,3.0999999999999996,28.71,2.9,1.345917864466225,1.3783864494181008,1.2772585691672942,1.3165958890977976,1.7088989885163768,0.11309529256833019,5.3633108080325735,1.0844329173796259,0.51,0.0,0.18,0.04,0.08,0.11,0.0,0.0,0.0,0.06,0.0,0.02,0.0,0.29,0.0,0.71,0.0,0.0,0.0,3,0
404,0.16650187644745829,0.2591486495666485,7.151766366662188,1.6773174145916852,8.036904658849805,2.4097797338585236,6.819709399556269,1.8291687874826579,31.0,0.0,29.0,0.0,1.3511470663966059,1.5559122836261103,1.2920112240872548,1.493473719171717,1.7039434256835484,0.1139361596299543,5.3535052422270315,1.0490639819356729,0.43,0.0,0.26,0.02,0.14,0.1,0.0,0.0,0.0,0.04,0.0,0.01,0.0,0.29,0.0,0.71,0.0,0.0,0.0,2,0
405,0.1807619218613149,0.3147841493671366,7.425396367870794,1.566122611249543,8.05211613489207,2.4454347349510885,6.85865620818563,1.9149610055570812,30.39,4.292099860455394,28.42,4.080453529952401,1.3914765497082673,1.7905225444023902,1.2401361928905745,1.5574411254185518,1.7237858455826487,0.11186678625536388,5.212627768814336,1.1505427839541504,0.57,0.0,0.16,0.03,0.04,0.12,0.0,0.0,0.0,0.06,0.0,0.02,0.0,0.27,0.0,0.72,0.0,0.01,0.0,4,0
406,0.14789834663567622,0.29342434996789807,6.967043734673637,1.7000303489931532,7.664415490644022,2.585602606093298,7.002888219800423,1.8044802862035507,30.7,3.0000000000000004,28.71,2.9,1.2147336243756142,1.6579605398778192,1.0414196275193257,1.3486735702978148,1.7056805447274173,0.10420427300856566,5.166561905130053,1.1472416109803136,0.48,0.0,0.27,0.01,0.09,0.09,0.0,0.0,0.0,0.05,0.0,0.01,0.0,0.39,0.0,0.6,0.0,0.01,0.0,3,0
407,0.19911779400270352,0.28028701021476177,7.182975726493928,1.6295958085714497,7.934324733268351,2.247091618393779,6.509596819757398,1.9974054771445728,30.69,3.1,28.71,2.9,1.6163148893586219,1.8534216199450586,1.5821145234175527,1.8445067589419066,1.7075690400430552,0.1116116188831317,5.254290297220043,1.0163386525237608,0.5,0.0,0.23,0.04,0.08,0.09,0.0,0.0,0.0,0.05,0.0,0.01,0.0,0.32,0.0,0.68,0.0,0.0,0.0,3,0
408,0.11515317715666104,0.17940021876006557,7.15557479647822,1.3909139675718292,7.836427824573701,2.144950311979738,6.853005541339261,1.7522226476173388,35.46,31.3772805923926,33.46,31.3772805923926,1.3229521831753124,1.403184684286983,1.2926140431784539,1.405181782612278,1.7059793689551142,0.1016073421747985,5.193452032371475,1.0041834011841182,0.57,0.0,0.18,0.04,0.11,0.08,0.0,0.0,0.0,0.01,0.0,0.01,0.0,0.29,0.0,0.71,0.0,0.0,0.0,2,0
409,0.3109208210307957,0.24925875004414091,7.139436431905732,1.7086332243603586,5.660363243431622,3.485738133868142,5.0649435194497165,3.3488927817855667,173.16,111.10143877092545,140.52,119.39701026661456,3.3103193137939373,2.7822243579449393,2.582486447292561,1.8961036031740381,1.7273321428919837,0.16967133838700896,3.5018536988592466,2.104808132571834,0.84,0.0,0.02,0.09,0.0,0.05,0.0,0.0,0.0,0.0,0.0,0.0,0.0,0.04,0.0,0.73,0.23,0.0,0.0,3,0
410,0.40688339724807426,0.19697178880502927,6.810394876120184,1.3456298347042492,5.171200516914266,2.3761223742443596,4.5459728816612035,3.213440385829412,248.92,35.73914471061758,209.16,95.1363423532965,3.7298869509878134,1.8658430670372048,3.740407622717625,1.7293099772051301,1.703465841306578,0.12141288463582162,3.28724167191719,1.4985698178234619,1.0,0.0,0.0,0.0,0.0,0.0,0.0,0.0,0.0,0.0,0.0,0.0,0.0,0.0,0.0,0.83,0.17,0.0,0.0,3,0
411,0.4799185283702633,0.21231455845192568,6.960768884967722,1.5256944170449662,5.431717532921684,2.1438791326375544,3.748062675842318,2.7098079258658476,243.84,50.02438193400082,219.24,85.17541258538704,4.359690168185002,1.9208787578249902,4.127068473419663,1.6329251311165442,1.725903981798246,0.14303160859267194,3.4715236736237505,1.3564005975090385,1.0,0.0,0.0,0.0,0.0,0.0,0.0,0.0,0.0,0.0,0.0,0.0,0.0,0.0,0.0,0.87,0.13,0.0,0.0,3,0
412,0.44938544088696264,0.20715875244220947,7.217909661717906,1.5212235101792535,5.9257043328858545,1.2724727362615786,3.1608041572297076,0.8495967492424048,243.84,50.02438193400082,241.92,49.630489162866944,4.549025841485922,1.4987693584038158,4.340409891226878,1.0894186732458497,1.7485667241726048,0.16344639966405453,3.8543253434509746,0.8108097912795464,1.0,0.0,0.0,0.0,0.0,0.0,0.0,0.0,0.0,0.0,0.0,0.0,0.0,0.0,0.0,0.96,0.04,0.0,0.0,2,0
413,0.45750031833407634,0.24091389397197327,6.699787394449925,0.924002207231708,5.583014070512237,1.9134599583604448,3.5670690438632047,2.1555107406070704,243.84,50.02438193400083,226.8,75.98085883359643,4.363525131147225,1.8029883723796145,4.126470034413824,1.4867120190494891,1.674571966411855,0.1368431977141525,3.5716432731830037,1.2013378419923555,0.53,0.0,0.0,0.47,0.0,0.0,0.0,0.0,0.0,0.0,0.0,0.0,0.0,0.0,0.0,0.9,0.1,0.0,0.0,3,0
414,0.28868248684342473,0.20199304032537174,6.521152092014449,0.8305183724065903,4.055766796067877,2.7507540841629567,5.409969485722289,3.8663665881523475,243.84,50.024381934000836,173.88,117.13544607535643,3.445097531920869,2.557108301306709,3.214363332128609,2.2824281189409863,1.7253269880541717,0.17026170415358316,2.6770421297761295,1.8053508236441056,0.87,0.0,0.0,0.13,0.0,0.0,0.0,0.0,0.0,0.0,0.0,0.0,0.0,0.0,0.0,0.69,0.31,0.0,0.0,3,0
415,0.40982105207136554,0.1823702315337937,6.523946467955455,0.8984780806084285,5.26961764383153,1.6951303368803448,3.6963329137345333,2.250544797332331,248.92,35.73914471061757,229.32,72.48111979869465,4.138281716643195,1.5177248057263921,4.265019152693015,1.3855817398881973,1.6627359930530843,0.12420742197084207,3.4977141446395046,1.107495796443261,0.99,0.0,0.0,0.0,0.0,0.01,0.0,0.0,0.0,0.0,0.0,0.0,0.0,0.0,0.0,0.91,0.09,0.0,0.0,3,0
416,0.4292997677597835,0.2306696365309484,6.697223178493995,1.231083679912372,5.095038202969816,2.107404086258361,3.868178343505096,2.8001374894882733,243.84,50.02438193400081,216.72,87.88124218098383,4.211459290393968,1.944897811106208,4.076523009295626,1.6795547729378102,1.691746570308529,0.15947240315319422,3.3345226514463224,1.3550741058373308,0.94,0.0,0.0,0.0,0.0,0.06,0.0,0.0,0.0,0.0,0.0,0.0,0.0,0.0,0.0,0.86,0.14,0.0,0.0,3,0
417,0.48301879417629723,0.33158271262685557,6.406498092327342,0.6005761599118831,5.692117121682943,0.8714388788648767,3.0313358746222154,0.9137380188579407,248.92,35.73914471061757,246.96,35.457734122344995,4.588696477697154,1.3880949549794426,4.7106481139150524,1.2563667654671258,1.622090079631451,0.06023886020520035,3.765024798194996,0.5446990708705586,1.0,0.0,0.0,0.0,0.0,0.0,0.0,0.0,0.0,0.0,0.0,0.0,0.0,0.0,0.0,0.98,0.02,0.0,0.0,2,0
418,0.45068659081492823,0.13881001053709988,7.586966898953186,1.0798995645461544,6.145304901739982,1.687737232382969,3.400765824651374,1.1141999512607985,232.32,66.0766130176085,236.88,60.14818065713739,4.308801105586065,1.4535228472381043,4.068267833150816,1.0805443142475093,1.789147907274299,0.10432561383162701,3.893239095257243,1.1013085915359708,0.94,0.0,0.0,0.0,0.0,0.06,0.0,0.0,0.0,0.0,0.0,0.0,0.0,0.0,0.0,0.94,0.06,0.0,0.0,4,0
419,0.45873384784768795,0.21307942122412785,6.87352981084028,0.9941730716864298,5.851061206947719,2.3821430227125573,3.548317345526813,2.114366975117534,224.7,76.99842580051605,221.76,82.30285535751476,4.453700992184383,2.08113460502017,3.9791265105984546,1.6783356480762845,1.6860385862920024,0.10618943291940171,3.6807177299951985,1.4644252697032762,0.94,0.0,0.0,0.0,0.0,0.06,0.0,0.0,0.0,0.0,0.0,0.0,0.0,0.0,0.0,0.88,0.12,0.0,0.0,3,0
420,0.4437418988130286,0.3213450753596249,6.91641551614395,1.5869458520785629,5.195896867762082,2.7110924387805158,3.970556601376191,3.1049901341112798,224.76,79.98675647956486,199.08,103.15876554656376,4.51522118404952,2.7355301736634132,3.6596279094936706,2.115023015367284,1.7041364261359777,0.16696772430302817,3.2230298051477972,1.6920828366495166,0.89,0.0,0.0,0.09,0.0,0.02,0.0,0.0,0.0,0.0,0.0,0.0,0.0,0.0,0.0,0.79,0.21,0.0,0.0,3,0
421,0.06502501709378297,0.27494198354210464,7.022983082090758,0.2260099719484193,0.1304124225511739,0.9174859137044513,11.315497245289677,2.646305639187589,254.0,0.0,5.04,35.457734122345,0.43736931639836973,1.783226789022416,0.09037987263381325,0.6358771613891073,1.9824201277458886,0.020621450591975433,0.08120886021092838,0.5713258281225754,1.0,0.0,0.0,0.0,0.0,0.0,0.0,0.0,0.0,0.0,0.0,0.0,0.0,0.0,0.0,0.02,0.98,0.0,0.0,2,0
422,0.02282622162976884,0.1454535373027949,7.0121155346420405,0.2511696052939675,0.1304124225511739,0.9174859137044513,11.620628736168033,1.7251836161248977,254.0,0.0,5.04,35.45773412234501,0.17302150190049684,1.0080375086409419,0.08668648375011999,0.6101011146119856,1.9839297972989882,0.00702079461425152,0.08120886021092838,0.5713258281225754,1.0,0.0,0.0,0.0,0.0,0.0,0.0,0.0,0.0,0.0,0.0,0.0,0.0,0.0,0.0,0.02,0.98,0.0,0.0,2,0
423,0.33471828777607604,0.29376629303175633,8.438830349515106,2.064611534366736,4.182015303985477,3.1572562972257208,5.689539590965461,3.9935968475301182,233.68,69.25562078344984,161.28,121.56937413375432,3.310090107447662,2.9875852787018258,2.8646473314991523,2.3355780998335804,1.9520870153901213,0.16346932037799458,2.558474282754343,1.9290276628426861,0.99,0.0,0.0,0.0,0.0,0.01,0.0,0.0,0.0,0.0,0.0,0.0,0.0,0.0,0.0,0.64,0.36,0.0,0.0,3,0
424,0.33060903452852486,0.21646622059268625,7.288771803499869,1.7483322250510376,5.227610336081913,1.8850549962473346,3.2994268512130507,1.2675911215004667,228.6,76.58388152275197,224.28,79.24544150927545,4.269070858774359,2.191836861052968,3.810506415211046,1.4725888873619597,1.7794681965998778,0.15934327949235788,3.438014014340396,1.2169734327114532,1.0,0.0,0.0,0.0,0.0,0.0,0.0,0.0,0.0,0.0,0.0,0.0,0.0,0.0,0.0,0.89,0.11,0.0,0.0,3,0
425,0.31071408277440093,0.2222558607209236,6.529627631520486,1.1849823363519127,5.199661247928927,1.653144551174152,3.4942762184524736,1.3541628654022628,233.68,69.25562078344983,229.32,72.48111979869465,4.062482566589207,1.9236229422048776,3.7525068951435414,1.2456360223728582,1.6728089884491755,0.12654536773085387,3.4837190315309057,1.1017682628995915,1.0,0.0,0.0,0.0,0.0,0.0,0.0,0.0,0.0,0.0,0.0,0.0,0.0,0.0,0.0,0.91,0.09,0.0,0.0,3,0
426,0.20609923621535292,0.18985871876624894,6.379235198540282,0.9671349512771751,3.2351009223586034,2.826221348178633,5.867708124326325,4.3795846276220445,228.6,76.58388152275195,143.64,125.38760269297322,3.5455258739824624,3.2957415674989092,2.656591575033175,2.483241249159747,1.7489953822298707,0.17647003100757327,2.1813926477716103,1.9043415923516858,1.0,0.0,0.0,0.0,0.0,0.0,0.0,0.0,0.0,0.0,0.0,0.0,0.0,0.0,0.0,0.57,0.43,0.0,0.0,3,0
427,0.29815854760810345,0.16379073632671504,5.94856546217901,0.8778817010074819,4.516269621488508,2.3451884846339266,4.635482265579797,3.2773964051439037,243.84,50.024381934000836,199.08,103.15876554656374,3.9924246839172666,2.4895132744476625,3.8043088325971484,2.279164980470995,1.6133366932786706,0.034797560139725424,3.0197803450860254,1.5649456825241308,1.0,0.0,0.0,0.0,0.0,0.0,0.0,0.0,0.0,0.0,0.0,0.0,0.0,0.0,0.0,0.79,0.21,0.0,0.0,3,0
428,0.2786910713180205,0.2924448036063354,5.604719228650214,1.1268944846257667,3.305432677460051,2.894004556658676,6.67890433404165,4.578050713157271,248.92,35.73914471061758,143.64,125.38760269297322,3.058232356778975,2.9156437010419523,3.030274992125602,2.8876058338867883,1.6053577753545556,0.05967569132630664,2.1884180948394554,1.9109572427992947,1.0,0.0,0.0,0.0,0.0,0.0,0.0,0.0,0.0,0.0,0.0,0.0,0.0,0.0,0.0,0.57,0.43,0.0,0.0,3,0
429,0.23490497725636303,0.22990904779462823,5.920891828926623,1.836533765946609,3.129686331651767,2.9125269948042534,7.453303190753564,4.524262376716722,254.0,0.0,136.08,126.22888302243234,2.213202212433151,2.082427154832795,2.49017517429359,2.323724458159813,1.6438062047464106,0.15396706438496585,2.0702394707579312,1.9208174246003284,0.99,0.0,0.0,0.0,0.0,0.01,0.0,0.0,0.0,0.0,0.0,0.0,0.0,0.0,0.0,0.54,0.46,0.0,0.0,2,0
430,0.29383919223657345,0.32092625310035167,5.513901216246576,1.1831668497567411,3.053967082348519,2.8921030838368034,6.716555892940474,4.808225998875078,243.84,50.024381934000814,133.56,126.40661662774114,3.030981488136861,3.004335526350133,2.7556440840502283,2.7151568959909294,1.6067443716350982,0.07886470409971899,2.022146689989212,1.9138580427456964,1.0,0.0,0.0,0.0,0.0,0.0,0.0,0.0,0.0,0.0,0.0,0.0,0.0,0.0,0.0,0.53,0.47,0.0,0.0,3,0
431,0.1751286705665531,0.2920516390442899,4.952122381181322,0.9061686216277015,1.6081301477695515,2.592780562064975,9.280295758062186,4.677021021747454,248.92,35.73914471061758,70.56,113.71773668326166,1.6666019180209997,2.6577713679757387,1.455390465195766,2.35734567374253,1.5736131578701538,0.038508669751773604,1.0687227550091303,1.7224125411106945,0.99,0.0,0.0,0.0,0.0,0.01,0.0,0.0,0.0,0.0,0.0,0.0,0.0,0.0,0.0,0.28,0.72,0.0,0.0,3,0
432,0.286056815278156,0.2361739317734751,6.128062049902574,1.3822117255773643,3.658182329200187,2.761375432995805,6.003510103858106,4.527326639421435,243.84,50.02438193400082,161.28,121.56937413375432,3.1806816123136206,2.5631571318667,3.1135487568342506,2.4580456999862483,1.6795298076629948,0.12144854633159852,2.449957249128918,1.8470264152903044,0.99,0.0,0.0,0.0,0.0,0.01,0.0,0.0,0.0,0.0,0.0,0.0,0.0,0.0,0.0,0.64,0.33,0.03,0.0,3,0
433,0.17407862523844614,0.32287323528422796,5.7499614865746125,1.3574311203585225,2.123598161120945,2.789442502539232,8.785004310997603,4.537312648593782,254.0,0.0,93.24,122.27961994766527,1.8055707561918652,2.5262831133030783,1.761236428280971,2.417642806831854,1.6813414767428057,0.1309451504874323,1.4175965984384118,1.8592604970819293,1.0,0.0,0.0,0.0,0.0,0.0,0.0,0.0,0.0,0.0,0.0,0.0,0.0,0.0,0.0,0.37,0.61,0.02,0.0,2,0
434,0.22601795284141216,0.3430770368184607,5.8739548138340965,1.59492807838445,2.276899100748697,3.125952155150461,8.55506895088344,4.585066490684075,246.38,43.547438431432376,88.2,120.80186633115778,1.7424374329933512,2.4801128032688036,1.5692929967956042,2.160530614278467,1.6877493831499857,0.16341000283162171,1.401621032772358,1.9206351750262027,0.73,0.0,0.0,0.27,0.0,0.0,0.0,0.0,0.0,0.0,0.0,0.0,0.0,0.0,0.0,0.35,0.65,0.0,0.0,3,0
435,0.27730694846527004,0.33661611488591314,6.580869218021649,2.0501826465110735,2.6970286414282496,3.081143732719572,7.9749437938896195,4.753550009299263,248.92,35.73914471061757,110.88,125.71968819560443,2.3834207350885377,2.850779636009303,2.182680750946576,2.500809391809991,1.7655251258554534,0.18250398412163843,1.6906421143941495,1.917765143589129,0.95,0.0,0.0,0.05,0.0,0.0,0.0,0.0,0.0,0.0,0.0,0.0,0.0,0.0,0.0,0.44,0.54,0.02,0.0,4,0
436,0.23545194696483251,0.342400240590578,5.62531390037162,1.1129335886934164,2.269492961671505,2.8602478109638607,7.879268264908436,5.048147476239061,243.84,50.02438193400082,98.28,123.53219676004971,2.384902228809059,3.020821981974776,1.9760507191678596,2.5346567911558155,1.6656687864334412,0.10725048525954559,1.5043096485370087,1.8915790334546412,0.94,0.0,0.0,0.05,0.0,0.01,0.0,0.0,0.0,0.0,0.0,0.0,0.0,0.0,0.0,0.39,0.61,0.0,0.0,3,0
437,0.42452692491910793,0.18183826418950175,7.000859272050427,1.751563360844206,5.219723454054559,1.7875805942637764,3.876989462721872,2.5138670002123162,248.92,35.73914471061757,226.8,75.98085883359643,4.004154050041757,1.6121921028511546,4.2497187408740915,1.4477680786462415,1.720231171936295,0.12954482372061127,3.4400666489865714,1.1526838260327419,0.99,0.0,0.0,0.0,0.0,0.01,0.0,0.0,0.0,0.0,0.0,0.0,0.0,0.0,0.0,0.9,0.1,0.0,0.0,3,0
438,0.4625097749096052,0.14964715646892932,7.882734685839071,2.290125861955581,5.781428142069875,1.2712983135652451,3.353837606592185,0.8501945758101773,243.84,50.024381934000836,241.92,49.63048916286696,3.946561068916335,1.318582379249022,4.395835198116625,0.9329356464400315,1.7863303241072697,0.19789966797238276,3.726480946219748,0.7890203466131319,0.99,0.0,0.0,0.0,0.0,0.01,0.0,0.0,0.0,0.0,0.0,0.0,0.0,0.0,0.0,0.96,0.04,0.0,0.0,2,0
439,0.5162324942850716,0.1615236846258366,7.6810622689829176,1.794159402686805,5.8901187519537395,0.9497082321071961,3.0959226989635455,0.6633618826722557,248.92,35.73914471061757,246.96,35.457734122344995,4.428915600556485,1.1028284032150448,4.708225735033303,0.8035814496274848,1.7901454362398486,0.19529885051546747,3.8657242798452067,0.6064488322555754,0.96,0.0,0.0,0.04,0.0,0.0,0.0,0.0,0.0,0.0,0.0,0.0,0.0,0.0,0.0,0.98,0.02,0.0,0.0,2,0
440,0.5845665407622538,0.17569742173498135,7.292986619681983,1.2105356062756767,6.04845335558788,0.9835884036460413,2.797976023971186,0.5735968646559488,248.92,35.73914471061758,246.96,35.457734122344995,4.7999746930876634,1.0186162667929626,4.908487238726447,0.8149537722493982,1.7500921223987442,0.16030612674421935,3.9561865968674663,0.6266322590619253,0.8,0.0,0.0,0.19,0.0,0.01,0.0,0.0,0.0,0.0,0.0,0.0,0.0,0.0,0.0,0.98,0.02,0.0,0.0,2,0
441,0.6269883319221894,0.2176338036541977,8.163900503194618,1.9345073078636166,5.896302700948783,1.4233760674642253,2.8817216444928038,1.24433911295176,243.84,50.02438193400083,239.4,55.19881421651275,4.777671885559379,1.5675490704020574,4.857653898830602,1.2255152468519197,1.8508608369666326,0.17129542972810516,3.7514429192655374,0.8985405882751458,0.74,0.0,0.0,0.08,0.0,0.18,0.0,0.0,0.0,0.0,0.0,0.0,0.0,0.0,0.0,0.95,0.05,0.0,0.0,3,0
442,0.5326508901919218,0.15043309650038525,7.127760559177171,1.5027160057816407,5.736176945700403,1.2350363170862257,2.844499834396375,0.7368899947790031,243.84,50.02438193400082,241.92,49.63048916286695,4.78781170944173,1.3958157482938045,4.751658590522558,1.0292839538332823,1.7317341709295957,0.1342361864343329,3.7557436681277934,0.8021222492822618,0.86,0.0,0.0,0.04,0.0,0.1,0.0,0.0,0.0,0.0,0.0,0.0,0.0,0.0,0.0,0.96,0.04,0.0,0.0,2,0
443,0.4413074978991334,0.11756495658316936,6.4492744492264675,0.7283414563253099,5.456918911478574,1.1267638879536337,3.080516127344242,1.018902486541601,248.92,35.73914471061757,241.92,49.630489162866965,4.49167206480429,1.08758538115018,4.602673248787284,0.9839494230329112,1.6475165030135626,0.09490970929069639,3.668682279546711,0.7527073230618203,0.99,0.0,0.0,0.0,0.0,0.01,0.0,0.0,0.0,0.0,0.0,0.0,0.0,0.0,0.0,0.96,0.04,0.0,0.0,4,0
444,0.23782340487562417,0.15606156451476755,6.3837646265810175,0.8055907066173539,4.359037679562584,2.3972055619735997,5.048097085184121,3.368179986557751,243.84,50.024381934000814,194.04,106.58405133977595,3.361065485957677,2.1912520053746345,3.2197351420194935,1.8021553298434132,1.6848502827434784,0.17068968198816734,2.944317461154411,1.6173013863545682,0.92,0.0,0.0,0.0,0.0,0.08,0.0,0.0,0.0,0.0,0.0,0.0,0.0,0.0,0.0,0.77,0.23,0.0,0.0,3,0
445,0.3222991304748461,0.2703111657927131,6.142152446519994,1.304201042878329,4.759995201596437,2.7080197745938905,3.006560866838701,1.9307947908249763,203.2,102.11184203033598,196.56,104.91596637309307,5.083830278997907,2.9072618570864934,3.288760546118057,1.7873569889636656,1.6501914203849548,0.09053629798369205,3.152919436338293,1.7317652072334964,0.96,0.0,0.0,0.01,0.0,0.03,0.0,0.0,0.0,0.0,0.0,0.0,0.0,0.0,0.0,0.78,0.22,0.0,0.0,3,0
446,0.25732332315309475,0.2688775789750377,6.571888786535828,0.9756903980323206,3.564268714148462,3.4609512721249374,6.264987890854386,4.663327950081715,165.86,103.33597455080026,131.04,126.53341635530691,3.223589369242652,3.1714214339732143,2.4324839649335557,2.3726499130467524,1.7919576274164013,0.15923000469852108,2.4611231815756236,2.3941449115819475,0.65,0.0,0.0,0.0,0.0,0.34,0.0,0.0,0.01,0.0,0.0,0.0,0.0,0.0,0.0,0.52,0.48,0.0,0.0,3,0
447,0.3869832727375955,0.2845500245143725,6.600746682242691,0.879054232664387,4.8612164904932476,3.162347310812523,4.826555163572709,4.000108324692162,131.24,97.67386673222393,178.92,114.92410143616131,3.9992952606061767,2.70068475289819,3.422725499427562,2.2413621030158657,1.7453607085465228,0.14976436309796468,3.342278546113771,2.182439180036328,0.45,0.0,0.0,0.0,0.0,0.55,0.0,0.0,0.0,0.0,0.0,0.0,0.0,0.0,0.0,0.71,0.28,0.01,0.0,3,0
448,0.45477637917404246,0.15699634576199392,6.6509193199534105,0.8305984473573923,6.563079763682804,1.4570580738760568,3.0383198059719576,0.7299925215801095,101.76,82.16134901964105,241.92,49.63048916286695,4.711130368075493,1.3633450683345414,4.389713234894359,0.9828235229995096,1.6844255761943565,0.0723629684442342,4.497510775361022,1.033082007872703,0.25,0.0,0.0,0.0,0.0,0.75,0.0,0.0,0.0,0.0,0.0,0.0,0.0,0.0,0.0,0.96,0.04,0.0,0.0,2,0
449,0.28940753929529683,0.23214671533394016,6.761920604944212,0.5563317834579278,4.582173388269245,3.330422646522569,5.947291735454285,4.115130958891397,139.48,96.33679138178401,166.32,119.97599759951986,2.8734086259974987,2.099324308727067,2.935420601621282,2.1399325875160033,1.7826720842592625,0.14637748995565536,3.172260226647956,2.3110139280757966,0.43,0.0,0.0,0.0,0.0,0.57,0.0,0.0,0.0,0.0,0.0,0.0,0.0,0.0,0.0,0.66,0.34,0.0,0.0,3,0
450,0.324319715114581,0.22789329551351528,6.695306955166116,0.5576366724933408,4.899769053876662,3.1801491490256444,5.457095239115898,3.982796889228712,129.88,93.96015489062746,178.92,114.92410143616131,3.383844972740949,2.278802218734659,3.1982219351724246,2.124012802339391,1.7625758835893561,0.13700550879737186,3.4128514190757056,2.2195605002468892,0.4,0.0,0.0,0.0,0.0,0.6,0.0,0.0,0.0,0.0,0.0,0.0,0.0,0.01,0.0,0.7,0.29,0.0,0.0,3,0
451,0.4516400855818516,0.22516382680931948,6.969838289862264,0.9544914415131996,5.431098247615897,1.6781459308435456,3.2406033067591893,1.9803842383114085,220.8,77.21202606911031,231.84,68.71030093476125,4.6141669344100515,1.708000764331611,4.453064327460822,1.4552472854017218,1.7546367479541296,0.13146936645981053,3.6527418019961004,1.1473722083167088,0.85,0.0,0.0,0.0,0.0,0.15,0.0,0.0,0.0,0.0,0.0,0.0,0.0,0.0,0.0,0.92,0.08,0.0,0.0,3,0
452,0.5286869434580175,0.326636440330068,6.231170653914713,1.157181266643694,3.853103620941787,2.876018422765899,3.5909095406075817,3.4859616884349687,227.8,68.60014429999254,163.8,120.80186633115777,4.675797550643074,2.3065129734871737,3.211327381822553,2.39097692130177,1.6729159093213672,0.12634801927063047,2.602149994402724,1.9469609288415122,0.87,0.0,0.0,0.0,0.0,0.13,0.0,0.0,0.0,0.0,0.0,0.0,0.0,0.0,0.0,0.65,0.05,0.3,0.0,3,0
453,0.7132197350814604,0.452375783144448,5.698788669933745,1.1026230526831096,1.82554626961709,2.896244328041773,3.3709078640580437,4.441853520660109,225.88,70.51946933688282,73.08,114.9241014361613,5.50902117324098,3.0390198107336723,1.584841160567375,2.625210509655872,1.6327107064551791,0.10666480246172587,1.2422473018830877,1.976531601517708,0.88,0.0,0.0,0.0,0.0,0.12,0.0,0.0,0.0,0.0,0.0,0.0,0.0,0.0,0.0,0.29,0.02,0.69,0.0,2,0
454,0.5035547005392784,0.41669106763244707,5.9982528790849585,1.2431092117285953,2.6622808409890695,3.0461470988082264,4.830143383733199,4.490152008805594,232.88,60.37747924516227,110.88,125.71968819560442,4.400215279697697,3.1314428322418673,2.5134437427768104,3.1485833393050773,1.6621560812270066,0.1237093479525102,1.8058551497473,2.073837517017362,0.88,0.0,0.0,0.0,0.0,0.12,0.0,0.0,0.0,0.0,0.0,0.0,0.0,0.0,0.0,0.44,0.03,0.53,0.0,2,0
455,0.6955644321430047,0.48559321167980757,6.081590280560169,1.1552919594788522,2.205108130686051,2.9134060525204815,3.599711877871546,4.298754447072787,240.56,49.23502079543861,93.24,122.27961994766525,5.087676053625392,2.85482068502736,1.812370355943987,2.4888855921855932,1.663836004439769,0.12737330598452903,1.4913736473097254,1.973785560331625,0.93,0.0,0.0,0.0,0.0,0.07,0.0,0.0,0.0,0.0,0.0,0.0,0.0,0.0,0.0,0.37,0.12,0.51,0.0,2,0
456,0.8806863827606515,0.4699238748410773,5.84978814085157,1.074960791417274,1.9598102633322565,2.889421671333948,2.3616097977065764,3.576206930769303,235.48,59.69458970797974,80.64,118.14419541006197,5.983193797409257,2.7770103038058904,1.610310321471844,2.368424412177354,1.6393632923343475,0.1128204070889086,1.2969188026308254,1.9180327306672058,0.92,0.0,0.0,0.0,0.0,0.08,0.0,0.0,0.0,0.0,0.0,0.0,0.0,0.0,0.0,0.32,0.07,0.61,0.0,3,0
457,0.7537662451938388,0.5081794657355534,6.040935842953442,1.2272997721175656,2.0035647800980927,2.896404290463817,3.5879580014297003,4.371740464366482,240.56,49.23502079543861,83.16,119.09055378156573,5.116731866614811,2.9336370090865813,1.737298110111228,2.601822145891715,1.6437502077311528,0.11676671305647625,1.3356550690711924,1.9288798480929301,0.92,0.0,0.0,0.0,0.0,0.08,0.0,0.0,0.0,0.0,0.0,0.0,0.0,0.0,0.0,0.33,0.16,0.51,0.0,2,0
458,0.8420933946676543,0.4568189371300354,6.02173376517547,0.9402422768039588,1.878085467073759,2.838718948318751,2.572406082627085,3.538184092958806,240.56,49.23502079543861,78.12,117.13544607535643,5.698335416755819,2.4902396791718924,1.4435752334407963,2.168518259579973,1.633335351323009,0.10979765923530076,1.2632012600272782,1.9113539893349119,0.93,0.0,0.0,0.0,0.0,0.07,0.0,0.0,0.0,0.0,0.0,0.0,0.0,0.0,0.0,0.31,0.02,0.67,0.0,2,0
459,0.9783796479206436,0.4418085369545178,6.442160916216459,0.9964685639991343,2.4879348993389794,3.0893185724078474,1.6207436763366478,1.920340007581064,225.88,70.51946933688282,100.8,124.07622290716739,6.443121828394626,1.9150136554600157,2.169661073029163,2.8675856017059496,1.6633656440035745,0.12984801053847544,1.6670209244018137,2.0799581264839158,0.88,0.0,0.0,0.0,0.0,0.12,0.0,0.0,0.0,0.0,0.0,0.0,0.0,0.0,0.0,0.4,0.03,0.57,0.0,3,0
460,0.6730131579358212,0.44585926433642137,6.1205800384420055,1.1385622436211298,2.5940316927924307,3.0979535911476885,3.562081315341834,4.054069031868349,227.12,66.95713689979719,105.84,125.00333086471225,4.911486596785511,2.6570893492079177,1.9947791573019615,2.367380225456511,1.6623959285724006,0.12569612491218501,1.7534033173790617,2.096562738743398,0.87,0.0,0.0,0.0,0.0,0.13,0.0,0.0,0.0,0.0,0.0,0.0,0.0,0.0,0.0,0.42,0.01,0.57,0.0,2,0
461,0.4434100430179654,0.23317562944456868,6.967516398786686,0.7924721925244127,6.255323053487695,1.7166953609511126,3.4434909996906815,1.9685562766319842,129.88,93.96015489062748,236.88,60.148180657137395,4.512874858295777,1.562469979109015,4.436250763740866,1.4343573048125042,1.7452324069883736,0.09902253801595996,4.296360131522031,1.2133880150357952,0.38,0.0,0.0,0.0,0.0,0.62,0.0,0.0,0.0,0.0,0.0,0.0,0.0,0.0,0.0,0.94,0.04,0.02,0.0,3,0
462,0.5114416661777377,0.30882748246335434,6.707774344496849,0.48594417422370884,6.854176952826391,1.277599915205184,3.0616084552346274,1.2013719247885006,78.04,56.29430600770284,244.44,43.20454521543685,4.714990983621016,1.3512212209597627,4.591882499329778,1.2226131311199395,1.6865962029018624,0.0284169998886687,4.723108654853043,0.8899420767084182,0.11,0.0,0.0,0.0,0.0,0.89,0.0,0.0,0.0,0.0,0.0,0.0,0.0,0.0,0.0,0.97,0.03,0.0,0.0,3,0
463,0.376980803241219,0.1925201493401831,6.238048299875602,1.0065764715351369,5.185930479304983,2.4688533018474677,3.201164303451688,2.1596959122577646,203.08,97.38247825305675,206.64,97.302975755673,4.993068684902845,2.581555095776312,3.6445852678012995,1.7299957661917684,1.6374516502311791,0.06095749620395679,3.3773413418262352,1.6193965197463651,0.92,0.0,0.0,0.0,0.0,0.08,0.0,0.0,0.0,0.0,0.0,0.0,0.0,0.0,0.0,0.82,0.18,0.0,0.0,3,0
464,0.252792191807165,0.20658048376708738,6.192754037897419,0.935987159092893,3.0955035290460104,2.4076286939515734,5.34138400074454,4.445756402238469,142.76,100.14445324206186,161.28,121.56937413375432,3.740678299200756,2.9548439006958946,0.8498527259083488,2.1086277135588873,1.747954477843051,0.07694512446064898,2.473434623349986,1.8726655678958681,1.0,0.0,0.0,0.0,0.0,0.0,0.0,0.0,0.0,0.0,0.0,0.0,0.0,0.5,0.0,0.14,0.36,0.0,0.0,3,0
465,0.38109150420524257,0.22842659794069456,6.795952641318361,0.7776831135814829,4.5165649485869945,1.181881623275968,2.997981491878672,1.770321825624074,104.92,82.34856686455731,239.4,55.19881421651276,4.591539395418157,1.4023046852104344,1.1037622010265977,2.1578072899826193,1.7751931024835284,0.09889961533611488,3.6029866214527857,0.8309149258323132,1.0,0.0,0.0,0.0,0.0,0.0,0.0,0.0,0.0,0.0,0.0,0.0,0.0,0.75,0.0,0.2,0.05,0.0,0.0,3,0
466,0.2777426513788051,0.18905045286385863,6.5180868710244075,0.742649258853477,3.459345574772398,2.037202045781872,4.537122071967164,3.857769170448632,117.12,90.8697902929174,189.0,109.66892325208966,3.9076912431487267,2.412175944945644,0.4171959047760695,1.3225552627636625,1.785947718421001,0.08747929561872159,2.8414835168685073,1.648832363614584,1.0,0.0,0.0,0.0,0.0,0.0,0.0,0.0,0.0,0.0,0.0,0.0,0.0,0.66,0.0,0.09,0.25,0.0,0.0,3,0
467,0.524909993019552,0.23221002514187844,7.908537643595663,2.094893436709103,4.739573307273508,1.6456163815132847,3.1611303000799666,2.42207161770969,137.56,95.9438303689121,231.84,68.71030093476126,4.490570394768212,1.9537129781618814,1.633332826610392,2.2897905121677513,1.8650802601022958,0.1498374304639044,3.490194179530439,1.0344662528867692,0.84,0.0,0.0,0.0,0.0,0.16,0.0,0.0,0.0,0.0,0.0,0.0,0.0,0.58,0.0,0.34,0.08,0.0,0.0,3,0
468,0.35653732777366653,0.13814360338986845,7.121783545670416,1.312028381836028,4.472085581958692,1.1860561929350288,2.9539467357698173,1.5100475774074291,90.86,72.33941044154496,239.4,55.19881421651276,4.464282882244754,1.427626065035278,0.5982417789566283,1.4850678727622246,1.8178538630385859,0.10854174999852771,3.5990055083103876,0.8298965130740906,0.94,0.0,0.0,0.0,0.0,0.06,0.0,0.0,0.0,0.0,0.0,0.0,0.0,0.81,0.0,0.14,0.05,0.0,0.0,3,0
469,0.45810063376580745,0.17847507995344233,6.747124144471129,0.6029793666518682,4.504374456781839,1.1265833597117607,2.296542386063095,0.745083325500586,78.72,59.971387116918294,241.92,49.63048916286695,5.244563185142808,1.3271329721679463,0.5227590967673104,1.4828519229363777,1.7839417580528951,0.06144164356219812,3.691266727114534,0.7829558481168584,0.99,0.0,0.0,0.0,0.0,0.01,0.0,0.0,0.0,0.0,0.0,0.0,0.0,0.85,0.0,0.11,0.04,0.0,0.0,2,0
470,0.39214741262133557,0.15845269021662686,6.808637609212622,0.43601676514867055,4.413228118208646,0.6677035243460674,2.5279220873759707,0.6536964354527078,66.52,34.265298876132796,246.96,35.457734122344995,4.677843102318488,0.8916110165836912,0.15513367192592756,0.8537150713867697,1.7978596688987212,0.04578892747616847,3.7096196050498333,0.5326564871595921,1.0,0.0,0.0,0.0,0.0,0.0,0.0,0.0,0.0,0.0,0.0,0.0,0.0,0.95,0.0,0.03,0.02,0.0,0.0,2,0
471,0.2105218461652294,0.22611485306071094,6.020451331503804,1.8585374600005826,2.6092693054057667,2.541435278909145,6.285430493924316,4.749075506745552,158.8,102.86403696632804,133.56,126.40661662774113,3.1890863551446302,3.1437651439663834,0.6448918023917178,1.6035524297221175,1.711036011866866,0.13922898191997993,2.008966736897823,1.9013951742249402,1.0,0.0,0.0,0.0,0.0,0.0,0.0,0.0,0.0,0.0,0.0,0.0,0.0,0.39,0.0,0.14,0.47,0.0,0.0,3,0
472,0.4245303674924081,0.11399153632986953,6.933595271767261,1.7171053156164136,5.602065170012066,1.029953231686718,3.348348169932629,1.0944048454426,248.92,35.73914471061758,244.44,43.20454521543684,4.403885983130658,1.5303790118564182,4.67634933813642,1.3316665011547146,1.681051275197034,0.17136297973438636,3.708407553383424,0.6559787709527927,0.99,0.0,0.0,0.01,0.0,0.0,0.0,0.0,0.0,0.0,0.0,0.0,0.0,0.0,0.0,0.97,0.03,0.0,0.0,3,0
473,0.41632814333178614,0.23352437936962706,6.244943803757188,0.5709969808280535,5.15467731607859,1.7346816210872402,3.521754869604501,2.4018416777883713,243.84,50.02438193400082,226.8,75.98085883359643,4.504362338722409,1.9291547055835303,4.377395463861054,1.7203821254394642,1.6312005122621562,0.07735213386293607,3.4372054832198633,1.1515539866408255,1.0,0.0,0.0,0.0,0.0,0.0,0.0,0.0,0.0,0.0,0.0,0.0,0.0,0.0,0.0,0.9,0.09,0.01,0.0,3,0
474,0.43114119836757275,0.20602558495491424,6.456109700229201,1.2026670052992379,5.117958932388103,1.8175291800117106,3.314521586824087,2.1335306971354306,238.76,60.62554717028927,224.28,79.24544150927548,4.701819829322787,2.0699140240724514,4.387902954101147,1.7429098159704002,1.6611763615721915,0.1307404549680232,3.397820123919033,1.200605918848812,1.0,0.0,0.0,0.0,0.0,0.0,0.0,0.0,0.0,0.0,0.0,0.0,0.0,0.0,0.0,0.89,0.1,0.01,0.0,3,0
475,0.24773464846789975,0.24447597500404245,6.060097681299712,1.6118814623024675,3.1950623767404163,3.035893206727055,6.90237122131709,4.618577704294199,243.84,50.02438193400082,133.56,126.40661662774114,2.741454565607964,2.7341718972324562,2.4498181974497295,2.3308774774271614,1.6889492452783708,0.149054246196513,2.096180160362576,1.9881912361245666,1.0,0.0,0.0,0.0,0.0,0.0,0.0,0.0,0.0,0.0,0.0,0.0,0.0,0.0,0.0,0.53,0.47,0.0,0.0,3,0
476,0.450980429100806,0.19883575961544508,7.067217697647034,1.489276689066166,6.027672395385206,1.2937762213857573,3.1783836432170163,0.8070911061794338,243.84,50.02438193400082,241.92,49.63048916286695,4.545635220486563,1.46389962186149,4.26992963536141,1.020411268909801,1.7212654974787345,0.16107689941398565,3.8947415465674085,0.8162296852503552,0.91,0.0,0.0,0.09,0.0,0.0,0.0,0.0,0.0,0.0,0.0,0.0,0.0,0.0,0.0,0.96,0.04,0.0,0.0,2,0
477,0.31336557265403625,0.2692354338555529,6.741381541264268,0.9315393477776571,4.007017868022363,3.158840036762659,6.074217770752617,4.249909245690433,243.84,50.02438193400083,156.24,122.93359626606996,3.140815869489337,2.629200134267275,2.721188238069705,2.1732154132921555,1.7636463361650103,0.18258734358119444,2.500438046863392,1.9682264670413123,0.44,0.0,0.0,0.56,0.0,0.0,0.0,0.0,0.0,0.0,0.0,0.0,0.0,0.0,0.0,0.62,0.38,0.0,0.0,3,0
478,0.40999983031740167,0.13671853430756475,6.16624887103766,0.5902796792265966,5.369208481683388,1.3743521896276125,2.9523861038740806,0.8032056231356182,238.76,60.62554717028927,236.88,60.1481806571374,4.836308410903526,1.74892161600142,4.496456268313792,1.3908037511451836,1.6112815634886437,0.012431330927614543,3.5963059057636997,0.9138463334574902,0.97,0.0,0.0,0.02,0.0,0.01,0.0,0.0,0.0,0.0,0.0,0.0,0.0,0.0,0.0,0.94,0.06,0.0,0.0,2,0
479,0.0660153002534401,0.19744286543089465,5.422607454587482,0.32716028500523153,0.6451501777505244,1.8477380153346787,10.901943805503159,3.059213600714526,254.0,0.0,27.72,79.24544150927547,0.583087825342967,1.610117349796705,0.5279200124340975,1.5203150257379812,1.7127604115842434,0.03644221940746249,0.42490742962619593,1.2151192087975262,0.97,0.0,0.0,0.02,0.0,0.01,0.0,0.0,0.0,0.0,0.0,0.0,0.0,0.0,0.0,0.11,0.89,0.0,0.0,42,1
480,0.03288893068120077,0.18184165478057968,5.395462261024196,0.41992280887988076,0.3239310566593327,1.4238435864080263,11.607331609402387,2.079971992033555,252.08,19.2,12.6,55.19881421651275,0.24548884455405734,1.09863883072749,0.2428582607609907,1.1156060489646311,1.724286654742004,0.022094997119065526,0.2007041343867477,0.879503244517118,0.95,0.0,0.0,0.04,0.0,0.01,0.0,0.0,0.0,0.0,0.0,0.0,0.0,0.0,0.0,0.05,0.95,0.0,0.0,35,1
481,0.17208059419827432,0.34181348278400286,5.842527304350015,1.0605397806164976,1.8313378810593222,2.8211485811857924,9.400472052274186,4.232992715994301,254.0,0.0,75.6,116.06267899090324,1.4053686474931155,2.277244106853236,1.4926047267712845,2.435960138802909,1.717950292822774,0.07941386741901847,1.1753983322339314,1.8055916689686322,0.88,0.0,0.0,0.12,0.0,0.0,0.0,0.0,0.0,0.0,0.0,0.0,0.0,0.0,0.0,0.3,0.7,0.0,0.0,26,1
482,0.24780553745552825,0.40968859182011186,5.955708558472062,1.0682666468713249,2.4952424085072993,3.0566077778877405,8.291030223823457,4.5611499068221155,254.0,0.0,103.32,124.56638974677503,1.9630357545545891,2.512863778487274,2.0981115408157667,2.696357074409792,1.7035326051395598,0.08412982854138999,1.6187407089584733,1.9742620560327526,0.91,0.0,0.0,0.08,0.0,0.01,0.0,0.0,0.0,0.0,0.0,0.0,0.0,0.0,0.0,0.41,0.59,0.0,0.0,8,1
483,0.41885096418906625,0.435737588081577,6.553235448412561,1.5593181043963935,3.7061126260253108,3.0036445037606114,5.991520225050753,4.432579172212164,252.08,19.200000000000003,153.72,123.53219676004974,3.1535179523339747,2.5234059584471513,3.120865826156793,2.704426911404279,1.7046312929663625,0.13110720850550717,2.391649465932004,1.935599377761458,0.88,0.0,0.0,0.1,0.0,0.02,0.0,0.0,0.0,0.0,0.0,0.0,0.0,0.0,0.0,0.61,0.39,0.0,0.0,4,1
484,0.4668208405620869,0.4110025719472319,6.965377255518409,1.6827666870891635,4.834295108753883,2.7101128046798864,4.92533352054393,3.8134361400002024,254.0,0.0,194.04,106.58405133977597,3.7253906295672836,2.3426830869791666,3.914366188057224,2.473806421126065,1.7304863825326455,0.15100511257894267,3.1515713784829944,1.7536013823173944,0.94,0.0,0.0,0.03,0.0,0.03,0.0,0.0,0.0,0.0,0.0,0.0,0.0,0.0,0.0,0.77,0.23,0.0,0.0,3,1
485,0.35076670408848953,0.38650528830076497,6.896605038736231,1.9786905068610823,3.4772760528661864,2.9920919902619665,6.418551520190908,4.344057676596467,254.0,0.0,146.16,125.00333086471228,2.7934558812102273,2.415149631729691,2.798968488366296,2.5265493446360505,1.7583519976068902,0.18116876764740217,2.268201839568815,1.9481176482756235,0.95,0.0,0.0,0.0,0.0,0.05,0.0,0.0,0.0,0.0,0.0,0.0,0.0,0.0,0.0,0.58,0.42,0.0,0.0,3,1
486,0.36794911135514063,0.3158429678449782,6.6552389762686115,1.489842339159551,4.275560008241186,2.9106865307634373,5.647844545862732,4.029730723979435,254.0,0.0,173.88,117.13544607535641,3.301249416568847,2.389087050136402,3.4180210496545538,2.523614916318231,1.7152016488801827,0.13501993736933032,2.8323355441232096,1.9263513174261624,0.99,0.0,0.0,0.0,0.0,0.01,0.0,0.0,0.0,0.0,0.0,0.0,0.0,0.0,0.0,0.69,0.31,0.0,0.0,5,1
487,0.32790677574600946,0.42625822670057684,6.316284940768261,1.6592831685455387,3.0227847075630776,3.055849593656565,6.896332722935528,4.628472422476905,252.08,19.200000000000003,118.32,124.5444936923785,2.606256115711017,2.649886583779712,2.1542570483936654,2.4356405711112457,1.718787153220207,0.1476087447830241,2.037086151606192,2.069846522411946,0.98,0.0,0.01,0.0,0.0,0.01,0.0,0.0,0.0,0.0,0.0,0.0,0.0,0.04,0.0,0.46,0.5,0.0,0.0,4,1
488,0.29806162921430396,0.29091509386324743,6.886165453125077,1.3255436885695075,4.26737394238391,2.9701081440388313,6.070959246304749,3.95304518893869,254.0,0.0,169.44,118.38034234848898,2.7704638632919045,1.9102884604450319,2.9233296943809823,2.0729085311115667,1.7564549183714167,0.13653453042091349,2.8321871795939972,1.9705683463887493,0.9,0.0,0.02,0.01,0.0,0.07,0.0,0.0,0.0,0.0,0.0,0.0,0.0,0.01,0.0,0.67,0.32,0.0,0.0,3,1
489,0.4279924272798853,0.3342538610877693,6.978022806873407,1.5938566247207615,5.326587586609967,2.7159399356652814,4.579834873489655,3.1046764285734363,227.12,66.95713689979718,204.72,98.28818480736771,3.5614954446972265,1.7694417307453696,3.703672201356813,1.9851527792603358,1.717629357466204,0.1371899689006728,3.498369586336227,1.7769102848990508,0.72,0.0,0.0,0.02,0.0,0.2,0.0,0.02,0.0,0.04,0.0,0.0,0.0,0.02,0.0,0.8,0.18,0.0,0.0,5,1
490,0.5079154935844312,0.4036029271438761,6.728368157005801,1.3405220742994228,4.466368144666002,3.369980966604701,5.273940506684693,4.226987883807588,232.88,60.37747924516226,165.0,119.4456894461777,3.50161520756717,2.4135249118029445,3.311022917773391,2.488430747771886,1.732077745778016,0.10650681444881185,2.927375732737172,2.152302597412751,0.77,0.0,0.0,0.05,0.02,0.12,0.0,0.02,0.0,0.02,0.0,0.0,0.0,0.02,0.0,0.65,0.33,0.0,0.0,13,1
491,0.5473428142891046,0.36475166533596265,7.256835908850594,1.8447763732033398,5.6256683018196645,3.0035761941211234,4.384719741386377,3.3713923746398904,202.16,85.66964032098694,195.12,102.5297473463633,3.886736111374816,2.07114602141752,3.708352787009215,2.2533709087633147,1.7491919666278226,0.17171689488232397,3.661472783119933,1.8960539450377674,0.66,0.0,0.0,0.04,0.02,0.2,0.0,0.01,0.0,0.07,0.0,0.0,0.0,0.06,0.0,0.76,0.17,0.01,0.0,4,1
492,0.3819781267657594,0.47247358768072306,6.695327000780023,1.922422692104007,3.089816380707256,3.436788363857586,6.970041227709727,4.713621182068932,215.6,77.18690421190746,114.0,125.59675734088623,2.6921513329650684,2.7532932352609505,2.2822887676639003,2.6445999150554225,1.7486581369483303,0.1520030302824114,2.012649089626088,2.2549197602537783,0.75,0.0,0.0,0.03,0.03,0.15,0.0,0.0,0.0,0.04,0.0,0.0,0.0,0.01,0.0,0.45,0.5,0.04,0.0,10,1
493,0.21838398059015998,0.23875776207570087,6.250541657533244,1.4376971241308143,3.269999191630603,3.395654405326086,6.965596607754489,4.516272912139983,206.12,89.02017476477742,126.0,126.63476472266072,2.0547763131921926,2.084862175793107,2.1904497649177523,2.2298214910153518,1.730253637667539,0.12051699570391175,2.1721825395459184,2.2630326051603045,0.78,0.0,0.0,0.0,0.0,0.16,0.0,0.01,0.0,0.05,0.0,0.0,0.0,0.0,0.0,0.5,0.5,0.0,0.0,16,1
494,0.22096108357983035,0.23958244613149626,6.209022590322359,1.3895033316819578,3.417102060746547,3.6700554698797307,7.391371379936314,4.385318935462403,210.52,82.71045760954173,123.48,126.60943523651423,2.2434157560013377,2.313602652397146,2.0776674523022844,2.2438906219610297,1.7072920493234072,0.11822235458110951,2.2522755479562897,2.421464326047095,0.78,0.0,0.0,0.01,0.02,0.14,0.0,0.02,0.0,0.03,0.0,0.0,0.0,0.0,0.0,0.49,0.5,0.01,0.0,16,1
495,0.2481008324883241,0.3047999847470585,6.6261294640133,1.2651940786127773,3.5733365735384877,3.759537576392981,7.2702637899183244,4.13807635190003,202.16,85.66964032098696,126.0,126.63476472266072,2.1879405330323434,2.013369291664954,1.934702907694569,1.9987104600442942,1.7555413438127736,0.11220725851769675,2.357300977903798,2.466476598300055,0.62,0.0,0.0,0.04,0.01,0.28,0.0,0.01,0.0,0.04,0.0,0.0,0.0,0.0,0.0,0.5,0.5,0.0,0.0,6,1
496,0.1846569659352688,0.26158897141358467,6.558192197245918,1.2850720413865024,2.851329657786761,3.2451197711209687,7.843713070872536,4.146125523584554,227.12,66.9571368997972,111.48,125.32773037121514,1.8341196031472327,1.938605327011852,1.725607537964596,1.981410267630612,1.7748139820116617,0.13104542787656892,1.9122106517317539,2.175235533542332,0.79,0.0,0.01,0.01,0.01,0.14,0.0,0.0,0.0,0.04,0.0,0.0,0.0,0.01,0.0,0.44,0.55,0.0,0.0,4,1
497,0.28273697156072275,0.28099181539324936,6.667813594000992,1.5223591837635813,4.7501650953349746,3.446378662437589,6.296792982562169,3.955671254267884,194.48,89.24605415265249,173.88,117.13544607535641,2.680654931649282,1.940631919337985,2.8387552885388136,2.03948044827587,1.723689010869596,0.12902859517626933,3.139721138147369,2.2641235991207123,0.64,0.0,0.0,0.02,0.04,0.22,0.0,0.02,0.0,0.06,0.0,0.0,0.0,0.0,0.0,0.69,0.31,0.0,0.0,3,1
498,0.2700861828214443,0.2941125327418781,6.80811114259051,1.7805809585528851,4.075356712413698,3.6978084635917816,7.031356330459099,4.272938481788315,200.24,86.64208509200891,146.16,125.00333086471227,2.3722137399021634,2.025442786030168,2.3315389153121053,2.057298777302769,1.7601048714011187,0.14209413405812452,2.6557853949206116,2.3875088692618975,0.6,0.01,0.02,0.02,0.02,0.24,0.0,0.02,0.0,0.07,0.0,0.0,0.0,0.0,0.0,0.58,0.42,0.0,0.0,3,1
499,0.2476715406107784,0.2743466468009433,6.514103346090885,1.2923293387516068,3.709714118377316,3.3263953942560867,6.9760616964712945,4.163031188088147,217.52,75.70123092550322,139.8,124.94507884375732,2.3689384598666927,2.134770479459789,2.346533504171082,2.254721815262486,1.7303389400000273,0.12907508011377483,2.467753815651583,2.2229360224586703,0.74,0.0,0.02,0.03,0.07,0.08,0.0,0.0,0.0,0.05,0.0,0.0,0.01,0.02,0.0,0.55,0.43,0.0,0.0,5,1
500,0.3366619263047193,0.33118318140446557,6.748693834471733,1.562598164858992,4.519372145720716,3.609255948130254,6.308297754861045,4.137364795211504,221.36,72.48483226917828,159.36,121.63827148931823,2.768443673748002,2.078721514355353,2.771253930609181,2.1608788117651994,1.7391430059202007,0.11898713950004734,2.980353974396703,2.356022420075981,0.74,0.0,0.01,0.01,0.01,0.18,0.0,0.02,0.0,0.02,0.01,0.0,0.0,0.01,0.0,0.63,0.35,0.01,0.0,5,1
501,0.24949636523149832,0.23193362622823577,6.414309131047739,1.025067035236785,3.38874275631208,3.402454065158511,6.922706392315397,4.469463336664507,242.48,45.82718526258087,131.04,126.53341635530693,2.5659394884289846,2.2736680275708365,2.2650468490298836,2.297533008978235,1.7411519294513544,0.12015141303010735,2.234348607552097,2.2220218396288502,0.92,0.0,0.0,0.01,0.01,0.05,0.0,0.0,0.0,0.01,0.0,0.0,0.0,0.0,0.0,0.52,0.48,0.0,0.0,8,1
502,0.20344478939756008,0.31617938375219434,5.892240645235583,0.8550183314400694,2.584362500888176,3.2833978658843184,8.369611842587336,4.3644236441642015,240.56,49.23502079543862,100.8,124.07622290716739,1.7828072615869848,2.2199345590740838,1.7986667384467565,2.27928602029466,1.6981090609703637,0.056041500899945716,1.686543419403289,2.120848293417748,0.87,0.0,0.0,0.0,0.0,0.08,0.0,0.01,0.0,0.04,0.0,0.0,0.0,0.0,0.0,0.4,0.6,0.0,0.0,16,1
503,0.201835452870332,0.32066792493880714,5.941713835425346,1.0733399147773999,2.568393548871656,3.2911154841026447,8.49548965848826,4.371766898955984,236.72,55.223710322815,98.28,123.53219676004974,1.788126161680498,2.3351942326031354,1.835870216333998,2.438687689742821,1.7046409151092177,0.07783478593902002,1.7028887243062425,2.186165024640722,0.9,0.0,0.0,0.0,0.03,0.05,0.0,0.0,0.0,0.01,0.01,0.0,0.0,0.0,0.0,0.39,0.61,0.0,0.0,13,1
504,0.228857052135767,0.35752104568882276,6.102184198881929,1.2481503575030797,2.687451382315459,3.3845749793217803,8.259076800497775,4.3762862925796355,229.04,64.89555244600916,103.32,124.56638974677502,1.8375725743694895,2.246818889787886,1.8666591967793287,2.4004780596737842,1.7126488876333825,0.08917262212240903,1.7338447357479976,2.1549632633622227,0.78,0.0,0.0,0.02,0.01,0.13,0.0,0.02,0.0,0.03,0.01,0.0,0.0,0.0,0.0,0.41,0.59,0.0,0.0,14,1
505,0.5624497605214824,0.35349507664075164,7.209876676827031,1.0783158615687023,5.924373966020633,2.214776413157488,3.655306095219031,2.6137125374882446,227.12,66.95713689979722,226.8,75.98085883359643,4.362763688731309,1.7425682614680023,4.487820246770442,1.8112461373725306,1.7512727575238005,0.13196178594738878,3.9178546621340375,1.4617482038571867,0.68,0.0,0.0,0.07,0.01,0.2,0.0,0.02,0.0,0.02,0.0,0.0,0.0,0.0,0.0,0.9,0.1,0.0,0.0,3,1
506,0.5154870133907778,0.3585528962110432,7.264180152107507,1.6690579784782036,5.054950240870654,2.9514492533361354,4.915276500220697,3.8991495546928325,227.12,66.95713689979718,194.04,106.58405133977595,3.6348452600214642,2.0796635583918754,3.8447790102526285,2.2021855392997876,1.7758968375139184,0.15185380517724692,3.2607829406984172,1.8745853944262494,0.74,0.0,0.0,0.04,0.0,0.17,0.0,0.01,0.0,0.04,0.0,0.0,0.0,0.0,0.0,0.77,0.23,0.0,0.0,8,1
507,0.38774277818408037,0.3833467588389238,6.712634235355921,1.7638155918074343,3.801177470908677,3.423636459794419,6.613033095199987,4.617511063998674,229.04,64.89555244600918,137.88,124.67843729880772,2.832849595065249,2.673899709695252,2.8688566349156663,2.7427217330437617,1.7608430160629651,0.13361793386738233,2.492789536236084,2.2464292796245826,0.83,0.0,0.0,0.02,0.02,0.11,0.0,0.0,0.0,0.02,0.0,0.0,0.0,0.03,0.0,0.54,0.43,0.0,0.0,17,1
508,0.4304176296672865,0.49922938898490593,6.426286132662929,1.313499461423549,3.1343531319533025,3.499369324693998,6.675230233217863,4.89793583766593,223.28,70.74296624207437,116.52,125.8142353558683,2.901429793257529,2.696765853842531,2.2506052019529714,2.5260717391761616,1.7213629665634662,0.10333201100376325,2.0708400541167524,2.2747398527893647,0.74,0.0,0.0,0.04,0.03,0.15,0.0,0.02,0.0,0.02,0.0,0.0,0.0,0.01,0.0,0.46,0.5,0.03,0.0,19,1
509,0.21470230284731073,0.32797606678073854,6.153065617350587,1.3323502256634017,2.2043807181617274,3.04776288037205,8.694763468466181,4.429394940199987,244.4,42.05623940305734,88.2,120.80186633115777,1.6809914964969774,2.261223965322881,1.6597448411708444,2.2873278583461665,1.7449284376455378,0.10016592188833741,1.452590532189582,2.011461771610004,0.88,0.0,0.0,0.02,0.0,0.1,0.0,0.0,0.0,0.0,0.0,0.0,0.0,0.0,0.0,0.35,0.64,0.01,0.0,24,1
510,0.22448271363002484,0.3887903807923814,6.037255640117483,1.330135819252307,1.6386710035281646,2.8128779726945545,9.174353972567742,4.492531617686391,244.4,42.05623940305734,65.52,111.09268857375564,1.5613065908543737,2.5028575152248393,1.3376727452839146,2.3020427002142054,1.7505633380165586,0.10163947519981428,1.0628020225482773,1.8231140180792413,0.9,0.0,0.0,0.0,0.0,0.09,0.0,0.0,0.0,0.01,0.0,0.0,0.0,0.0,0.0,0.26,0.73,0.01,0.0,27,1
511,0.24590884871669386,0.3688547470333727,6.474137956785695,1.7464325832865895,2.6980343357356897,3.56911550929626,8.504014102242303,4.388167564436072,238.64,52.350705474103826,96.36,122.60748901937579,1.6861232727574273,2.194230544232677,1.7622411832558436,2.30732455566836,1.7651444966755465,0.13003187466107968,1.7372262280224586,2.2550463582358504,0.89,0.0,0.0,0.01,0.0,0.07,0.0,0.02,0.0,0.01,0.0,0.0,0.0,0.01,0.0,0.38,0.6,0.01,0.0,19,1
512,0.18263166081042093,0.2761184368898602,6.153551501223421,1.3387116388486127,2.380454535299951,3.3207341585330434,9.022225378790399,4.2968723317139625,238.64,52.35070547410382,90.72,121.5693741337543,1.4982464256386567,2.039741511576651,1.5939008010757871,2.175481246904083,1.7393659408090416,0.13383621446201996,1.5281791415049608,2.0978972500943294,0.87,0.0,0.0,0.01,0.01,0.08,0.0,0.0,0.0,0.03,0.0,0.0,0.0,0.0,0.0,0.36,0.64,0.0,0.0,17,1
513,0.21653768957308078,0.3232321712345739,6.580574874573981,1.8630457869622115,3.0191790625753585,3.8398371057006364,8.748565448141395,4.311632547736207,221.36,72.48483226917828,103.32,124.56638974677502,1.612963383240472,2.0056850356765277,1.700651227948012,2.099201115122712,1.77214996452413,0.14605897945663748,1.9012155102000106,2.4026516681437524,0.75,0.0,0.0,0.04,0.03,0.11,0.0,0.03,0.0,0.04,0.0,0.0,0.0,0.01,0.0,0.4,0.59,0.0,0.0,5,1
514,0.17031369357815065,0.267145981304783,6.271882016778945,1.3490062813502697,2.742532627414218,3.94983125288526,9.312790031003509,4.152553989118504,223.28,70.74296624207436,90.72,121.5693741337543,1.417814047020015,2.0073911651736247,1.4328547850493254,2.072896300774045,1.749488117657634,0.12551927786080905,1.7265439181553293,2.428270040048677,0.77,0.0,0.0,0.02,0.03,0.11,0.0,0.03,0.0,0.04,0.0,0.0,0.0,0.0,0.0,0.36,0.64,0.0,0.0,5,1
515,0.1820858264784512,0.24992888363016558,6.192522953899365,1.3786312655282913,3.142357902037635,3.812781065152913,8.452427554382385,4.113998501133842,215.6,77.18690421190747,108.36,125.38760269297325,1.654183552732801,1.9394509600452814,1.6773175668263247,1.9850403975862803,1.7253447049837578,0.10507891371230671,2.034314856942296,2.467923238687177,0.76,0.0,0.0,0.01,0.02,0.12,0.0,0.01,0.0,0.07,0.01,0.0,0.0,0.0,0.0,0.43,0.57,0.0,0.0,8,1
516,0.28146223468247744,0.3579603059503019,6.368475594466886,1.0985495346801133,3.217649699542978,3.2920351019786773,6.92149567529915,4.341947850080735,225.2,68.90309400626624,126.0,126.63476472266072,2.5055499341772016,2.4105656081945117,2.318096244424255,2.525691938952851,1.7204474105050283,0.1281268817691866,2.1346468303584967,2.1909920740030175,0.78,0.0,0.0,0.01,0.03,0.14,0.0,0.01,0.0,0.03,0.0,0.0,0.0,0.0,0.0,0.5,0.5,0.0,0.0,12,1
517,0.23431488566157951,0.3075739748499215,6.094791743520386,1.4649228843037423,3.219727027170224,3.5637082616378297,7.096620639519813,4.663551715035745,203.58,91.2363098904391,118.44,126.40661662774117,2.0334322226203696,2.237982858985724,2.0624485537855834,2.3129035923220047,1.698663190109993,0.11382633297447271,2.092802379674435,2.301883513137644,0.81,0.01,0.0,0.02,0.0,0.11,0.0,0.01,0.0,0.04,0.0,0.0,0.0,0.0,0.0,0.47,0.53,0.0,0.0,8,1
518,0.2591482159209501,0.3166876805272474,6.3130343921387695,1.4586019810280777,3.2298891744173823,3.4701925080801406,7.589737837030923,4.628983672852497,223.28,70.74296624207437,120.96,126.53341635530691,2.246432644929259,2.2684654870152756,2.1478230513326513,2.3488953169238593,1.727303755690321,0.11983239649584436,2.1264841762438422,2.294455591969515,0.8,0.0,0.0,0.0,0.03,0.11,0.01,0.0,0.0,0.05,0.0,0.0,0.0,0.0,0.0,0.48,0.52,0.0,0.0,13,1
519,0.25137997407957985,0.3148764016831088,6.300211862029508,1.3314534783719236,3.351100849774342,3.594024241709715,7.515222984997503,4.423064376304665,213.68,78.5971547021438,123.48,126.60943523651423,2.1993186596744376,2.2667171178101366,2.09841706270996,2.2316168298889365,1.722958023890845,0.11963687895835308,2.202811628213285,2.3617132324545915,0.74,0.0,0.0,0.02,0.03,0.15,0.0,0.01,0.0,0.05,0.0,0.0,0.0,0.0,0.0,0.49,0.51,0.0,0.0,11,1
520,0.2137476361082355,0.31743340603110043,6.141985755148428,1.0023744434715478,2.6577666000653153,3.462579160516289,8.36383561993153,4.381772133065549,236.72,55.22371032281497,98.28,123.5321967600497,1.80744739536212,2.25317809571553,1.7747603481515406,2.314541782786438,1.737402705738105,0.105869425960815,1.7692241029855313,2.294939553171274,0.88,0.0,0.0,0.0,0.04,0.06,0.0,0.02,0.0,0.0,0.0,0.0,0.0,0.0,0.0,0.39,0.61,0.0,0.0,13,1
521,0.25649304411511054,0.2805303391283283,6.34447608616331,1.2707137579872576,3.7261078072403495,3.4199793632934328,7.170676632859564,4.2614725593543294,223.28,70.74296624207436,141.12,125.71968819560443,2.305654551427041,2.1106699200920818,2.4388244959245307,2.2313202645716523,1.7192964235692747,0.09662190012355952,2.458803271726801,2.2639496699877206,0.78,0.0,0.0,0.04,0.01,0.14,0.0,0.01,0.0,0.02,0.0,0.0,0.0,0.0,0.0,0.56,0.44,0.0,0.0,9,1
522,0.2777341695340632,0.35205208438872115,6.334853059369622,1.3172548578387906,3.4668774049143902,3.532418609517454,7.2764109410058815,4.371341242633876,236.72,55.22371032281498,131.04,126.53341635530694,2.3251776333631713,2.303016914765649,2.3424982662626856,2.3862650515889463,1.722392427816252,0.10956641821783343,2.2948573974598965,2.331727067629526,0.87,0.0,0.0,0.01,0.01,0.11,0.0,0.0,0.0,0.0,0.0,0.0,0.0,0.0,0.0,0.52,0.48,0.0,0.0,13,1
523,0.33143246273007426,0.3947876363889062,6.398190001106823,1.135263822594544,3.388505665343555,3.128511168879439,6.708575613658663,4.620875986602363,236.72,55.22371032281497,136.68,125.71708497473783,2.7044821878848673,2.4535582093268786,2.528104754636959,2.46327636841195,1.7246094581724893,0.1190492033285837,2.233929827250187,2.0554716553594745,0.78,0.0,0.0,0.01,0.02,0.17,0.0,0.0,0.0,0.02,0.0,0.0,0.0,0.01,0.0,0.54,0.45,0.0,0.0,11,1
524,0.2727114477495263,0.2568518813867342,6.794855633832563,1.6941305373110838,3.929143065387781,3.1699787996646562,6.768417213292012,4.239061622174191,238.64,52.35070547410382,156.24,122.93359626606998,2.4698100767706657,2.0099141443127357,2.723995845458019,2.200597054920916,1.767237035056867,0.12932386217045483,2.5896078882173246,2.098698097754873,0.73,0.0,0.0,0.02,0.0,0.22,0.0,0.0,0.0,0.03,0.0,0.0,0.0,0.0,0.0,0.62,0.38,0.0,0.0,10,1
525,0.3747603951239313,0.3943982912502068,6.532060955164569,1.530802557621789,4.227084427861033,3.6181485534373072,6.6237470131718466,4.643234475340073,219.44,74.13560057575087,146.04,123.14727325073386,2.7373009327774374,2.4986511170923102,2.8260379999619567,2.594368321878652,1.7349324895089844,0.11021784992230522,2.795576961798761,2.3868959224172857,0.77,0.0,0.0,0.02,0.02,0.14,0.0,0.01,0.0,0.04,0.0,0.0,0.0,0.04,0.0,0.57,0.39,0.0,0.0,10,1
526,0.34246133534820766,0.3128706589152552,6.689440026257189,1.7426951309152978,4.084985100155209,3.3032022225643445,6.549682435793513,4.4292677044377085,217.52,75.70123092550321,150.48,122.80858720345697,2.5859687810872907,2.2287506482475727,2.7792045528749463,2.365703478170728,1.7476431418455534,0.14021785024282737,2.683464272492294,2.1745650685961335,0.72,0.0,0.01,0.03,0.04,0.15,0.0,0.0,0.0,0.05,0.0,0.0,0.0,0.03,0.0,0.59,0.38,0.0,0.0,5,1
527,0.5050256645901765,0.45139016213168126,7.082144966291805,1.9912944077646553,5.230992014591855,3.9623025288233276,5.678503264634444,4.231759400028466,188.72,91.41028388534848,166.2,118.06161719435089,3.289097857239098,2.2940058622659496,2.920417230628817,2.328758895141323,1.7383822726741431,0.15234948021813213,3.3298003760156485,2.4304649014578588,0.61,0.0,0.0,0.03,0.06,0.18,0.0,0.04,0.0,0.08,0.0,0.0,0.0,0.05,0.0,0.64,0.31,0.0,0.0,5,1
528,0.43510942836430494,0.4312388716258966,6.721047808542054,1.6912952507787242,4.266831795171385,3.716972710933619,6.155332313689413,4.49483278121457,211.76,79.93597437949948,149.28,123.9861575851404,3.056786610569702,2.440591559954671,2.688881275813897,2.3483409337646175,1.7308381633394228,0.1335690254926769,2.752547599646235,2.3807687762726784,0.64,0.0,0.01,0.08,0.03,0.2,0.0,0.01,0.0,0.03,0.0,0.0,0.0,0.01,0.0,0.59,0.37,0.03,0.0,5,1
529,0.4578395077685616,0.3676040689942413,7.510299257401065,2.062644276348318,5.205060993996177,3.3966087932632933,5.555282564897633,3.9431006209713018,202.16,85.66964032098696,183.96,112.44140292129538,3.1573391120798986,2.02975617734831,3.236887772502491,2.121715416748824,1.7849395613201018,0.17589149026614337,3.2893297727896527,2.1661601311952325,0.62,0.0,0.0,0.05,0.02,0.21,0.0,0.01,0.0,0.08,0.01,0.0,0.0,0.0,0.0,0.73,0.25,0.02,0.0,4,1
530,0.3970002060567132,0.36067794490787564,7.110788636716571,1.749257050912901,4.7997023476071305,3.507673874057123,5.767765185322352,3.933676723184677,196.4,88.42870780259294,169.44,118.380342348489,3.0045415002038323,2.0806353179264674,2.90663695569508,2.231662100270083,1.7423465818841604,0.16301637013197762,3.0985645657840992,2.2824564068350837,0.62,0.0,0.02,0.05,0.04,0.16,0.0,0.04,0.0,0.07,0.0,0.0,0.0,0.01,0.0,0.67,0.32,0.0,0.0,5,1
531,0.460750118601766,0.4001774030600396,7.121592335009836,1.6726127520869427,5.356360323050953,3.5830712327651435,5.444602656765608,3.7553875661583374,190.64,90.73566002405009,182.64,112.08542196995032,3.231842244689478,2.0351115345340864,3.2662539976250544,2.145127595335114,1.7402594933111895,0.1505994278414663,3.3595995045364595,2.1683482090346553,0.62,0.0,0.03,0.04,0.03,0.14,0.0,0.03,0.0,0.11,0.0,0.0,0.0,0.03,0.0,0.71,0.26,0.0,0.0,3,1
532,0.36847031978839745,0.3964464796063348,6.712566562870384,1.8775498698905582,4.115424095657612,3.318718368483675,6.32257376201762,4.45697438570782,227.12,66.95713689979719,149.16,122.11773752482405,2.921450963919613,2.449414716380328,2.7181182164983135,2.5236661884280736,1.736289669074112,0.1503778281461632,2.6877850860576724,2.154824354733215,0.74,0.0,0.02,0.02,0.01,0.14,0.0,0.01,0.0,0.05,0.0,0.0,0.01,0.05,0.0,0.58,0.35,0.02,0.0,8,1
533,0.2878760671623628,0.3381207936168968,6.321593699755705,1.5413014614582548,3.247948782340558,3.5286072029411093,6.947742308556974,4.569480018171484,216.28,78.71699468682257,120.96,126.53341635530693,2.4322059498753457,2.35625854852405,2.1297098540521846,2.3192647229768135,1.7147765570155316,0.12283801488078461,2.1299257566909917,2.315418882015499,0.7,0.0,0.0,0.06,0.01,0.16,0.0,0.02,0.0,0.05,0.0,0.0,0.0,0.0,0.0,0.48,0.52,0.0,0.0,17,1
534,0.26055606638502093,0.35136610125083495,6.288493168898822,1.5842476182487206,2.359758042201568,3.1630121879004274,7.95944302234403,4.637343494398796,242.48,45.827185262580876,93.24,122.27961994766525,2.185056955648449,2.6384669830540144,1.8754574035464389,2.629228128784594,1.736589617527024,0.12964089942199644,1.5384174849859138,2.059156977924314,0.91,0.0,0.0,0.0,0.0,0.06,0.0,0.01,0.0,0.02,0.0,0.0,0.0,0.0,0.0,0.37,0.59,0.04,0.0,17,1
535,0.40423472635648094,0.38672932722573405,6.780739939177319,1.9610948682663603,4.583173450173825,3.3780623931965996,5.848168527538395,4.185928517470387,209.84,81.20689625887692,166.92,119.2838631165172,3.034594166701453,2.2815036834508864,3.195695887498079,2.410857557337552,1.7257139038911222,0.13751798615475425,2.9635672270821174,2.1813853986349,0.69,0.0,0.02,0.0,0.06,0.15,0.0,0.02,0.0,0.06,0.0,0.0,0.0,0.01,0.0,0.66,0.33,0.0,0.0,8,1
536,0.31092262965001916,0.34467801195111164,6.265959793093917,1.5739663325025544,3.6067539279555323,3.7308478081264713,6.192992887106195,4.562813786241763,197.2,95.02365468395197,128.52,126.60943523651423,2.4958158580671355,2.4355162956949905,2.342578497195288,2.4680593129806105,1.7031360977736583,0.11876585524735334,2.3400828547634025,2.412404566062822,0.69,0.0,0.01,0.05,0.02,0.16,0.01,0.01,0.0,0.04,0.0,0.0,0.01,0.0,0.0,0.51,0.48,0.01,0.0,17,1
537,0.31858231267912623,0.34853096924113713,6.418830259265542,1.6030768536034266,3.364947335844191,3.6231660260718352,6.811713000788529,4.492849167418714,222.04,74.05866088800995,123.48,126.60943523651426,2.5985884045661036,2.515935889919157,2.351762297933103,2.6115868087561642,1.7167605392207699,0.129734178520291,2.1715420204851723,2.3175871107534514,0.79,0.01,0.0,0.03,0.0,0.1,0.0,0.03,0.0,0.04,0.0,0.0,0.0,0.01,0.0,0.48,0.51,0.0,0.0,16,1
538,0.28937596089108186,0.37946666127919626,6.272363229651487,1.491580463679658,2.7463125649611584,3.3451019912723208,7.362686977674625,4.893244162029284,218.88,78.7499918229914,105.84,125.00333086471228,2.2816126187930434,2.608324511384678,2.086647709092733,2.577397785963833,1.73553755434419,0.13010795896352265,1.8049766864591033,2.2012673505335747,0.8,0.0,0.0,0.01,0.02,0.14,0.0,0.0,0.0,0.03,0.0,0.0,0.0,0.0,0.0,0.42,0.58,0.0,0.0,23,1
539,0.32441462116127406,0.4015375084997598,6.620235761940851,1.9161159335810718,2.9633857380598436,3.574883087121713,7.574308386560158,4.643002665969598,221.36,72.4848322691783,106.44,124.63363036589207,2.442123034839636,2.7114027185499974,1.8693369201084686,2.263975354653814,1.7610546378965142,0.14385142338092335,1.900212817341746,2.2927695768012577,0.73,0.0,0.0,0.03,0.0,0.15,0.0,0.01,0.0,0.07,0.01,0.0,0.0,0.01,0.0,0.42,0.53,0.04,0.0,16,1
540,0.2677127874167456,0.35659542248386156,6.49230486734274,1.6074434706544536,3.3731184737931112,3.5913496345654474,7.505978745484688,4.308156304427484,215.6,77.18690421190749,123.48,126.6094352365142,2.151123366501664,2.2567060868182023,2.0769701140061003,2.1893021328695808,1.7427484871071062,0.1193197546226983,2.2269175886428316,2.3892904752088424,0.7,0.0,0.01,0.04,0.01,0.2,0.0,0.0,0.0,0.04,0.0,0.0,0.0,0.0,0.0,0.49,0.49,0.02,0.0,10,1
541,0.25362083275190717,0.3679149228032509,6.479325045580768,1.8223368025963802,3.025158128118522,3.569914788980384,8.074089397248393,4.413042122180736,230.96,62.706937415249364,108.96,125.00682163204314,1.9190943884395866,2.2109474743663577,1.8543148572336667,2.2279832374628183,1.747766928541563,0.1293076798687811,1.9582182741892962,2.324835626050602,0.81,0.0,0.0,0.02,0.0,0.12,0.0,0.01,0.0,0.04,0.0,0.0,0.0,0.01,0.0,0.43,0.56,0.0,0.0,14,1
542,0.2512110395026222,0.3761713349344276,6.425170224765997,1.4957377641514236,2.938954827077676,3.476001643590947,7.887051630914211,4.307515645349215,227.12,66.95713689979718,110.88,125.71968819560443,1.9610001383147215,2.211023991185082,1.8739317763310839,2.2025023422509054,1.7432642693982623,0.11598375305393836,1.9081159936318013,2.248444532658653,0.76,0.0,0.0,0.06,0.01,0.16,0.0,0.0,0.0,0.01,0.0,0.0,0.0,0.0,0.0,0.44,0.53,0.03,0.0,16,1
543,0.21861950256378873,0.3444263515791226,6.292722155238726,1.5507240854884095,2.516502114486518,3.56565549318517,8.560010050192814,4.351723186834023,219.44,74.13560057575086,86.28,119.69287971531747,1.7049674019596563,2.214307900251282,1.379381575211712,1.9372355216220076,1.742898047496975,0.11603790644842069,1.6402063793943287,2.3224459096462104,0.78,0.0,0.0,0.02,0.01,0.12,0.0,0.02,0.0,0.05,0.0,0.0,0.0,0.01,0.0,0.34,0.6,0.05,0.0,15,1
544,0.2452536982056597,0.27723373637711485,6.595563230746982,1.8588899594629706,3.4293085206174236,3.6646392759313198,7.926631763451898,4.353838093448829,223.28,70.74296624207435,123.48,126.60943523651424,1.9575680831033528,2.044250681070865,2.1121120338766177,2.1933446197868696,1.7547457640043786,0.14472726715244627,2.2145026568727686,2.373469013789017,0.76,0.0,0.01,0.04,0.01,0.15,0.0,0.01,0.0,0.02,0.0,0.0,0.0,0.0,0.0,0.49,0.51,0.0,0.0,13,1
545,0.1780637102796751,0.29815562349518154,6.066640791049074,1.2215152407319336,2.647631520029659,3.7169556611175407,8.91923628191118,4.246518171518396,225.2,68.90309400626626,93.24,122.27961994766525,1.5250647380747453,1.9592084915380505,1.4580693192627365,1.9702891495589996,1.7171958534147485,0.08233265592357526,1.7311733220809327,2.383849785952739,0.74,0.0,0.02,0.01,0.01,0.19,0.0,0.01,0.0,0.02,0.0,0.0,0.0,0.0,0.0,0.37,0.63,0.0,0.0,13,1
546,0.1908419644291026,0.2721068872558154,6.40768924600362,1.7103461852610162,3.1667105721129754,3.74800769110027,8.477993038368256,4.197856958853426,219.44,74.13560057575089,111.48,125.32773037121513,1.7225631954352238,2.128701071195933,1.8295303982217106,2.274982418698648,1.7415266238831024,0.13292672551233423,2.019765740297959,2.350258602049288,0.73,0.0,0.01,0.02,0.02,0.15,0.0,0.01,0.0,0.06,0.0,0.0,0.0,0.01,0.0,0.44,0.55,0.0,0.0,9,1
547,0.16737195263909788,0.24704312893992206,6.069113072730395,1.2575498036438733,2.6734834796577265,3.8205256495193454,8.507313559925965,4.482401669938769,202.22,88.38067113516976,88.2,120.80186633115778,1.5622464472427529,2.03997136335781,1.3217030337794284,1.8531111942222898,1.7276190897458448,0.10387652956632179,1.7590486182987426,2.509260651112805,0.75,0.02,0.0,0.02,0.01,0.16,0.0,0.0,0.0,0.04,0.0,0.0,0.0,0.0,0.0,0.35,0.65,0.0,0.0,17,1
548,0.25021538419455847,0.29455027583843874,6.307712881895741,1.3140730432214587,3.4867310279459063,3.984364090166932,7.5308189794555895,4.110226274033861,202.16,85.66964032098694,118.44,126.40661662774116,2.067593666590046,1.9862502644844375,1.867619591226898,2.0528039369354185,1.6976229548888842,0.10152566191981773,2.2392577536022937,2.5082336627232626,0.64,0.0,0.0,0.06,0.02,0.24,0.0,0.0,0.0,0.04,0.0,0.0,0.0,0.0,0.0,0.47,0.53,0.0,0.0,14,1
549,0.21313626391005258,0.26553965806299606,6.2241507356555665,1.439354444228633,3.201976347635003,3.6930708553053364,8.281160479041027,4.3666492717052625,213.68,78.59715470214381,113.4,125.99999999999999,1.8285663419635472,2.0287022891983595,1.8533337140291917,2.095189914805693,1.7164462718150721,0.10304726986828161,2.0624585088383585,2.3930735030033365,0.74,0.0,0.0,0.03,0.01,0.16,0.0,0.01,0.0,0.05,0.0,0.0,0.0,0.0,0.0,0.45,0.55,0.0,0.0,12,1
550,0.22025983787727277,0.3252423762672773,6.334137014980547,1.8760199306267427,2.608949086611614,3.483460328492808,8.676738452421061,4.248902511465177,238.64,52.35070547410381,95.76,122.93359626606997,1.6914539940253355,2.247298133414879,1.7568640598650003,2.3674640066969834,1.7386269724618686,0.12225438680732538,1.5980687079399192,2.089064018760399,0.89,0.0,0.0,0.0,0.0,0.06,0.0,0.0,0.0,0.05,0.0,0.0,0.0,0.01,0.0,0.37,0.62,0.0,0.0,14,1
551,0.2257305358884953,0.28099316064724034,6.56857571847594,1.4948455497217783,3.429396043920575,3.5875942655615987,7.505794999394294,4.10705515457725,229.04,64.89555244600918,128.52,126.60943523651422,2.1641751388067845,2.228343633336831,2.1350815031680184,2.3136141476014846,1.7498354651116244,0.11183827845561496,2.2215013392802816,2.2937413700940157,0.73,0.0,0.0,0.02,0.0,0.17,0.0,0.02,0.0,0.06,0.0,0.0,0.0,0.0,0.0,0.51,0.49,0.0,0.0,15,1
552,0.1551706252779055,0.21807341711500436,5.976529035227734,1.2133074680771088,2.3989970070788442,3.3875990121512713,8.947143827875164,4.342494608974296,229.04,64.89555244600919,88.2,120.80186633115775,1.5465149638538016,2.0322158176759637,1.4347557642102668,1.9931960323258646,1.7209670892895277,0.09007747446355098,1.5836120366431559,2.2462224716572816,0.83,0.0,0.0,0.02,0.02,0.1,0.0,0.01,0.0,0.01,0.01,0.0,0.0,0.0,0.0,0.35,0.65,0.0,0.0,16,1
553,0.1629328365991174,0.26138685389541977,6.156925923507467,1.2551006559648648,2.5038470771330847,3.6329673485094562,8.843709766784139,4.1390773191795045,223.28,70.74296624207437,88.2,120.80186633115775,1.5138111252126702,2.039724826275611,1.3520534668424404,1.8969842189005304,1.7438103251413706,0.10625955319698918,1.6172437278391463,2.3164785323232495,0.79,0.0,0.0,0.0,0.0,0.15,0.0,0.02,0.0,0.04,0.0,0.0,0.0,0.0,0.0,0.35,0.65,0.0,0.0,18,1
554,0.13792150853536808,0.24068346655370357,5.830254572626168,1.0239911493423304,2.4766274774520336,3.495762987313891,9.164373366515399,4.04256120687185,223.28,70.74296624207437,88.2,120.80186633115777,1.356470195705232,1.9083393104105428,1.3798147406234744,1.9506658857093744,1.7003224696880777,0.0744274254323594,1.6357810436281368,2.3212653287815006,0.78,0.0,0.01,0.02,0.04,0.12,0.0,0.01,0.0,0.02,0.0,0.0,0.0,0.0,0.0,0.35,0.65,0.0,0.0,18,1
555,0.17102202501713823,0.2147540033638602,6.12009310235683,1.0972696508783153,3.012160595210822,3.3333926730965153,7.90959367039271,4.086591363212707,230.96,62.70693741524937,118.44,126.40661662774116,1.834298525562839,1.9457993762257009,1.8558844546026043,2.0176997368686735,1.7086945631898838,0.09357518423151559,1.9800958600923093,2.184859618915732,0.77,0.0,0.0,0.02,0.01,0.16,0.0,0.01,0.0,0.03,0.0,0.0,0.0,0.0,0.0,0.47,0.53,0.0,0.0,11,1
556,0.18983358465863873,0.2765250834718051,6.201415285388942,1.5989319293709996,2.6852987779597077,3.6435026955835714,8.914124545526962,4.130067848008513,221.36,72.48483226917828,93.24,122.27961994766521,1.473372194591313,1.9597020885343073,1.5484835218114186,2.0606102481516286,1.7328849778977664,0.11025285811504043,1.7078243971511466,2.3245924017550768,0.8,0.0,0.0,0.03,0.0,0.11,0.0,0.01,0.0,0.05,0.0,0.0,0.0,0.0,0.0,0.37,0.63,0.0,0.0,13,1
557,0.10192890047722003,0.19239709277413436,5.7686858645580585,0.9919042300355322,1.7935829456370005,3.0469721740743516,9.843311551588775,3.792023904413135,240.56,49.23502079543861,64.2,109.29692668057132,1.171711965807799,2.2157538562704935,1.2192779311856687,2.3317615592797827,1.7245517729156028,0.06686632245378005,1.2129304302122548,2.072009871252975,0.85,0.0,0.01,0.01,0.01,0.1,0.0,0.01,0.0,0.01,0.0,0.0,0.0,0.02,0.0,0.25,0.73,0.0,0.0,19,1
558,0.07693211629052406,0.18415838936240797,5.494165099756061,0.557893848929991,0.8589437798684453,2.5144886948629983,10.578633914178146,3.3616009161649663,240.56,49.23502079543863,27.72,79.24544150927548,0.7217989235921165,1.69126759432653,0.42210093322566444,1.2222292340387326,1.7111458814271971,0.036548206875597365,0.5489040918727833,1.610745017670788,0.93,0.0,0.0,0.03,0.0,0.02,0.0,0.02,0.0,0.0,0.0,0.0,0.0,0.0,0.0,0.11,0.89,0.0,0.0,34,1
559,0.13896413827074725,0.3748519318640606,5.760043294622367,1.28963833118713,0.7800730454451127,2.4508877799553197,10.792629322468706,3.7190564363056886,246.32,37.81370602885102,25.2,75.98085883359644,0.847313299189955,2.015383716314822,0.47480917223634633,1.5115687025661637,1.7326311438380726,0.07405260057022738,0.48935063095156545,1.523324608217789,0.94,0.0,0.0,0.0,0.0,0.04,0.01,0.0,0.0,0.01,0.0,0.0,0.0,0.0,0.0,0.1,0.9,0.0,0.0,30,1
560,0.1953711186170725,0.3965239847225319,5.945630405760451,1.4379592327294495,1.1735716053272116,2.5379582852080067,9.756373035137559,4.364666427154241,248.24,32.91774873557093,45.36,97.302975755673,1.3763060301616796,2.408746417162053,0.8239954726052156,1.7846591753908603,1.734048842212449,0.0877958923978889,0.7323090149983363,1.5787776505148226,0.89,0.0,0.01,0.05,0.0,0.03,0.0,0.0,0.0,0.02,0.0,0.0,0.0,0.0,0.0,0.18,0.77,0.05,0.0,16,1
561,0.07661788095741136,0.23051434399041607,5.568033177146998,0.6739417692654583,0.7108752167067647,2.244855396568806,10.95550217942461,3.0614076441805165,246.32,37.813706028851016,25.2,75.98085883359643,0.577920595962523,1.5761632733697684,0.4560309596934326,1.401051822048749,1.7300178745373318,0.06947239638551962,0.4754945108288194,1.4882811450750868,0.95,0.0,0.0,0.01,0.0,0.04,0.0,0.0,0.0,0.0,0.0,0.0,0.0,0.0,0.0,0.1,0.88,0.02,0.0,22,1
562,0.06313051385700627,0.20188983614395925,5.635117964079107,1.0916722537751369,0.6662039833915284,2.0271187899633474,11.227597835916308,2.9048851368363144,246.32,37.81370602885101,25.2,75.98085883359644,0.4671709927341396,1.3586920291779738,0.444371960607264,1.3451960208952558,1.7374391407377034,0.08431800642403184,0.4322401651480513,1.3162253395662458,0.95,0.0,0.0,0.0,0.0,0.03,0.0,0.0,0.0,0.02,0.0,0.0,0.0,0.0,0.0,0.1,0.9,0.0,0.0,23,1
563,0.08527711627779518,0.21032068526481745,5.635106553648495,1.1017470048542892,1.0583454254189069,2.5173245525308388,10.469382857708364,3.222939237599574,244.4,42.05623940305735,40.32,92.8501431927226,0.6419775055305628,1.5365747148651534,0.6874745863131012,1.6650239229038493,1.7264769848439994,0.06537933323711308,0.6970818847180721,1.6535181558920917,0.9,0.0,0.01,0.0,0.0,0.08,0.0,0.0,0.0,0.01,0.0,0.0,0.0,0.01,0.0,0.15,0.84,0.0,0.0,22,1
564,0.039477328379274465,0.16472633988624422,5.411550269267986,0.4075859518452092,0.40425544161175614,1.6194348530655278,11.394695121853369,2.2261884896863755,248.24,32.91774873557093,15.12,60.148180657137395,0.29416272020567374,1.148129351657648,0.2928569400302055,1.1731577667116984,1.7233309608154534,0.04660699234117573,0.2580973028183254,1.033821195131215,0.96,0.0,0.0,0.01,0.0,0.03,0.0,0.0,0.0,0.0,0.0,0.0,0.0,0.0,0.0,0.06,0.94,0.0,0.0,21,1
565,0.04975357394846771,0.21360117833526787,5.462757209555607,0.6560453792826123,0.2666246207138834,1.316838286815915,11.583036988380806,2.49656630608998,252.08,19.2,10.08,49.63048916286696,0.3409135590457115,1.4066282403009152,0.1866372390183676,0.9206022678561928,1.7332413132471973,0.058887291442285085,0.16475462355575451,0.8117756767991808,0.99,0.0,0.0,0.0,0.0,0.0,0.0,0.0,0.0,0.01,0.0,0.0,0.0,0.0,0.0,0.04,0.96,0.0,0.0,18,1
566,0.06312699849139886,0.23780355380555535,5.396817446576676,0.35354039305373913,0.3177356625095914,1.3962501751593779,11.354899418124424,2.8490306399427463,252.08,19.200000000000003,12.6,55.198814216512766,0.4770181288421603,1.6833419695321488,0.23255214939902302,1.0196676607366426,1.722804574436867,0.01607934786699758,0.20607168386143365,0.9072312208768326,0.97,0.0,0.0,0.0,0.0,0.03,0.0,0.0,0.0,0.0,0.0,0.0,0.0,0.0,0.0,0.05,0.95,0.0,0.0,20,1
567,0.04011234725308519,0.14495077577352866,5.425941730409637,0.47876406975051533,0.5279330240462505,1.8331168822297164,11.369487897143774,2.52122494594532,250.16,27.015416474167615,20.16,68.71030093476125,0.36256269462583746,1.2187134098343713,0.37499782164343415,1.2798555627550658,1.7226954926657498,0.026307157851244403,0.3571042675137406,1.242895711533544,0.96,0.0,0.0,0.0,0.01,0.03,0.0,0.0,0.0,0.0,0.0,0.0,0.0,0.0,0.0,0.08,0.92,0.0,0.0,19,1
568,0.026552091437144064,0.12881016529134603,5.380432252252461,0.36168128322943427,0.33131936780437504,1.4566275981678651,11.847856962083744,2.107731730943186,250.16,27.015416474167615,12.6,55.19881421651275,0.2202599869874889,0.9470305934664515,0.2246830189977781,0.9900131461564236,1.7214769150600893,0.02134142261227011,0.2117821286990241,0.9324138532907943,0.97,0.0,0.0,0.01,0.0,0.02,0.0,0.0,0.0,0.0,0.0,0.0,0.0,0.0,0.0,0.05,0.95,0.0,0.0,20,1
569,0.07400839047112133,0.22192494578905791,5.4737105726391055,0.5239985611352379,0.8123208665764179,2.4068860624533444,11.115509602598257,2.9790398807763125,246.32,37.813706028851016,27.72,79.24544150927547,0.5376665425787739,1.53823673678527,0.5332121554138795,1.5584792004122072,1.717792374859894,0.03114711243919397,0.5295225686337406,1.5615886247429025,0.95,0.0,0.0,0.0,0.0,0.04,0.0,0.01,0.0,0.0,0.0,0.0,0.0,0.0,0.0,0.11,0.89,0.0,0.0,16,1
570,0.05144518238916122,0.16190536424651641,5.446150877822813,0.48968341755867933,0.6301691677581491,1.9220037366991447,11.349001417916275,2.8837919135594676,252.08,19.2,25.2,75.98085883359644,0.46341446528635344,1.3902351082691244,0.48331014429059044,1.4628626588030322,1.721235980326154,0.030416518674717112,0.42683540112503365,1.305993831313186,0.93,0.0,0.0,0.0,0.0,0.07,0.0,0.0,0.0,0.0,0.0,0.0,0.0,0.0,0.0,0.1,0.9,0.0,0.0,25,1
571,0.03426055715690626,0.1689361113801342,5.397618890788902,0.3515695869613917,0.45125923714279426,1.6895766209015624,11.388327272217706,2.334367383251595,250.16,27.01541647416762,17.64,64.62096479401316,0.3117048905053361,1.171851548289729,0.32296211598352653,1.2320658436308187,1.720698350722084,0.026001424333650294,0.3074648172567035,1.1572095516256973,0.97,0.0,0.0,0.0,0.0,0.03,0.0,0.0,0.0,0.0,0.0,0.0,0.0,0.0,0.0,0.07,0.93,0.0,0.0,20,1
572,0.07299278813802834,0.23835200971614606,5.68710012718466,1.1487692352031136,0.6929067198690632,2.0035171468226682,11.012352607379274,2.881141170516557,248.24,32.91774873557093,27.72,79.24544150927548,0.49510610486690104,1.4353331902975162,0.5497780128747722,1.6001232447714298,1.7448580695805376,0.08545531811130437,0.43445064639511444,1.2441267917043868,0.96,0.0,0.0,0.0,0.0,0.01,0.0,0.0,0.0,0.03,0.0,0.0,0.0,0.0,0.0,0.11,0.89,0.0,0.0,12,1
573,0.07117157126787824,0.18637270641888187,5.660197253308017,0.7768969162564662,1.0329380534747836,2.4185554671611653,10.680763626945252,3.2564097251725537,248.24,32.91774873557093,40.32,92.8501431927226,0.6729202192244046,1.5503689623195205,0.6984027330084241,1.6254534575858266,1.7345994006759735,0.08786749169839256,0.6840032043467885,1.6056559929997154,0.96,0.0,0.0,0.01,0.01,0.02,0.0,0.0,0.0,0.0,0.0,0.0,0.0,0.0,0.0,0.16,0.84,0.0,0.0,12,1
574,0.1047714546938307,0.27703894024049414,5.723470768437932,1.048713668414748,0.9913404704497277,2.378317047673542,10.464461386276884,3.4437001062095542,252.08,19.200000000000003,37.8,90.43531088322443,0.7683025066134267,1.7322104064214157,0.6912186521934858,1.6626337254604124,1.7348289086637902,0.05428766554548389,0.667691218769764,1.6066222070472145,0.97,0.0,0.01,0.0,0.0,0.02,0.0,0.0,0.0,0.0,0.0,0.0,0.0,0.0,0.0,0.15,0.84,0.01,0.0,22,1
575,0.10217145093727384,0.20282620060858414,5.7006006918208705,0.8736535651604649,1.4966275581822297,2.726847979663783,9.87925093697962,3.6785844750084804,242.48,45.82718526258087,60.48,108.16714338971381,1.0439920803999567,1.9418862765550415,1.0987765703170602,2.0517093237021253,1.7166125166322195,0.0951272803338504,0.9901373834650171,1.802721416366035,0.94,0.0,0.0,0.02,0.0,0.03,0.0,0.0,0.0,0.01,0.0,0.0,0.0,0.0,0.0,0.24,0.76,0.0,0.0,24,1
576,0.15900827260388145,0.21425827226245975,6.18534428955935,1.195275446114957,2.9286656700077214,3.3909285106223783,8.301928234871308,4.0962612067086726,230.96,62.70693741524936,110.88,125.71968819560445,1.7159138008574697,2.0160191821975584,1.8438204929383222,2.174307024795978,1.735077122498749,0.10403747819088605,1.974266150194952,2.305707613740583,0.78,0.0,0.0,0.02,0.03,0.15,0.0,0.0,0.0,0.0,0.01,0.0,0.01,0.0,0.0,0.44,0.56,0.0,0.0,19,1
577,0.15648434974348627,0.2634807058755018,5.897113012855829,0.9834946133985092,2.0887784590663325,3.08708018290822,9.004990517178596,4.13585876671134,244.4,42.05623940305734,80.64,118.14419541006197,1.4424519359624717,2.070527641059936,1.4111338225627348,2.1269282996779237,1.7229527801482922,0.06866104843531577,1.394364067177103,2.074723179644686,0.91,0.0,0.0,0.0,0.02,0.06,0.0,0.0,0.0,0.01,0.0,0.0,0.0,0.01,0.0,0.31,0.68,0.0,0.0,26,1
578,0.1235840245387421,0.249996453757902,6.092847544943982,1.1207528640959918,1.9349617189310344,3.337029232963181,9.660705450958641,3.7094914561423336,236.72,55.22371032281498,68.04,112.44140292129539,1.0871067390208127,1.8517041478817804,1.108111068367199,1.9231086130463453,1.7611929102353718,0.12386103654152136,1.2504548430852866,2.141930583479483,0.92,0.0,0.0,0.0,0.01,0.03,0.0,0.01,0.0,0.03,0.0,0.0,0.0,0.0,0.0,0.27,0.73,0.0,0.0,20,1
579,0.19525432999997017,0.2695989753323641,6.366276516563436,1.508598503501997,3.3393309504287543,3.6812348518247062,7.989464182643591,4.180090672974243,215.6,77.18690421190749,120.96,126.53341635530693,1.893310594056623,2.0401321898825113,1.9056182303934996,2.1290329923722613,1.732149678154432,0.09518620818835248,2.202681699881749,2.399340207235669,0.77,0.0,0.0,0.0,0.0,0.17,0.0,0.02,0.0,0.04,0.0,0.0,0.0,0.0,0.0,0.48,0.52,0.0,0.0,9,1
580,0.24346169516167465,0.3546255961646518,6.226965397313223,1.0782256880727612,3.513879989024713,3.3986651071611034,7.324418025362698,4.248240525229828,236.72,55.22371032281498,136.08,126.22888302243233,2.208213767016092,2.203731086089107,2.30617242743772,2.3437689857562836,1.7026668443228,0.07914038105525145,2.2966008716578683,2.201330015607411,0.81,0.0,0.0,0.01,0.0,0.15,0.0,0.01,0.0,0.02,0.0,0.0,0.0,0.0,0.0,0.54,0.46,0.0,0.0,4,1
581,0.32756369569795496,0.3235876076280928,6.621926349873713,1.3745290819530651,4.515974938778201,3.713524274794636,6.207982393431483,3.9895058473417,211.76,79.93597437949951,161.28,121.56937413375432,2.7695931195483934,2.050725773807878,2.7314911111524918,2.238901719346536,1.7107837311999134,0.11142727561093521,2.943775131623347,2.396915922058594,0.66,0.0,0.0,0.03,0.01,0.23,0.0,0.04,0.0,0.03,0.0,0.0,0.0,0.0,0.0,0.64,0.36,0.0,0.0,4,1
582,0.3195189043240042,0.29987191544000585,6.638974658834433,1.32701087396873,4.576925194865271,3.362766164885067,6.162057082236287,4.060986996408142,213.68,78.59715470214383,173.88,117.13544607535638,2.811703991435538,1.9910121367822777,2.991114869408169,2.1295127919168624,1.7228152257383398,0.11172079516275073,2.991597847808468,2.1372820467759523,0.55,0.0,0.0,0.03,0.01,0.33,0.0,0.04,0.0,0.04,0.0,0.0,0.0,0.0,0.0,0.69,0.31,0.0,0.0,3,1
583,0.38958329031250344,0.3512885935016115,6.7164766669558,1.2208469011468441,4.718541978675547,3.3625779853984956,5.846474016989621,4.1681717419894415,225.2,68.90309400626624,173.88,117.13544607535638,3.124583915799443,2.2617336594888235,3.2804641859942554,2.3751910504920986,1.7407617055449278,0.1173623744865885,3.136907192718118,2.241431264408583,0.75,0.0,0.0,0.02,0.01,0.18,0.0,0.01,0.0,0.02,0.01,0.0,0.0,0.0,0.0,0.69,0.31,0.0,0.0,3,1
584,0.4414666534062423,0.4289361021777878,6.683656024961352,1.4679658253899321,4.036876039787684,3.713094856269739,6.484307415549347,4.702583345198538,213.68,78.59715470214381,141.12,125.7196881956044,2.9907370954502994,2.522607654708461,2.713828435315335,2.545999040729189,1.7293147349204556,0.11778698994403794,2.596400282299965,2.403996315895175,0.73,0.0,0.0,0.09,0.01,0.11,0.0,0.01,0.0,0.05,0.0,0.0,0.0,0.0,0.0,0.56,0.44,0.0,0.0,4,1
585,0.4250833537606993,0.3534852930326026,6.742562249956165,1.4287715640702243,4.836974028484675,3.680166941593717,5.953391284022506,4.297164358148282,207.92,82.41306163025816,168.84,119.09055378156572,3.185087170151369,2.33594447411973,3.1791112185938766,2.4509277050390255,1.726041107690405,0.11890307337057222,3.1359988521754123,2.3618918863632095,0.68,0.0,0.0,0.03,0.02,0.2,0.0,0.02,0.0,0.05,0.0,0.0,0.0,0.0,0.0,0.67,0.33,0.0,0.0,4,1
586,0.27082916239154864,0.30846243932307627,6.426639509264135,1.6124567444530566,3.226570762594831,3.4984152647145694,7.929181665271113,4.687555956359754,232.88,60.37747924516226,120.96,126.5334163553069,2.1547236130931644,2.2727829263026433,2.2156125351442553,2.4048377980034426,1.7342664358989106,0.11816723869548357,2.090609690979427,2.2733650423516076,0.81,0.0,0.0,0.01,0.01,0.11,0.0,0.02,0.0,0.03,0.01,0.0,0.0,0.0,0.0,0.48,0.52,0.0,0.0,6,1
587,0.16887481987983244,0.319285086556481,5.924405944854706,1.4797612968442146,1.8993846685272535,3.17640171992007,9.435341132057175,4.1885151700721455,242.48,45.82718526258087,63.48,107.26748215220084,1.136938374740634,1.9648253629642891,1.143377241029933,2.0164972472678677,1.728364164663712,0.09782354116511217,1.247497795623238,2.032282548844166,0.86,0.0,0.02,0.0,0.01,0.09,0.0,0.01,0.0,0.0,0.0,0.01,0.0,0.05,0.0,0.24,0.7,0.01,0.0,7,1
588,0.28458726589652655,0.39923219234777446,6.077297471569662,1.2762268433149933,2.769033444525878,3.69106547024739,8.025099783718222,4.884778632192652,213.68,78.59715470214383,94.44,121.64514712137847,2.1186480318752734,2.4219144865852953,1.5874243664197776,2.1530425176081773,1.7014482746411235,0.08107374869213624,1.8024749313892519,2.3583984726612264,0.81,0.0,0.0,0.04,0.02,0.11,0.0,0.01,0.0,0.01,0.0,0.0,0.0,0.02,0.0,0.37,0.61,0.0,0.0,7,1
589,0.10788647281778703,0.22075702630857938,5.666699518486222,1.2126318401702698,1.1937197079898492,2.7193441629010993,9.623106782180507,4.661201749214641,219.56,80.22220655306376,42.84,95.13634235329647,0.9869930023298619,1.8981503884902162,0.7282590601230138,1.6234234038697388,1.7265731951683714,0.08206839819872529,0.7833219860434818,1.78092799130522,0.87,0.0,0.0,0.0,0.0,0.08,0.0,0.01,0.0,0.03,0.0,0.0,0.01,0.0,0.0,0.17,0.83,0.0,0.0,10,1
590,0.20640134998696813,0.3095741629359534,6.061641519803387,1.1352449516513132,2.887886552706418,3.523416867779082,8.251046273604057,4.323753702922785,230.96,62.70693741524937,108.36,125.38760269297323,1.8169819278754022,2.132100400413386,1.8353734966199822,2.1913800353801034,1.709889310750495,0.07942727609816988,1.9101649880101308,2.3106771280751284,0.8,0.0,0.0,0.02,0.01,0.15,0.0,0.01,0.0,0.01,0.0,0.0,0.0,0.0,0.0,0.43,0.57,0.0,0.0,8,1
591,0.18373630781973965,0.2671882059151684,5.9872657666114835,1.1945579962284918,2.1644301273400286,3.224119551752231,8.482728800155275,4.311227885145914,236.72,55.22371032281499,83.16,119.09055378156573,1.7451703945100148,2.3238730080396746,1.4657887734347608,2.18429027129984,1.7237119802441239,0.08403144316885006,1.4088589928675075,2.0755479583307865,0.79,0.0,0.0,0.03,0.01,0.16,0.0,0.0,0.0,0.01,0.0,0.0,0.0,0.0,0.0,0.33,0.67,0.0,0.0,21,1
592,0.10623279490746342,0.20963550186896485,5.674769353805669,0.86810639377508,1.495634601551729,2.798485768373956,10.074307529065726,3.757903376340031,240.56,49.23502079543861,57.96,106.58405133977597,0.9734853195486481,1.7933629115196437,1.0352606827748077,1.9138355018957003,1.7161470032043238,0.062126623075421335,0.9955622383629052,1.865319092395744,0.88,0.0,0.0,0.04,0.02,0.04,0.0,0.0,0.0,0.01,0.01,0.0,0.0,0.0,0.0,0.23,0.77,0.0,0.0,17,1
593,0.14876532091120984,0.32330394186856504,5.673242773900208,0.6769881864990194,1.5525457701892722,2.8459211576721715,9.641434316098337,4.050581802078354,244.4,42.05623940305734,60.48,108.16714338971381,1.2327530349309164,2.2056597080133136,1.1159855551900295,2.070309693430382,1.7126883625718055,0.05045508522036376,1.0295913573428357,1.8935809507114283,0.94,0.0,0.0,0.01,0.0,0.05,0.0,0.0,0.0,0.0,0.0,0.0,0.0,0.0,0.0,0.24,0.76,0.0,0.0,18,1
594,0.124661714120651,0.2408748933478179,5.706914622072235,0.901617537488961,1.6449020986485043,3.039206474955036,9.906168709639292,3.8323975410061917,238.64,52.35070547410382,58.56,106.42323738049625,1.1144602356164892,2.047151737804166,1.1360486135749222,2.105623423681055,1.7195510370758427,0.06268757715493284,1.0910622837006825,2.016957194946888,0.86,0.0,0.0,0.01,0.02,0.07,0.0,0.02,0.01,0.01,0.0,0.0,0.0,0.01,0.0,0.23,0.76,0.0,0.0,14,1
595,0.22493924937127496,0.3462792422787006,6.387699337378587,1.7092664736307448,2.237441383438759,3.5249324177630244,8.61270005879352,4.3110787333497465,230.96,62.706937415249364,76.2,115.82274858985643,1.6068206932139992,2.1029125188474276,1.188759562730926,1.877047001757255,1.7536893830424052,0.11973536334361035,1.429157642090442,2.2394764788949972,0.84,0.0,0.0,0.03,0.0,0.08,0.0,0.0,0.0,0.05,0.0,0.0,0.0,0.01,0.0,0.3,0.69,0.0,0.0,10,1
596,0.16112370812569676,0.21461523705685698,6.402361919919988,1.618641273414225,2.7628448428760692,3.266098952620564,8.627443880580913,4.277018177175603,232.88,60.37747924516226,108.36,125.38760269297323,1.5784240947607568,1.8541580990564162,1.7168496379090583,2.0206447887281533,1.7544773065707155,0.11788565671609319,1.796495754740512,2.1236961081466004,0.77,0.0,0.0,0.03,0.0,0.14,0.0,0.0,0.0,0.06,0.0,0.0,0.0,0.0,0.0,0.43,0.57,0.0,0.0,4,1
597,0.18014472837710108,0.2935150602124986,5.931089242737507,1.0648629237155234,1.932623769514858,3.1197742263741524,9.192397562999988,4.332739322447358,240.56,49.23502079543862,73.08,114.92410143616127,1.4427525841606155,2.024958117200872,1.2468674876079833,2.0209357225877156,1.7062440457931287,0.062046170215100525,1.2630149857890411,2.0476812275273844,0.86,0.0,0.0,0.03,0.0,0.09,0.0,0.0,0.0,0.02,0.0,0.0,0.0,0.0,0.0,0.29,0.71,0.0,0.0,5,1
598,0.20994285903312881,0.3488378107296799,5.949994186559853,1.2864390895665334,2.134647566457322,3.347329908121307,9.054976346346741,4.320076675880901,230.96,62.70693741524936,78.12,117.13544607535641,1.5351941849690005,2.293103410814266,1.432568429888677,2.1995640964910397,1.7214687979372878,0.08171643044080616,1.359085997197129,2.109743114975494,0.86,0.0,0.01,0.01,0.0,0.05,0.0,0.01,0.0,0.06,0.0,0.0,0.0,0.0,0.0,0.31,0.69,0.0,0.0,21,1
599,0.3811556633222288,0.35006472871521765,7.005415896582957,1.8873984448426406,4.655811617127799,3.6277264548735904,5.8882712302513145,3.976925408023638,209.84,81.20689625887695,168.84,119.09055378156572,2.882743064337748,2.0740913916545,2.805872332741483,2.137906779841493,1.75494888946553,0.15441797874738983,3.012052267479486,2.3043081507259364,0.72,0.0,0.02,0.04,0.0,0.13,0.0,0.02,0.0,0.07,0.0,0.0,0.0,0.02,0.0,0.65,0.33,0.0,0.0,9,1
600,0.4147875677375368,0.25157738562178955,6.76474487895481,1.4071090133422763,5.743216691143091,3.1851745443912467,4.848870615616693,3.457672971872993,192.57,90.0215748551087,204.12,99.35786558972295,3.4701366197077896,1.8061234786078697,3.5337302068237695,1.8710780644415899,1.7070708241413906,0.13557664358653573,3.7814482073389235,2.1011268409374795,0.59,0.0,0.02,0.06,0.01,0.28,0.0,0.0,0.0,0.03,0.0,0.0,0.01,0.01,0.0,0.8,0.19,0.0,0.0,4,1
601,0.49928066162796236,0.33134436446488197,6.899481054346739,1.290699423311968,5.294442327721771,2.806156051287087,4.093690002974771,3.0011881847946023,219.44,74.13560057575086,204.72,98.28818480736771,3.9364328757378986,1.7268598076653578,3.6981105747019183,1.966664547218439,1.7023675914642782,0.1287994013286969,3.4846563200516023,1.8194360485084193,0.58,0.0,0.01,0.09,0.01,0.26,0.0,0.02,0.0,0.03,0.0,0.0,0.0,0.02,0.0,0.8,0.18,0.0,0.0,4,1
602,0.439136422959296,0.32109263734472104,6.700570702424974,1.5350782117823831,5.140696199111966,2.7337973111852856,4.869639688901785,3.6591703329129532,221.36,72.48483226917828,199.68,102.15880685570784,3.8167600041659857,2.2083156684961134,3.9450273634590176,2.2838793866988385,1.6943231151412679,0.12103353513476803,3.333122500529602,1.7592639521705655,0.69,0.0,0.03,0.03,0.01,0.15,0.0,0.02,0.0,0.07,0.0,0.0,0.0,0.02,0.0,0.78,0.2,0.0,0.0,4,1
603,0.6629387418547088,0.4602465705872768,7.427029646927265,1.9444306183207294,5.478926676888137,3.6289974789970048,4.079189578765496,3.29188302250768,196.4,88.42870780259295,189.0,109.66892325208964,4.236843672216625,1.9998098020597632,3.5562581236269164,2.3514771033355037,1.7248669920267397,0.16100064668440106,3.4322692123993943,2.2196239779554734,0.64,0.0,0.0,0.03,0.04,0.16,0.0,0.04,0.0,0.09,0.0,0.0,0.0,0.0,0.0,0.75,0.25,0.0,0.0,3,1
604,0.4967280043490206,0.27466090696804163,6.9906331750122614,1.199374881476249,6.428972030594247,2.105146816954764,3.5622186507690223,1.8181674615807564,209.84,81.20689625887694,236.16,58.56166912673417,4.409938520450024,1.4438281768971712,4.474952712704323,1.641226388267728,1.7076245041603926,0.12757159477146554,4.233464552461709,1.3408822944840433,0.64,0.02,0.0,0.05,0.01,0.21,0.0,0.02,0.0,0.05,0.0,0.0,0.0,0.03,0.0,0.93,0.04,0.0,0.0,2,1
605,0.45804719450582104,0.29253265598087835,6.85343111094932,1.307151092807742,5.472461274488563,2.9378365462960687,4.479984328951789,3.281678725912632,217.52,75.7012309255032,206.64,97.302975755673,3.771831316701427,1.6427694008949254,3.7219278612211038,1.8393098359175442,1.7050332514068405,0.1303476872739019,3.598502464051768,1.9040294377498228,0.67,0.0,0.0,0.03,0.01,0.22,0.0,0.05,0.0,0.02,0.0,0.0,0.0,0.0,0.0,0.82,0.18,0.0,0.0,4,1
606,0.5449628409879952,0.36584037726182855,7.102373218197025,1.3816700383239615,5.284217248941316,3.3306751493649003,4.303829429338072,3.3096174582585496,202.16,85.66964032098696,183.84,110.41580914475477,3.9862967016285027,1.8428744847398626,3.3745698462525553,2.2599154453426307,1.7258984510695228,0.13292830274874842,3.4764157680233603,2.13509602746795,0.63,0.0,0.0,0.03,0.02,0.22,0.0,0.03,0.0,0.07,0.0,0.0,0.0,0.04,0.0,0.72,0.24,0.0,0.0,5,1
607,0.5191477731025489,0.3270575173239191,7.1625289053830326,1.9799632683295063,5.6087921292286955,2.9723105549157443,4.4805773860468925,3.2712240564628825,204.08,84.64204843714715,206.64,97.302975755673,3.7781485238656036,1.7269573482258012,3.765068985182724,1.853349842142673,1.7248994467030527,0.16565943783256112,3.562344090551122,1.8704664768894919,0.58,0.0,0.0,0.08,0.03,0.19,0.0,0.0,0.0,0.12,0.0,0.0,0.0,0.0,0.0,0.82,0.18,0.0,0.0,4,1
608,0.46640681691421615,0.28930360893762563,7.0162538407463115,1.6005789464621312,5.836269349234677,3.0186633718445446,4.607156500504027,3.19641149113094,204.08,84.64204843714715,207.84,95.0694291748739,3.643831369528716,1.690734025216207,3.6693637550189546,1.761362925325662,1.7167939387443452,0.15089509627969597,3.777679906771309,1.9232929811019464,0.62,0.0,0.01,0.08,0.02,0.15,0.0,0.05,0.0,0.07,0.0,0.0,0.0,0.02,0.0,0.82,0.16,0.0,0.0,2,1
609,0.3758001007433909,0.3545873360352739,6.4510220915172996,1.7510926419668005,4.7887389638128175,3.6224740791821994,4.910954221310309,3.8749907435488,178.0,100.88417200738758,163.68,118.89821468190958,3.1243387281823276,2.2624074768456746,2.988919687892099,2.4680680025901114,1.6897201348360826,0.1422350966600378,3.1681583188340756,2.3595602158381572,0.65,0.04,0.03,0.04,0.04,0.12,0.0,0.03,0.0,0.05,0.0,0.0,0.0,0.04,0.0,0.64,0.32,0.0,0.0,8,1
610,0.39125206973150795,0.3521365883460884,7.0432688382689514,1.7534560864880353,4.824160878333509,3.3209061905957946,5.425250121336948,3.715212787086101,200.24,86.6420850920089,178.92,114.92410143616131,3.1140434932106245,1.9742312730269678,3.0106356250990802,2.0909548886052947,1.748991045192521,0.14742969599056957,3.1450659598228805,2.1590856634597673,0.6,0.0,0.02,0.01,0.03,0.23,0.0,0.0,0.0,0.1,0.0,0.0,0.01,0.02,0.0,0.69,0.29,0.0,0.0,4,1
611,0.42187005469465794,0.3858668367740882,7.060127044266171,1.745181843540338,5.347399564276646,3.3112838653411574,5.123417676734631,3.5808039856353804,202.16,85.66964032098697,194.04,106.58405133977598,3.468995404118045,2.0728290937491862,3.346051004318024,2.14467894569859,1.735296093636496,0.13691660916506232,3.465939228909477,2.1096622330653316,0.64,0.0,0.0,0.01,0.02,0.25,0.0,0.02,0.0,0.06,0.0,0.0,0.0,0.0,0.0,0.77,0.23,0.0,0.0,4,1
612,0.5055390516708644,0.4364584372436404,7.213924034288138,1.8490305506457043,4.778408052049014,3.068637871522304,4.5877741102259675,3.5059508103416315,223.28,70.74296624207436,172.44,114.71583864647303,3.6552233334581494,1.978375784332166,3.35790202902316,2.217154463685301,1.7519339768795004,0.1596962007932723,3.1735035301487686,2.058409861315596,0.73,0.0,0.0,0.02,0.03,0.19,0.0,0.0,0.0,0.03,0.0,0.0,0.0,0.06,0.0,0.67,0.27,0.0,0.0,5,1
613,0.4099115256976685,0.34568985711799977,6.949631021513529,1.5118576073381824,5.104804671367866,3.2900007336505794,5.271893257806156,3.749202167629214,200.24,86.6420850920089,184.56,111.6068424099852,3.2724698373162635,2.0280393453983803,3.206987816009227,2.058577171556405,1.7401777738073303,0.143079174431582,3.372825556307561,2.166586327907277,0.64,0.01,0.0,0.03,0.03,0.22,0.0,0.02,0.0,0.05,0.0,0.0,0.0,0.01,0.0,0.73,0.26,0.0,0.0,3,1
614,0.45116353758337124,0.3071908859524452,7.235439003036686,1.9263462451201796,5.6493155841326335,2.9339858174884843,4.738199805970125,3.3242718555646644,188.72,91.41028388534849,204.72,98.28818480736771,3.567426356881868,1.7977916711005941,3.636538803585206,1.7881584803900552,1.7502215772777276,0.16063654322542567,3.673284398024034,1.8936635481122386,0.55,0.0,0.04,0.05,0.05,0.18,0.0,0.02,0.0,0.11,0.0,0.0,0.0,0.01,0.0,0.81,0.18,0.0,0.0,2,1
615,0.5123409985237699,0.44537846686551746,7.074190838649439,1.7883679814303988,4.921174670539255,3.5045108101463507,4.717761614987859,3.4741861390047974,209.84,81.20689625887694,157.8,117.19602847754307,3.5359268366232772,1.906616141627218,2.760758178516034,2.2852026702149937,1.7133745604966086,0.13652328047432025,3.290775644088628,2.2834363475914965,0.64,0.0,0.03,0.03,0.01,0.23,0.0,0.02,0.0,0.04,0.0,0.0,0.0,0.13,0.0,0.58,0.29,0.0,0.0,5,1
616,0.4099204331427437,0.28681014816371186,7.357983692585095,1.8674224728676947,6.07983467644155,3.2482968708360302,4.8701711209560035,3.1603601328296413,182.97,93.17318023525608,199.56,99.94405707922081,3.342326653879663,1.61103118504709,3.27192893095559,1.8267111208903304,1.7614895225890457,0.1676131289921126,3.9738505907858763,2.10027990550089,0.5,0.0,0.0,0.04,0.03,0.29,0.0,0.03,0.0,0.09,0.01,0.01,0.0,0.06,0.0,0.77,0.17,0.0,0.0,4,1
617,0.518963882720832,0.46348080874476877,7.495129128337115,2.08030904747157,5.250314721853192,3.581685139866921,4.968523078821049,3.581622606405019,213.68,78.59715470214381,166.68,115.40152827095804,3.457734241532973,1.9179010821328113,3.0699044730005256,2.234019733552253,1.7599594987081288,0.168572732822913,3.399222004556584,2.2754433350818606,0.7,0.0,0.0,0.04,0.01,0.21,0.0,0.01,0.0,0.03,0.0,0.0,0.0,0.09,0.0,0.64,0.27,0.0,0.0,4,1
618,0.31715464851491526,0.26549059016142856,7.150813481947852,1.868374183571435,4.885703247118903,3.349709434478621,6.077421559950094,3.828951474528795,196.4,88.42870780259298,177.0,115.29409036341485,2.6958962035804395,1.8837097235997395,2.9051492574115474,2.000197304307607,1.7758436076207795,0.1558424772025698,3.1749995096719434,2.1705706689558935,0.53,0.0,0.0,0.06,0.03,0.28,0.0,0.0,0.0,0.1,0.0,0.0,0.0,0.01,0.0,0.7,0.29,0.0,0.0,2,1
619,0.41443473126948116,0.31603967273216166,7.612126269096451,2.094003456295045,5.759478159205079,2.789750711390856,4.949551927489512,3.1808877896260115,215.6,77.18690421190749,204.0,97.08478019470684,3.2501806117507486,1.662229291236044,3.593871425182465,1.7722662089820964,1.7871760994755286,0.17566177493720633,3.747167651118539,1.8577596787464248,0.66,0.0,0.0,0.01,0.02,0.27,0.0,0.0,0.0,0.04,0.0,0.0,0.0,0.04,0.0,0.8,0.16,0.0,0.0,3,1
620,0.4643182252286769,0.3554306636733476,7.425205976505267,1.9667063765807167,5.986265409963603,3.0005587135079357,4.723134739853388,3.0684091206285626,192.56,90.01462507433293,207.84,95.06942917487389,3.4909360756809518,1.8299256807430133,3.642265583193527,1.8787227270035163,1.7561484066005317,0.1590526571405172,3.8454227012535007,1.8821544674646729,0.53,0.0,0.0,0.07,0.01,0.32,0.0,0.02,0.0,0.05,0.0,0.0,0.0,0.03,0.0,0.81,0.16,0.0,0.0,3,1
621,0.4164385403439875,0.2699454764893273,7.2476007193205225,1.4800736692267695,6.018875428562719,2.7628444575490616,4.398464212022656,2.521174162339905,200.24,86.64208509200888,213.48,89.2032612530608,3.5879419309310276,1.3127538637633411,3.5848397559156524,1.5431444312821825,1.7375956617906079,0.14089415972077637,3.9453952983174356,1.766059475366232,0.52,0.0,0.0,0.02,0.04,0.31,0.0,0.02,0.0,0.08,0.01,0.0,0.0,0.03,0.0,0.84,0.13,0.0,0.0,4,1
622,0.34462697579414814,0.29270202364579856,6.545262642732881,1.2839753765847346,4.887293051078424,3.2542396301794763,5.640199156787686,3.9085352629805445,215.6,77.18690421190749,184.56,111.6068424099852,3.063175861486883,1.9840043816673294,3.2476369270346455,2.1217640149716477,1.6986117441821578,0.12156911011600595,3.250385736997765,2.12514764139376,0.71,0.0,0.01,0.01,0.0,0.22,0.0,0.01,0.0,0.04,0.0,0.0,0.0,0.01,0.0,0.73,0.26,0.0,0.0,3,1
623,0.41869781001893897,0.33207893119550946,7.3731002004831065,1.6309082980282565,5.540010226082459,3.3101154602095195,5.2019309664471765,3.56919234803229,177.2,94.53426507212757,196.56,104.91596637309307,3.3121347201432876,1.7884807443866477,3.3322056544405627,1.9022185914778027,1.7772627260185965,0.17169471813900258,3.590323968892697,2.110858742039459,0.51,0.0,0.01,0.03,0.0,0.33,0.0,0.0,0.0,0.12,0.0,0.0,0.0,0.0,0.0,0.78,0.22,0.0,0.0,4,1
624,0.4539301588247855,0.4138499432520094,7.1508939336774064,1.692414316063853,4.907507753200942,3.429174423656243,5.212283418579025,3.770369891288656,207.92,82.41306163025813,178.92,114.9241014361613,3.5889896704332624,2.187328056071708,3.0522487162288114,2.0303141795871023,1.7476357278956085,0.1487058773078183,3.2014142146394473,2.214940778644352,0.64,0.0,0.0,0.02,0.02,0.24,0.0,0.02,0.0,0.06,0.0,0.0,0.0,0.0,0.0,0.71,0.27,0.02,0.0,3,1
625,0.4328851218139404,0.28995447513711947,6.993065687956009,1.4580646799613886,5.78403536698284,2.830429480254955,4.496589181474796,3.0636696759562456,192.56,90.01462507433294,206.52,94.98394122644675,3.6387236465140287,1.6327187822237421,3.5552570820364524,1.753502076367591,1.7196700162022045,0.14219864290779285,3.8342700058436656,1.8388436070317595,0.55,0.0,0.01,0.03,0.03,0.27,0.01,0.03,0.0,0.07,0.0,0.0,0.0,0.04,0.0,0.81,0.15,0.0,0.0,4,1
626,0.38619338209764886,0.2670897764870466,6.822271318327952,1.433470959834706,5.2528079299136445,3.168066780589936,5.086186428091353,3.6806562812668218,202.84,87.1567402656695,186.36,109.04484482000139,3.4162901660474514,2.160043794559361,3.2011680272482153,2.014858201866699,1.727126653460263,0.1599467968491249,3.4432823527991125,2.061130509356323,0.66,0.0,0.02,0.02,0.02,0.17,0.0,0.02,0.0,0.08,0.01,0.0,0.0,0.04,0.0,0.73,0.23,0.0,0.0,4,1
627,0.48964692161249007,0.31294241052874755,7.0701747815842175,1.4524798895685889,5.90156132476559,3.232474518577447,4.303250555919667,3.053778894416339,186.8,92.03951720469162,204.72,98.28818480736774,3.9636946895703766,1.815775318725508,3.5971247239710267,1.9529534602909338,1.7199599811124937,0.14786794767646988,3.7795928863746666,2.016522737366095,0.6,0.0,0.01,0.07,0.03,0.18,0.0,0.02,0.0,0.09,0.0,0.0,0.0,0.01,0.0,0.81,0.11,0.07,0.0,4,1
628,0.5547563730110966,0.3863102523340326,7.3895174460844455,1.6776658456194549,5.934106063202268,3.0991326969643467,4.343873354211274,3.3343135884224298,175.28,94.90772552135239,203.4,98.1631295344642,4.0609812746503176,1.877431569748744,3.7839644648533577,2.009642024770884,1.7633889877580473,0.15334020531580858,3.8702707148965403,1.9795962317498927,0.5,0.0,0.01,0.04,0.03,0.31,0.0,0.0,0.0,0.11,0.0,0.0,0.0,0.03,0.0,0.8,0.16,0.01,0.0,4,1
629,0.3975131061572225,0.27181623281112444,6.438803776634475,1.0443900911714532,5.098922136897541,2.287946715129449,4.391160556191027,3.1980845236080757,236.1,57.50599441744655,214.2,90.43531088322443,4.0975586211548265,2.116054757520051,4.171883841430587,2.0730632488964043,1.6623424359651582,0.10764036495445746,3.406266497072538,1.5192153602244,0.88,0.0,0.0,0.01,0.01,0.08,0.0,0.01,0.0,0.01,0.0,0.0,0.0,0.0,0.0,0.85,0.14,0.01,0.0,5,1
630,0.4962309384414639,0.39587499090226863,6.979691424333665,1.5749715684700496,5.225059849441823,3.1501152243721324,4.695007727736427,3.590221911357571,188.72,91.41028388534849,188.28,108.4863795388829,3.6749328604207876,1.9416528422181474,3.467128907101365,2.14902107678806,1.7307112049709286,0.12755467510528773,3.46367599714693,2.0492542120398376,0.56,0.0,0.01,0.05,0.02,0.31,0.0,0.0,0.0,0.05,0.0,0.0,0.0,0.03,0.0,0.74,0.23,0.0,0.0,5,1
631,0.3841610884081549,0.32754325114995686,6.635916873860619,1.2493615041839303,4.6546486361119035,3.2881239235002973,5.574864952528244,4.099472956920748,209.84,81.20689625887694,170.04,117.66275381939538,3.2246775695672376,2.1872046694953577,3.0504200699407455,2.2095119552598796,1.7272373524504534,0.13933522848698213,3.1231037244810262,2.228134400741213,0.67,0.0,0.02,0.02,0.04,0.23,0.0,0.0,0.0,0.02,0.0,0.0,0.0,0.02,0.0,0.67,0.3,0.01,0.0,4,1
632,0.434679381959986,0.3694923179558638,6.898151246569842,1.2822704116739845,4.9102484149469925,3.2336922400813557,5.344565844563989,4.027691528382163,194.48,89.24605415265248,181.44,113.71773668326169,3.3927473320466874,2.0748059785699526,3.361220736241671,2.1988448541875742,1.741208807744442,0.13938811973389761,3.2719591718411327,2.187365644548834,0.61,0.0,0.01,0.02,0.04,0.29,0.0,0.01,0.0,0.02,0.0,0.0,0.0,0.0,0.0,0.72,0.28,0.0,0.0,5,1
633,0.519578834404744,0.4015529683679714,6.931240394464194,1.506126751681502,5.236269004093803,3.1066721687031142,4.585013143244603,3.686970409044462,192.56,90.01462507433294,186.36,109.04484482000139,3.830074815911183,2.153233435962357,3.5448209304082154,2.298172662737357,1.7346250370336989,0.1309966114766623,3.482658718922126,2.0582345907028623,0.59,0.0,0.01,0.0,0.01,0.3,0.0,0.01,0.0,0.08,0.0,0.0,0.0,0.04,0.0,0.73,0.23,0.0,0.0,5,1
634,0.3990709559600014,0.2963413416829189,7.024665509138634,1.3219876874084329,5.487624433321189,3.3868050837724906,5.215030978406311,3.598157826653864,198.32,87.56122014183718,192.72,106.33490831929431,3.3388943030471627,1.845229482985509,3.3387434987434235,1.972333568216375,1.7527505937410581,0.14863550665270328,3.6029308157134614,2.1204094437700074,0.58,0.0,0.0,0.01,0.01,0.33,0.0,0.01,0.0,0.05,0.01,0.0,0.0,0.02,0.0,0.76,0.22,0.0,0.0,3,1
635,0.5407922284334288,0.4892449876626255,6.918744403953969,1.6725678151684211,3.9140211903473645,3.7198354749127485,5.213108214909516,4.338852352929171,202.16,85.66964032098696,138.6,126.00000000000001,3.700329810333821,2.553365890793527,2.6696180970977768,2.528611856250435,1.7403523362091462,0.1375700990025841,2.553583726237202,2.425610839341882,0.66,0.0,0.0,0.02,0.04,0.18,0.0,0.04,0.0,0.06,0.0,0.0,0.0,0.0,0.0,0.55,0.4,0.05,0.0,5,1
636,0.4649731025516697,0.3207736265784203,7.155067151066079,1.4749681094488816,5.474662743782322,3.207901233447893,4.520654256687768,3.2306558482622227,200.24,86.6420850920089,197.16,103.9476091814788,3.6501272711262005,1.8229178252983467,3.435864903139765,1.981955234328449,1.7498161993873935,0.14879119015827888,3.592170526336202,2.0714278127139583,0.66,0.0,0.02,0.03,0.02,0.22,0.0,0.03,0.0,0.02,0.0,0.0,0.0,0.02,0.0,0.77,0.18,0.03,0.0,3,1
637,0.5913441449098047,0.43921071202543066,7.3734146598675805,1.7518828315004127,5.112579778987762,3.461003807906915,4.330274900007206,3.4347809092331962,182.96,93.16542472203066,181.44,113.71773668326169,3.9608356770648476,1.8722069950561555,3.355585401208973,2.1689623952800687,1.7531467251646786,0.15159944458066552,3.326592331201435,2.2498491933732727,0.51,0.0,0.01,0.05,0.08,0.25,0.0,0.03,0.0,0.07,0.0,0.0,0.0,0.0,0.0,0.72,0.25,0.03,0.0,4,1
638,0.4727545009545179,0.425680787436174,6.8025384128930195,1.0578216515021945,4.532052417456969,3.4431585064579044,5.414489342657971,4.26709786879083,200.24,86.64208509200888,162.48,120.24726041105319,3.568056764478137,2.590378044695352,3.13781526145884,2.587844239081406,1.7526655964891298,0.14647595326394156,3.0281417024669453,2.3080151066392838,0.62,0.0,0.03,0.04,0.03,0.23,0.0,0.01,0.0,0.04,0.0,0.0,0.0,0.03,0.0,0.63,0.33,0.01,0.0,4,1
639,0.5060975955295083,0.45029862078730803,7.085060472514053,1.4050241876160239,4.569942015110799,3.5666773772816662,5.197352513140783,3.994915583603446,202.16,85.66964032098693,166.32,119.97599759951987,3.6495797519920052,2.2866149044574398,3.0975475633040928,2.385523074612589,1.7472459313491249,0.14229323171605343,2.990458903474699,2.3110829667716803,0.62,0.02,0.01,0.04,0.03,0.22,0.0,0.01,0.0,0.05,0.0,0.0,0.0,0.0,0.0,0.66,0.32,0.02,0.0,3,1
640,0.43839946954902287,0.34691367224654784,6.978189989747069,1.7970004913698407,5.018535699817795,3.5089418849208083,5.398382661234491,3.9236413534197694,196.4,88.42870780259294,178.92,114.9241014361613,3.43825032853734,2.240586643423736,3.3504340438662137,2.3632460062277523,1.7382394575906703,0.1444746165292624,3.2753467546857946,2.2712801745804017,0.6,0.0,0.0,0.02,0.03,0.26,0.0,0.01,0.0,0.08,0.0,0.0,0.0,0.0,0.0,0.71,0.29,0.0,0.0,3,1
641,0.6123521372294207,0.4844101716350036,7.12459069856299,1.3323686855541268,4.935641163673986,3.614052961805632,4.458807874987128,3.8191181387660285,196.4,88.42870780259292,173.88,117.13544607535641,4.078733840900002,2.3177023611978393,3.176354727988858,2.2468523069434925,1.735493930887286,0.14251003584778651,3.2049286514656603,2.312242709240465,0.64,0.0,0.02,0.04,0.01,0.22,0.01,0.03,0.0,0.03,0.0,0.0,0.0,0.0,0.0,0.69,0.31,0.0,0.0,3,1
642,0.5050509233525304,0.3805915938795273,6.974946606458383,1.4475707080672189,5.391947928535426,3.316850291903677,4.663113410786438,3.482843986071711,181.04,93.66369239319614,191.52,108.1671433897138,3.7501893161613187,1.9857733639849642,3.461608893873347,2.0619697970353785,1.7201924019157528,0.14130267893096599,3.535606064961791,2.173212491679875,0.51,0.0,0.04,0.04,0.04,0.26,0.0,0.04,0.0,0.07,0.0,0.0,0.0,0.0,0.0,0.76,0.23,0.01,0.0,4,1
643,0.46017902682271095,0.34833678101232185,6.847586511854245,1.2609467262374765,5.2111128144868,3.376220638862952,4.937902811772261,3.6479794621543338,196.4,88.42870780259294,189.0,109.66892325208964,3.577448246674582,1.9983498694919974,3.3543168482203716,2.0630751483527496,1.7123731175861463,0.14443490661420164,3.384185955542768,2.1453432250397784,0.63,0.0,0.0,0.06,0.02,0.21,0.0,0.06,0.0,0.02,0.0,0.0,0.0,0.0,0.0,0.75,0.25,0.0,0.0,5,1
644,0.48971285897112793,0.3606070628155681,6.985542412474376,1.1032342942361197,5.632401358600416,3.0550741307032814,4.441426837565977,3.243579893938563,200.24,86.6420850920089,207.24,96.19457554164036,3.8047269665177352,1.7811671733794685,3.7639560569942265,1.9175839438420539,1.723642294837915,0.1454369996210995,3.661506024190377,1.858384480051687,0.61,0.0,0.02,0.03,0.04,0.24,0.0,0.01,0.0,0.05,0.0,0.0,0.0,0.01,0.0,0.82,0.15,0.02,0.0,2,1
645,0.35906240366367626,0.3066059871588543,6.993506715320223,1.323213330288401,5.251878267856716,3.7141983689856297,5.394746387937167,3.377668168973091,190.64,90.73566002405009,179.52,114.13446615127422,3.0822735647976445,1.7196138434682522,2.8500292431928074,1.9472504429642445,1.727862889087219,0.1375947521653573,3.4321227603117705,2.341429306609372,0.63,0.0,0.01,0.02,0.03,0.23,0.0,0.03,0.0,0.04,0.01,0.0,0.0,0.0,0.0,0.71,0.28,0.0,0.01,4,1
646,0.3229944560336487,0.2840746919963369,6.550345189760233,1.5585725891415134,4.501935910126465,3.2929876506364084,5.962541878980958,4.0254805055256115,214.98,78.66794811488388,173.88,117.13544607535641,2.9263042071356047,2.1291820375839063,3.002844532383259,2.115262498270059,1.707653520184522,0.1289858220423504,2.944708913855507,2.1216077859580937,0.67,0.0,0.01,0.01,0.02,0.19,0.0,0.05,0.0,0.05,0.0,0.0,0.0,0.01,0.0,0.68,0.31,0.0,0.0,4,1
647,0.358383825196298,0.36019681772909445,6.651347593249483,1.373396641907189,4.171801064991523,3.7939738514540697,6.825061879099836,4.456685860613533,213.68,78.59715470214383,146.16,125.00333086471228,2.645951518006081,2.317978463147302,2.724369648263821,2.3913732268856047,1.7509471303826372,0.1218008629847135,2.715431760961708,2.4463051710318244,0.72,0.0,0.0,0.02,0.02,0.19,0.01,0.02,0.0,0.02,0.0,0.0,0.0,0.0,0.0,0.58,0.42,0.0,0.0,3,1
648,0.4231895308814588,0.3845074923550289,6.820891565144822,1.6550376427382312,4.4260211501962985,3.502702637428049,5.876012953133012,4.154619195741457,223.28,70.74296624207436,163.8,120.80186633115778,3.0635470659272723,2.259598525479244,3.033643488568473,2.313717581758158,1.7337901198810723,0.14235342995324352,2.8590197748022006,2.2421206236751483,0.72,0.02,0.0,0.04,0.03,0.15,0.0,0.0,0.0,0.04,0.0,0.0,0.0,0.0,0.0,0.65,0.35,0.0,0.0,6,1
649,0.31922230884957586,0.3163137212233642,6.327238332130964,1.3536122151657273,3.704457688425876,3.206507077256121,6.418802681854345,4.515537989694852,227.8,68.60014429999254,146.76,124.43741033511223,2.7180413188931545,2.3748448722014492,2.8278373680026623,2.5037329823160737,1.7098920443184604,0.12901033634735187,2.4772843777978735,2.152918473861078,0.84,0.0,0.01,0.01,0.02,0.11,0.0,0.0,0.0,0.01,0.0,0.0,0.0,0.01,0.0,0.58,0.4,0.01,0.0,10,1
650,0.35708161181017417,0.36961232716914744,6.581019133589673,1.5391879187630497,4.137804594329196,3.6750065568128014,6.386435942822011,4.483299416535644,210.52,82.71045760954173,146.04,123.14727325073386,2.8355535461567087,2.5901177415620524,2.6643765310263774,2.457654433656358,1.7406155871385207,0.12992537075494257,2.709066537297417,2.299938425494232,0.76,0.0,0.0,0.0,0.06,0.13,0.0,0.0,0.0,0.05,0.0,0.0,0.0,0.07,0.0,0.54,0.39,0.0,0.0,16,1
651,0.46489701052787824,0.4142419014983579,7.168637306224,1.5466765657841675,4.447157253813788,3.4262892455576046,5.708563388076682,4.427155916772342,240.56,49.235020795438615,160.56,120.33625615521926,3.3007722000377213,2.402238221983544,3.0267819487464465,2.322763232937999,1.78899964403655,0.11334476759131919,2.823312266129293,2.132576341644842,0.92,0.0,0.0,0.01,0.0,0.04,0.0,0.0,0.0,0.03,0.0,0.0,0.0,0.03,0.0,0.63,0.34,0.0,0.0,8,1
652,0.5104694717256905,0.5255734626197569,7.373968444352372,2.277424249712736,3.8380553232940673,4.004398134950036,6.454260867863145,4.528216442660717,211.76,79.93597437949951,128.52,126.60943523651423,2.888922117142374,2.566744413315781,2.3479718219504635,2.4101911260308366,1.7865308962819526,0.16033215364204073,2.3532387589090167,2.4555724125608807,0.72,0.0,0.0,0.02,0.01,0.15,0.0,0.03,0.0,0.07,0.0,0.0,0.0,0.01,0.0,0.5,0.39,0.1,0.0,4,1
653,0.3920734561492345,0.3541513045381298,6.835289088414156,2.0801648047792165,4.575359089826881,3.6840128087045843,4.721579121720033,4.016158834891952,169.76,105.25324151058173,161.28,121.5693741337543,2.9862044674666435,2.235195159600988,2.8884908997715,2.2399039701896974,1.743060243131971,0.15644318403247726,2.9301437484128456,2.3234269152523153,0.61,0.0,0.02,0.03,0.01,0.21,0.0,0.02,0.0,0.1,0.0,0.0,0.0,0.01,0.0,0.63,0.35,0.01,0.0,7,1
654,0.3522282121817736,0.27890492610893597,6.892943226469019,1.464148078270179,4.750774288498695,3.32104651630212,5.790880082952579,3.7920416107587798,200.24,86.6420850920089,176.4,116.06267899090322,3.015570125287062,2.0078596463310476,2.980913743672238,2.014865828314186,1.738620204417507,0.15717185976842316,3.0137462526579015,2.0586961507681796,0.65,0.0,0.01,0.08,0.03,0.15,0.0,0.01,0.0,0.06,0.0,0.0,0.01,0.01,0.0,0.69,0.29,0.01,0.0,4,1
655,0.41704079739671135,0.30122372227070365,7.130131267303429,1.4952624075565792,5.314545589034546,3.01104203275724,4.85778154634859,3.32126166165292,212.44,81.44680608975543,196.56,104.9159663730931,3.8108809203560843,2.3640899135476414,3.629907742055583,2.3525242686029126,1.7372803897739006,0.11328195073977433,3.3841084394701744,1.919740311793522,0.78,0.0,0.0,0.01,0.0,0.15,0.0,0.02,0.0,0.04,0.0,0.0,0.0,0.0,0.0,0.78,0.22,0.0,0.0,5,1
656,0.32707986255384713,0.4132848415573577,6.694686654690398,1.1480049676676185,4.147750103311035,3.90359138816856,7.078612323166551,4.427884260701075,215.6,77.18690421190746,143.64,125.38760269297323,2.532351734417333,2.3860343890447124,2.5187037598518263,2.4558796903480755,1.751681511317598,0.13713661094228313,2.6493293434632834,2.4401608846487877,0.71,0.0,0.0,0.04,0.01,0.2,0.0,0.01,0.0,0.03,0.0,0.0,0.0,0.0,0.0,0.57,0.43,0.0,0.0,4,1
657,0.3243750776255034,0.32191259542848827,6.678043565335289,1.2718664215356805,4.712901704680793,3.9048085181705257,6.521428584258011,3.9921892325777963,209.84,81.20689625887692,163.8,120.80186633115775,2.9224161413149767,2.4943933830231284,2.9845010468961948,2.5860563349199617,1.716957522334749,0.116891427747763,2.9694406604374786,2.348469161127459,0.72,0.0,0.0,0.04,0.0,0.18,0.0,0.02,0.0,0.04,0.0,0.0,0.0,0.02,0.0,0.63,0.35,0.0,0.0,3,1
658,0.293766717149155,0.28972528901982775,6.760267290322755,1.6444789237468909,4.729194806352299,3.5679870438985204,6.2937547871237545,3.928900215456073,204.08,84.64204843714714,168.84,119.09055378156573,2.7124317393141393,1.968458486045691,2.715487618578193,2.0331708648078637,1.7330358568378847,0.1295933847205905,3.1125780318355782,2.3548078764324676,0.54,0.01,0.01,0.04,0.04,0.29,0.0,0.01,0.0,0.06,0.0,0.0,0.0,0.0,0.0,0.67,0.32,0.01,0.0,4,1
659,0.3862814545871347,0.34839485440841944,6.777351646549376,1.5008715282743803,5.004248424287736,3.548520086904293,5.680052434370607,3.8647191311991493,182.96,93.16542472203066,176.4,116.06267899090325,3.09114347853494,1.9478932846197952,3.005845635962536,2.0990989821533,1.7077080641061835,0.13552660779613473,3.2567695530363983,2.2869965138526474,0.57,0.0,0.01,0.08,0.06,0.22,0.0,0.01,0.0,0.05,0.0,0.0,0.0,0.0,0.0,0.7,0.3,0.0,0.0,4,1
660,0.27960674702851823,0.3776048737936731,6.289584635900615,1.5480143815581417,2.7737074693931585,3.9419992787691487,7.795346289035603,4.604860304576038,209.84,81.20689625887694,90.72,121.5693741337543,2.125171934436344,2.363693838407108,1.3992575337053879,1.964613425956182,1.7238072884092555,0.12100566182140444,1.7836459989335993,2.4966089503664124,0.72,0.0,0.06,0.01,0.02,0.13,0.0,0.03,0.0,0.03,0.0,0.0,0.0,0.01,0.0,0.35,0.61,0.03,0.0,17,1
661,0.23716103994557566,0.3324684585808547,6.205242573233496,1.2133874246547813,3.0291912581860334,3.6783309240983577,8.032304627222283,4.491199695613261,229.72,66.56963848239504,108.36,125.38760269297326,2.0631901946617526,2.497421473457187,1.901441748687618,2.2799863539334893,1.719232448911837,0.11199808072269894,1.9203294055762543,2.2943683725400907,0.87,0.0,0.0,0.03,0.0,0.09,0.0,0.01,0.0,0.0,0.0,0.0,0.0,0.0,0.0,0.43,0.57,0.0,0.0,20,1
662,0.11928944211660623,0.23782267659236073,5.788702423452736,1.1073550458748593,1.6436132554073337,2.9944012354779708,9.813901121845944,3.742700045719338,242.48,45.82718526258087,60.48,108.16714338971383,1.0439523463805334,1.8950829713560948,1.013284396234744,1.8333564917823912,1.7230121512711114,0.07183601531932458,1.0806810434474343,1.974366063625632,0.91,0.0,0.0,0.01,0.01,0.05,0.0,0.0,0.0,0.02,0.0,0.0,0.0,0.0,0.0,0.24,0.76,0.0,0.0,19,1
663,0.2873267996752242,0.4384757531105382,5.97909416276691,1.0241146973833353,2.62054053560819,3.2770113927449716,7.85985344008462,4.546118979941301,238.64,52.350705474103826,100.8,124.07622290716738,2.289807973408507,2.8546195537500942,2.0095256324597592,2.6553031198254073,1.7017624135199312,0.07739376505287021,1.6857789428536702,2.1136867396380907,0.87,0.0,0.0,0.01,0.03,0.07,0.0,0.0,0.0,0.02,0.0,0.0,0.0,0.0,0.0,0.4,0.6,0.0,0.0,15,1
664,0.14352078652180209,0.2932933018749779,5.802530819462834,0.9732170856972834,1.694668728667273,2.894320892845968,9.68190581936361,3.9654564787407898,248.24,32.91774873557093,65.52,111.09268857375565,1.1530902800279157,1.957553526931342,1.1692406193522729,2.044656799593147,1.7147509905824978,0.06502601889505621,1.0793501573189694,1.8452936334560035,0.92,0.0,0.0,0.01,0.0,0.06,0.0,0.0,0.0,0.01,0.0,0.0,0.0,0.0,0.0,0.26,0.74,0.0,0.0,14,1
665,0.08128915764662917,0.18846185281312505,5.610057051075252,0.8308408806588632,1.1618345480762944,2.6164786182146855,10.501916857732787,3.276119010324736,244.4,42.05623940305734,42.84,95.13634235329647,0.7224691711712415,1.6044825759867571,0.7448527614279621,1.6786181413442187,1.721972156280038,0.04921391995461854,0.7600536932458689,1.7159601247778629,0.9,0.0,0.0,0.0,0.01,0.05,0.0,0.01,0.0,0.03,0.0,0.0,0.0,0.0,0.0,0.17,0.83,0.0,0.0,30,1
666,0.266614894499363,0.36379548462241384,6.4956804871324065,1.690358835260381,3.4539403553555816,3.4599596779208186,7.462174579364867,4.450414369571648,233.56,62.130901239953786,128.52,126.60943523651423,2.2857954943237244,2.487354481658671,2.238681099444206,2.331025691594494,1.7324896948429944,0.1310472072900899,2.1937809813142586,2.2209461428871413,0.81,0.0,0.0,0.09,0.0,0.08,0.0,0.0,0.0,0.02,0.0,0.0,0.0,0.0,0.0,0.51,0.49,0.0,0.0,15,1
667,0.18834130609627092,0.23547717095899887,6.239218560563378,1.3631927776437989,3.0415349382282653,3.8139022044686994,8.339317804505406,4.281581777176784,217.52,75.7012309255032,105.84,125.0033308647123,1.7450808868673449,1.9093093555428569,1.6138328525818215,1.9757369848027566,1.7151225410773836,0.09469589806110128,1.964900682855608,2.4503594294926274,0.71,0.0,0.0,0.03,0.0,0.2,0.0,0.02,0.0,0.04,0.0,0.0,0.0,0.01,0.0,0.41,0.58,0.0,0.0,14,1
668,0.26448527807019007,0.2619910820600805,6.40895686173178,1.1691435510705026,4.240211636778101,3.4051259466876047,6.032178711131082,4.090165315059497,214.42,83.00044785080587,156.84,122.30816519238313,2.7221842045544618,2.3318562538692027,2.5981061085026766,2.1349549314503036,1.7168709154620465,0.11851569884550932,2.8018995577381833,2.269203661044053,0.76,0.0,0.0,0.01,0.0,0.19,0.0,0.02,0.0,0.02,0.0,0.0,0.0,0.01,0.0,0.62,0.37,0.0,0.0,4,1
669,0.2422057424330843,0.3114338179815342,6.634510329425478,1.2853101103876543,2.867712553406171,3.2248372178120044,7.451354730847439,4.755664258378611,234.24,63.82886209516533,113.4,126.00000000000001,2.5084077683126997,2.865982481753194,2.04433251809878,2.305795071686489,1.801789002694438,0.14930245256126565,1.8956246166362691,2.1252890584135384,0.92,0.0,0.0,0.0,0.0,0.06,0.0,0.0,0.0,0.02,0.0,0.0,0.0,0.0,0.0,0.45,0.55,0.0,0.0,4,1
670,0.3365272972808048,0.3052871388495145,6.924517068376909,1.6111531019620433,4.796881121965584,3.582375567873788,5.912229278384704,3.888189910098133,204.08,84.64204843714715,166.92,119.28386311651713,2.818273969907312,2.097762512757193,2.668201229015758,2.131003537752034,1.7565475775299841,0.15249800576815978,3.1961023638187585,2.3906417509477085,0.65,0.0,0.02,0.02,0.03,0.2,0.0,0.03,0.0,0.05,0.0,0.0,0.0,0.03,0.0,0.64,0.33,0.0,0.0,5,1
671,0.2777786087163854,0.3652988705178508,7.231453002364898,1.1765261956813449,2.8590898725108427,3.318204233532302,7.51597117268511,4.496287548180706,234.8,57.890178158930624,110.88,125.7196881956044,2.190270806092295,2.322351600190534,1.943574206485537,2.2463266338953516,1.8659053469484994,0.15753719021435353,1.8929332964035863,2.2051100124654313,0.74,0.01,0.01,0.02,0.01,0.18,0.0,0.0,0.0,0.03,0.0,0.0,0.0,0.01,0.0,0.43,0.56,0.0,0.0,3,1
672,0.37276568061448934,0.36766980662591925,7.071083098669467,1.3987967687844085,4.695120550939963,3.8652458400330736,6.197826610203617,4.193938502549365,204.08,84.64204843714717,161.88,120.91162813469104,2.8591770476336156,2.1707308335254774,2.7363202978776036,2.1810080294877334,1.7797139638790254,0.15970023521563273,3.0430486833189145,2.4332130013595386,0.67,0.0,0.01,0.03,0.02,0.2,0.0,0.04,0.0,0.03,0.0,0.0,0.0,0.02,0.0,0.63,0.35,0.0,0.0,4,1
673,0.3895822856773487,0.32680327758489736,6.787305386932933,1.5287995085455033,5.077563392936139,3.2885703189768987,5.431109545785884,3.752344586689428,204.08,84.64204843714714,178.8,112.93763363427219,3.045333902341996,2.1306385021414385,3.1834376842515564,2.2092525876486766,1.7392368075782412,0.12373420220946368,3.376123026791168,2.174498913873575,0.66,0.0,0.0,0.03,0.02,0.24,0.0,0.0,0.0,0.05,0.0,0.0,0.0,0.04,0.0,0.7,0.26,0.0,0.0,4,1
674,0.41714450959203475,0.41587348610685915,6.802647661493926,1.7494162310246117,4.180857730271219,3.4717521690916593,6.296452588232198,4.473320523517103,213.68,78.5971547021438,151.8,123.48131989753091,3.0150393108818965,2.55479972943171,3.0333120905164837,2.600782188738831,1.7515732860319728,0.13647212284776714,2.7089144205862903,2.2609828324624615,0.7,0.0,0.0,0.06,0.05,0.13,0.0,0.0,0.0,0.06,0.0,0.0,0.0,0.01,0.0,0.6,0.39,0.0,0.0,5,1
675,0.31219067355418845,0.4402178433712643,6.721677359247451,1.6527775700236964,2.64479533356218,3.323697982264734,7.909986359025127,4.618771533224278,236.72,55.22371032281498,100.8,124.0762229071674,2.0957171797263556,2.4981470435640607,1.8718329966930478,2.3511410328236115,1.7916113448251665,0.14538809679597764,1.6788687336735684,2.1026874913299913,0.78,0.0,0.0,0.04,0.01,0.13,0.0,0.0,0.0,0.04,0.0,0.0,0.0,0.01,0.0,0.39,0.57,0.03,0.0,4,1
676,0.3362696327719966,0.39889118560763576,6.8525906973129125,2.041535387169092,3.360311230436917,3.525864528189575,7.583474290689603,4.6144949919671046,236.72,55.223710322814966,123.48,126.60943523651422,2.242989432482212,2.3587324600969017,2.297610840554083,2.420324579167274,1.778497698946066,0.1465833625913693,2.1355439928124507,2.2641235686657093,0.81,0.0,0.0,0.05,0.02,0.11,0.0,0.0,0.0,0.01,0.0,0.0,0.0,0.0,0.0,0.49,0.49,0.02,0.0,4,1
677,0.2414544652961502,0.3902414983325041,6.4520460645459465,1.4575251258455126,2.4112304145771803,3.6165111344809744,8.743751137260853,4.318756290507359,227.12,66.95713689979716,83.16,119.09055378156572,1.655875899932593,2.3560362153109904,1.500338721457979,2.244021809266305,1.777412443810794,0.148109758122366,1.547968279279438,2.318262301565264,0.81,0.0,0.01,0.01,0.0,0.13,0.0,0.02,0.0,0.01,0.01,0.0,0.0,0.0,0.0,0.33,0.65,0.02,0.0,4,1
678,0.18365812243057114,0.31154318370060424,6.415600729412585,1.812984582045439,2.043988872181518,3.221967653848899,9.385659497522045,4.148542283196151,229.04,64.89555244600916,69.84,111.80996865623874,1.3779301786615727,2.362821181854424,1.2587136101673098,2.1014107693061987,1.793618086161123,0.15186322336910768,1.3062340399490244,2.0469521073196897,0.85,0.0,0.0,0.0,0.0,0.09,0.0,0.0,0.0,0.06,0.0,0.0,0.0,0.04,0.0,0.26,0.68,0.02,0.0,4,1
679,0.22410638473789987,0.35520040130233776,6.138275628843189,1.454220855491919,2.6759802476948558,3.751278126369354,8.70893195686225,4.255375721187547,225.2,68.90309400626624,91.32,121.26478916366898,1.5994570718516334,2.1738419136137197,1.62236978686132,2.2218763299659963,1.7274188461967999,0.12797922627613517,1.683210235238858,2.2880626202307806,0.79,0.0,0.01,0.02,0.04,0.09,0.0,0.0,0.0,0.04,0.0,0.0,0.01,0.03,0.0,0.34,0.63,0.0,0.0,4,1
680,0.2663936214240559,0.3543738531700063,6.209444079733945,1.41086628674196,2.886257491909695,3.7444415029306617,7.628474771627175,4.659279885373792,211.2,84.18162183366069,100.8,124.07622290716739,1.9609037199643669,2.2949793565376866,1.8129201209769181,2.306907251794701,1.7222937938593301,0.12133119193974941,1.8425801357831342,2.3664151551303148,0.8,0.0,0.0,0.02,0.02,0.12,0.01,0.01,0.0,0.02,0.0,0.0,0.0,0.0,0.0,0.4,0.6,0.0,0.0,7,1
681,0.2700872804259836,0.3971782501062182,6.727175990121851,1.8741461325823083,2.6032143608133875,3.6586760777063714,8.71192211566361,4.369282643679486,227.12,66.95713689979719,90.72,121.5693741337543,1.6773190010277403,2.239124944448609,1.6967164610396406,2.3061856750095,1.8007261457137236,0.1650713000155791,1.6046074442082041,2.2281649759158473,0.75,0.0,0.0,0.02,0.01,0.13,0.0,0.0,0.0,0.08,0.01,0.0,0.0,0.0,0.0,0.36,0.63,0.01,0.0,5,1
682,0.30412075084390067,0.4096097801458347,6.243746004234573,1.6441619841327864,3.1149960442708284,3.8175540214077417,7.912490853440222,4.495305730585393,219.44,74.13560057575087,106.44,124.63363036589209,2.2979063419268684,2.6938497915393715,1.934233006664976,2.390026505438332,1.7080329185650647,0.1157140155152266,1.9902469039427668,2.4106984090783143,0.76,0.0,0.01,0.04,0.0,0.11,0.0,0.02,0.0,0.05,0.01,0.0,0.0,0.01,0.0,0.42,0.52,0.05,0.0,6,1
683,0.14628416050624346,0.30085872010901993,6.356379603963738,1.5031046009681053,1.5620040585112214,2.8497513059293538,9.151765742299123,4.421376446645486,226.56,72.09313841178373,60.48,108.16714338971383,1.6166586330576749,2.7518200503656933,1.0156031401023728,1.8384112360025455,1.8016306707868452,0.14641334461705283,1.0131467367122686,1.8496879983165733,0.87,0.0,0.0,0.0,0.01,0.09,0.0,0.0,0.0,0.03,0.0,0.0,0.0,0.0,0.0,0.24,0.74,0.02,0.0,12,1
684,0.22249094665964045,0.3295714322240417,5.873107596813137,1.4594585622799752,2.13967568025296,3.401473991247344,8.22503785645172,4.916519734570445,213.8,84.37075466311916,75.6,116.06267899090327,1.6410115632626598,2.285861092796584,1.4204361486111108,2.2059272575264792,1.7068030137502028,0.10193762809061037,1.3819209004731465,2.1905159466216477,0.81,0.0,0.0,0.0,0.0,0.14,0.0,0.01,0.0,0.04,0.0,0.0,0.0,0.0,0.0,0.3,0.7,0.0,0.0,17,1
685,0.21182167242293123,0.3168279017311513,5.855624600274431,1.4875330949507604,2.278362497155944,3.5115936165617065,8.080945433133977,4.92233882415896,197.2,95.023654683952,78.12,117.13544607535638,1.5605321916068313,2.216474328483061,1.425987175646004,2.1639914818010975,1.704682585943059,0.11447730943072607,1.4729408573447125,2.2751219988768323,0.8,0.0,0.0,0.02,0.0,0.13,0.0,0.0,0.0,0.05,0.0,0.0,0.0,0.0,0.0,0.31,0.69,0.0,0.0,20,1
686,0.22779237066968694,0.2447419701164333,6.157074122606934,1.3324251008136432,3.5771382790007156,3.538871120440842,7.5872814522401155,4.405746119898603,213.68,78.5971547021438,133.56,126.40661662774116,2.3731110475475687,2.36883267275824,2.2591928661010514,2.1803407368430667,1.699200976608462,0.10541112656442136,2.375944015627522,2.350068791655342,0.68,0.01,0.0,0.02,0.04,0.19,0.01,0.01,0.0,0.04,0.0,0.0,0.0,0.0,0.0,0.53,0.45,0.02,0.0,11,1
687,0.23084696811642452,0.2337013584599896,6.541408948939037,1.1984200287122735,3.6843269676463137,3.4640775668226023,7.103872981546839,4.141758772293522,229.04,64.89555244600916,138.6,125.99999999999999,2.2594159350978735,1.9805231579244498,2.2840181767847776,2.129170530103609,1.745013379658022,0.12414904260894563,2.4531674455967107,2.3081151390453014,0.73,0.0,0.0,0.03,0.01,0.17,0.0,0.01,0.0,0.03,0.01,0.0,0.01,0.0,0.0,0.55,0.45,0.0,0.0,14,1
688,0.25550641741197133,0.32098161585077556,6.600664256900171,1.3138591742543102,4.079578735119234,3.644674705501466,6.817874072605471,4.087773798751854,213.68,78.5971547021438,146.76,124.4374103351122,2.407545316986716,2.1614609140092984,2.2126990293019655,1.9544545702180605,1.7430227548995145,0.11197520792806309,2.711817292847189,2.394910176642973,0.65,0.0,0.0,0.03,0.0,0.26,0.0,0.01,0.0,0.05,0.0,0.0,0.0,0.01,0.0,0.58,0.41,0.0,0.0,14,1
689,0.2992634828964099,0.24257175565187905,6.826839520238329,1.5253064326028727,4.662878288932375,3.372770530737047,5.686655977107751,3.4218864099060133,200.24,86.6420850920089,173.88,117.13544607535638,2.8433916226848996,1.6907123431184434,2.743809364801422,1.9208179907576428,1.719543293013604,0.11715205321206618,3.037247060994034,2.1772252951575943,0.51,0.0,0.02,0.02,0.04,0.28,0.0,0.03,0.0,0.1,0.0,0.0,0.0,0.0,0.0,0.69,0.31,0.0,0.0,9,1
690,0.3002433728606501,0.23784391898551263,6.8986904344747275,1.763449960264173,4.82401654715556,3.5475474293892244,5.88593727099221,3.8004612239624653,212.44,81.44680608975544,174.48,116.38706582309348,2.894626433255303,2.1170473028127654,2.8029076944831512,1.9657911952716611,1.7441457706851409,0.14721470843634202,3.130690732674998,2.2558183685100484,0.65,0.0,0.01,0.0,0.01,0.26,0.0,0.03,0.0,0.04,0.0,0.0,0.0,0.01,0.0,0.69,0.3,0.0,0.0,9,1
691,0.30333287973651957,0.22366176056445286,6.952393338344595,1.3726482763038161,5.336117165788369,3.3134455702498644,5.5311084052643436,3.4007846225168574,202.16,85.66964032098693,194.04,106.58405133977595,2.9769912851514517,1.7007507497893486,3.0723693512400603,1.8010209316606003,1.7478624083553818,0.12455831275823198,3.5113008197676425,2.1534518904180255,0.55,0.0,0.0,0.01,0.01,0.3,0.0,0.04,0.0,0.09,0.0,0.0,0.0,0.0,0.0,0.77,0.23,0.0,0.0,3,1
692,0.38342465660696456,0.3474419471126269,6.906727799499845,1.686915625121784,4.849734143407064,3.5817005735832375,5.928385077279557,3.9921264734620765,202.16,85.66964032098694,171.36,118.14419541006195,2.968496136884541,2.109621285919466,3.0508690215262857,2.2188901248200064,1.7481831494846105,0.14761285494800516,3.146766380372697,2.2958296620881837,0.63,0.0,0.0,0.03,0.06,0.22,0.0,0.0,0.0,0.06,0.0,0.0,0.0,0.0,0.0,0.68,0.32,0.0,0.0,3,1
693,0.40481858906854334,0.39446643867732667,7.003906418399106,1.8434983524396298,5.1692373845842905,3.9887615311397466,5.917818319856984,3.832565940568422,190.64,90.73566002405009,169.44,118.38034234848897,2.9569987490858933,2.1900394773787424,2.7240625630251047,2.155071907502127,1.7349393289042296,0.14161528289222508,3.288986257507224,2.474920759613699,0.56,0.0,0.0,0.04,0.04,0.26,0.0,0.02,0.0,0.08,0.0,0.0,0.0,0.01,0.0,0.67,0.32,0.0,0.0,4,1
694,0.4263589618263033,0.26130994148461306,7.20163864916317,1.4657365575504602,6.180740118948623,2.911730860883331,4.758466227086918,2.9897079338072863,184.88,92.62428505428898,216.72,87.8812421809838,3.4666604872473084,1.553095441148668,3.620610839851164,1.6392101106879475,1.7320934937352446,0.1555259757156662,3.9770560127105394,1.8389550766668754,0.52,0.01,0.0,0.12,0.05,0.25,0.0,0.01,0.0,0.03,0.0,0.0,0.01,0.0,0.0,0.86,0.14,0.0,0.0,2,1
695,0.5263481767586664,0.38156667552469836,7.472966087026317,1.8657250609756328,5.859392058349732,3.4651997759332223,4.52947233829682,3.082929064170657,184.88,92.62428505428898,185.64,107.83765576087045,3.5495569308175607,1.789315390274634,3.376963365849467,2.0840254510364815,1.7504164399890914,0.1600089158038116,3.771800602331812,2.1864142449997965,0.52,0.0,0.03,0.06,0.01,0.25,0.0,0.04,0.0,0.08,0.0,0.0,0.01,0.07,0.0,0.72,0.21,0.0,0.0,4,1
696,0.4687217111230762,0.423058815250287,7.832813535069631,2.2168668519924672,4.533959262684716,3.4565539380615946,5.435902347827474,4.015145583151541,229.72,66.569638482395,160.56,120.33625615521926,3.2975497379469054,2.417182056442004,2.9441309887251914,2.1754742140238923,1.8411864089920993,0.18055815629542885,2.8354127787115377,2.1382896088457723,0.86,0.0,0.0,0.0,0.01,0.07,0.0,0.0,0.0,0.06,0.0,0.0,0.0,0.03,0.0,0.63,0.34,0.0,0.0,10,1
697,0.40597715313600835,0.43242975793967253,7.18587990221679,2.2766435796139977,3.3040129774799,3.6514362766243895,6.465955271883145,4.6095544384212666,234.8,57.890178158930624,118.44,126.40661662774116,2.8200684769933657,2.4759558974112386,2.033580413404005,2.21958257886819,1.7982877951216658,0.15341554367900928,2.019922657490761,2.2300982605714035,0.82,0.0,0.0,0.04,0.0,0.1,0.0,0.01,0.0,0.03,0.0,0.0,0.0,0.02,0.0,0.45,0.48,0.05,0.0,12,1
698,0.2400581964321958,0.3672180572453282,6.285756513956474,1.817971818617983,1.9779971503603333,3.1476093463274286,8.887130399346654,4.599897840381164,234.8,57.8901781589306,73.08,114.9241014361613,1.7020381148161499,2.3767921074585834,1.378138000128108,2.2076157701598778,1.7534385379199835,0.12351258416806565,1.2365746202915007,1.9743224503813086,0.76,0.0,0.0,0.07,0.01,0.1,0.0,0.0,0.0,0.06,0.0,0.0,0.0,0.0,0.0,0.29,0.69,0.02,0.0,15,1
699,0.24134094731696848,0.3810898414659968,6.692500888559084,2.0434643383875017,2.414599103033491,3.372428899328098,8.331867108276889,4.565787118046082,233.56,62.13090123995378,88.2,120.80186633115775,1.8614425770521856,2.513627820376704,1.4058581518060436,1.993780611476392,1.786114683599839,0.1481357490812409,1.5465010418433744,2.177716803867029,0.89,0.0,0.01,0.01,0.0,0.07,0.0,0.01,0.0,0.01,0.0,0.0,0.0,0.01,0.0,0.34,0.6,0.05,0.0,17,1
700,0.2246650558074913,0.3144071657712889,6.287283686932686,1.9344582276065847,2.828317946930753,3.467222652717264,8.047925465387186,4.753273862127494,220.8,77.21202606911031,105.84,125.00333086471228,2.1895629027688694,2.7645978513323124,1.887253673834689,2.249978227531587,1.7372900711776413,0.12499446148039274,1.8184053979385724,2.2243990334924955,0.87,0.0,0.0,0.02,0.01,0.04,0.0,0.02,0.0,0.04,0.0,0.0,0.0,0.01,0.0,0.41,0.58,0.0,0.0,13,1
701,0.1392666400584526,0.2406648768316621,5.799284097129596,1.2949093450440863,2.1576301631157535,3.293515436378776,8.440940820197167,4.438071076555816,205.5,90.24159492465465,78.12,117.13544607535641,1.2465961319269603,1.9187979592112678,1.291693298570014,1.9871855291032476,1.7107506096857403,0.09559610387623584,1.4080663831314977,2.17203471774668,0.78,0.0,0.01,0.02,0.05,0.11,0.0,0.0,0.0,0.03,0.0,0.0,0.0,0.0,0.0,0.31,0.69,0.0,0.0,23,1
702,0.21151769263478568,0.35157785938255326,5.984061728433521,1.3426754202762523,1.9116096994327523,3.089629453102704,8.42367226160295,4.48452063030198,227.8,68.60014429999254,73.08,114.9241014361613,1.738348462214969,2.4903087972125046,1.3669005862709904,2.331469727760873,1.708406553513605,0.10325687706168744,1.2479001026534433,2.0139658741093163,0.81,0.01,0.01,0.01,0.01,0.11,0.0,0.0,0.0,0.04,0.0,0.0,0.0,0.0,0.0,0.29,0.71,0.0,0.0,18,1
703,0.2170884948524954,0.3042377014483539,6.303299737911661,1.5850092224047363,2.93253873720132,3.607883771250697,8.350068688700253,4.326766235781808,217.52,75.7012309255032,105.84,125.00333086471228,1.795278730223783,2.159338481316609,1.7982835523898169,2.1441102592159207,1.74431593297337,0.10420898706302086,1.9147841703827053,2.363139695562056,0.68,0.0,0.0,0.01,0.0,0.23,0.0,0.01,0.0,0.07,0.0,0.0,0.0,0.0,0.0,0.42,0.58,0.0,0.0,12,1
704,0.20004759261248545,0.25899928181160925,6.093365847760965,1.210893834742591,2.607702959944589,3.604752251989093,8.107630801178562,4.27877109940645,213.68,78.5971547021438,90.72,121.56937413375432,1.84751061809762,2.1635299724741444,1.4533947576017832,1.9864169793363957,1.7200491833532792,0.09628063705366682,1.7092874571749952,2.3670940801831,0.74,0.0,0.01,0.05,0.04,0.1,0.0,0.01,0.0,0.04,0.01,0.0,0.0,0.01,0.0,0.35,0.64,0.0,0.0,16,1
705,0.11985752618243349,0.20146807534823788,6.193627823729796,1.265566295619642,2.2822699695872335,3.3389806613099497,9.024607389583771,4.073334871061032,239.94,51.828353068742025,88.2,120.80186633115775,1.4190549856254362,2.0339532674904612,1.329781298071793,1.8691976663483525,1.7615027220726325,0.10115403202193952,1.4905350158990247,2.131322225837233,0.92,0.0,0.0,0.01,0.0,0.06,0.0,0.0,0.0,0.01,0.0,0.0,0.0,0.0,0.0,0.35,0.65,0.0,0.0,23,1
706,0.14159697469220162,0.22546973570576362,5.954356675030985,1.2143232234718464,1.9840838523682873,3.110263283640486,9.038734535064668,4.319761411340428,227.12,66.95713689979718,75.6,116.06267899090324,1.4717179548863966,2.055720755803749,1.194688518641464,1.85554056794285,1.730418214644454,0.07383446073938556,1.3349688638465365,2.103971948270168,0.78,0.0,0.01,0.0,0.02,0.15,0.0,0.0,0.0,0.04,0.0,0.0,0.0,0.0,0.0,0.3,0.7,0.0,0.0,30,1
707,0.08293807881032242,0.18274020073028957,5.67179776986457,0.8761419139038857,1.2634515715698453,2.721155598265042,10.5549158814648,3.471000718380066,244.4,42.05623940305734,47.88,99.35786558972296,0.7697300796665743,1.5966622866292328,0.8045618614571888,1.6922269782545238,1.7248733182655442,0.07011655481216497,0.817215746758514,1.744392637133006,0.94,0.0,0.0,0.01,0.0,0.03,0.0,0.01,0.0,0.01,0.0,0.0,0.0,0.0,0.0,0.19,0.81,0.0,0.0,28,1
708,0.0633054634929876,0.17316322894058267,5.482764019867459,0.5677879424275262,0.9469153366334172,2.430400943502187,10.876998031508055,3.086422733703717,242.48,45.82718526258087,33.36,85.15363655289079,0.5690808303425103,1.4723257020429652,0.5674673228809359,1.4940013395467187,1.7153185926836212,0.038053417755391575,0.6279194434173104,1.61038652032641,0.93,0.0,0.0,0.01,0.01,0.03,0.0,0.0,0.0,0.01,0.01,0.0,0.0,0.01,0.0,0.13,0.86,0.0,0.0,34,1
709,0.04866157776493356,0.20535143236493922,5.419273100205235,0.4779413082392293,0.48667838551691217,1.8246787865449907,11.554608260168028,2.5091565790221635,248.24,32.91774873557094,17.64,64.62096479401319,0.3489170335996996,1.2933198516891502,0.34751216145682173,1.3138734119329183,1.7217166810070328,0.021723077713447933,0.3106898798423957,1.1697739936754323,0.95,0.0,0.0,0.0,0.0,0.03,0.0,0.0,0.0,0.02,0.0,0.0,0.0,0.0,0.0,0.07,0.93,0.0,0.0,30,1
710,0.09228942537941653,0.16090877051596977,5.71355026538223,0.969011054077596,1.71560083001934,2.738958404024523,9.327819841180432,4.181515065401918,242.54,50.666551036550686,73.08,114.92410143616131,1.4217187721101114,2.4108218728037913,1.1999131674710568,1.896168600337702,1.7114090567201197,0.08050072137533883,1.1548133502340376,1.844222828960847,0.96,0.0,0.0,0.0,0.0,0.04,0.0,0.0,0.0,0.0,0.0,0.0,0.0,0.0,0.0,0.29,0.71,0.0,0.0,23,1
711,0.09851101043558408,0.26513278029715986,5.530809976986534,0.6914267703378482,1.0339508415662773,2.320779764236207,10.43956646251478,3.5920088264256536,250.16,27.015416474167623,42.84,95.13634235329648,0.8581323994471297,1.9218295601494477,0.7262161770572664,1.6350633677032316,1.70817025649802,0.05529328261200169,0.6782832836851993,1.5151905190053452,0.98,0.0,0.0,0.01,0.0,0.01,0.0,0.0,0.0,0.0,0.0,0.0,0.0,0.0,0.0,0.17,0.83,0.0,0.0,32,1
712,0.09705490487101663,0.1944922884564541,5.727159790847436,1.1301111440747866,1.4639505754825461,2.6437939764505693,9.72932296985285,3.9337829982685006,239.32,54.290814372714344,60.48,108.16714338971383,1.17954663682956,2.240280132396674,1.042261893506689,1.8841990684297394,1.7231409255620815,0.08717615539539593,0.9724468620018848,1.7598227645488496,0.94,0.0,0.0,0.0,0.02,0.03,0.0,0.0,0.0,0.01,0.0,0.0,0.0,0.0,0.0,0.24,0.76,0.0,0.0,25,1
713,0.09313330187161249,0.1632562572748986,5.6343753291466445,0.9274175662315056,1.7907649734345616,2.873101048764887,8.859450611793811,4.350077026857762,231.08,69.77737759648485,73.08,114.92410143616131,1.7597229726868286,2.910087598411715,1.1750914998761774,1.865064869638602,1.7027803594061683,0.06759607645440932,1.2019962199251812,1.9379736876970284,0.94,0.0,0.0,0.0,0.0,0.05,0.0,0.0,0.0,0.01,0.0,0.0,0.0,0.0,0.0,0.29,0.71,0.0,0.0,26,1
714,0.09882684738036275,0.19471435838497894,6.155413347446665,1.3436547726598655,1.69665431925321,3.167506503182354,9.687653168580617,4.104607251374573,222.72,75.59355431877412,60.48,108.16714338971381,1.3444827242125756,2.5632876988629687,0.9476765554180488,1.7152086345807023,1.781271508308003,0.1456900747693933,1.0919455095845862,2.0234331167029094,0.86,0.0,0.0,0.01,0.01,0.06,0.0,0.02,0.0,0.04,0.0,0.0,0.0,0.0,0.0,0.24,0.76,0.0,0.0,18,1
715,0.25539244004027983,0.28153115744970003,6.410719804035538,1.4400317186606857,3.3517165015408734,3.6061619238656966,7.4226827201189245,4.452234875883841,206.0,83.55727485873496,120.96,126.53341635530694,2.2783928329519614,2.2226365848143605,2.004087724217285,2.1676124362797053,1.7333651404516968,0.11298845384542555,2.1580594975012697,2.326357669828638,0.65,0.0,0.01,0.09,0.06,0.14,0.0,0.0,0.0,0.05,0.0,0.0,0.0,0.0,0.0,0.48,0.52,0.0,0.0,15,1
716,0.18186496744345806,0.2432540107226166,5.981221418328972,1.2192834851726628,3.1644276013469383,3.8413455225661175,7.5266109433924235,4.637370461250336,189.52,97.86782263374774,104.52,123.84500577151042,2.5328442024552307,3.1830972114412632,1.6391582925970354,2.0266157692884,1.7097205324667732,0.1134190761113584,2.0911601723476294,2.5285490188212156,0.73,0.0,0.02,0.03,0.05,0.12,0.0,0.02,0.0,0.03,0.0,0.0,0.0,0.02,0.0,0.41,0.57,0.0,0.0,13,1
717,0.18436426948440995,0.24868435971384212,6.0319191850842415,1.197916606498777,2.201597752830809,3.182365399953281,8.525342372298049,4.446770864584659,236.72,55.22371032281499,83.76,118.818180427071,1.847935867450373,2.4165338049337994,1.5464165612676881,2.39453833972123,1.711616585547339,0.08747476360474157,1.4471499374960226,2.080133329328603,0.87,0.0,0.01,0.01,0.0,0.07,0.0,0.0,0.0,0.04,0.0,0.0,0.0,0.01,0.0,0.33,0.66,0.0,0.0,21,1
718,0.13924393637576085,0.2306564968405498,5.775982096627671,0.9774621011853902,2.0210076653022275,3.0705932390433275,9.026510390332694,4.274275123372026,239.32,54.29081437271434,80.64,118.14419541006201,1.7146947242196677,2.70235841788547,1.569901589619919,2.49054660794394,1.7083331673745639,0.08805793754668909,1.3427402093202119,2.0230735174892893,0.93,0.0,0.0,0.0,0.01,0.03,0.0,0.01,0.0,0.01,0.01,0.0,0.0,0.0,0.0,0.32,0.68,0.0,0.0,20,1
719,0.11070740612829004,0.19160728670078636,5.525115507503748,0.9357954918045988,1.6965501358746187,2.8806606679559286,9.878036344299026,3.9927787918457094,244.4,42.05623940305734,68.04,112.44140292129535,1.2075327181738758,2.118949092259743,1.28420681083877,2.2633098916351373,1.6760675268224636,0.08075752604817574,1.1305207870364222,1.9187885170085524,0.94,0.0,0.0,0.01,0.0,0.04,0.0,0.0,0.0,0.01,0.0,0.0,0.0,0.0,0.0,0.27,0.73,0.0,0.0,15,1
720,0.09017876178068791,0.22099489200196537,5.479623261473038,1.1661080581496202,1.2201977634818661,2.6072581123130876,10.297773427388947,3.38151491149594,244.4,42.05623940305734,47.88,99.35786558972295,0.7791740809281203,1.623362500985328,0.8455305881974092,1.7635764160557037,1.686589656272312,0.08149687818236263,0.7938987149812812,1.684109927733693,0.92,0.0,0.01,0.0,0.0,0.05,0.0,0.0,0.0,0.02,0.0,0.0,0.0,0.0,0.0,0.19,0.81,0.0,0.0,17,1
721,0.09061978863374527,0.2794983595190173,5.54914226598417,0.8380964662811626,0.7432459766558804,2.3628009758079522,11.01118385964598,3.1374111051816036,246.32,37.81370602885101,25.2,75.98085883359644,0.6210421166664656,1.7848692621896,0.4423434844743071,1.3493819097227426,1.7259976873501142,0.056503893743272436,0.4674345341798767,1.4591283337693286,0.93,0.0,0.0,0.01,0.01,0.04,0.0,0.0,0.0,0.01,0.0,0.0,0.0,0.0,0.0,0.1,0.9,0.0,0.0,25,1
722,0.136129697772627,0.2273439255126151,5.61171144377771,0.9902510942622212,1.9109530998822342,2.9659090407419124,9.28472116534145,4.037917721487005,248.24,32.91774873557094,78.12,117.13544607535638,1.3059202458887518,1.9648487751106058,1.3929307493258039,2.105114836278721,1.6798206173248704,0.09381057102510075,1.268457744478949,1.9346341656114907,0.95,0.0,0.0,0.0,0.01,0.03,0.0,0.0,0.0,0.01,0.0,0.0,0.0,0.0,0.0,0.31,0.69,0.0,0.0,9,1
723,0.5923350682703141,0.46201978816581796,7.172026452216237,1.8671526668733949,5.284295951050868,3.6213443717704545,4.805571509117657,3.8866899963123878,204.08,84.64204843714715,171.84,115.46434317768644,3.808037183860944,2.29170565241858,3.444615660842016,2.3106414625963474,1.7449996665096656,0.14368468424390282,3.3763281146325665,2.287411684083981,0.64,0.0,0.01,0.04,0.02,0.17,0.0,0.02,0.0,0.1,0.0,0.0,0.0,0.07,0.0,0.65,0.27,0.01,0.0,5,1
724,0.5622674819391631,0.4857340714095348,7.088236666457122,1.9332461007029602,4.746687132877951,3.5266257396206355,4.768222349703276,3.7303877446656846,207.92,82.41306163025814,173.88,117.13544607535637,3.7238171044331154,2.2030395109632304,3.229717866472244,2.352219976027079,1.7087902358171347,0.14948681486024173,3.034509590197471,2.1827657823856033,0.72,0.0,0.01,0.07,0.02,0.15,0.0,0.01,0.0,0.02,0.0,0.0,0.0,0.0,0.0,0.69,0.23,0.08,0.0,3,1
725,0.4879772146233811,0.39054647064587716,6.801333095741783,1.6981246167077675,4.857917877256922,3.0938108233498482,4.477650888044935,3.4774555000591656,218.2,77.24367843769389,184.56,111.60684240998519,4.00826077699444,2.3778606183122863,3.617748367761257,2.523898731891389,1.6856067603159426,0.1298223400168282,3.16075975224824,1.9966440025313235,0.67,0.0,0.03,0.05,0.02,0.18,0.0,0.02,0.0,0.02,0.01,0.0,0.0,0.04,0.0,0.7,0.24,0.02,0.0,5,1
726,0.3480426542681749,0.3164444477265448,6.639937981726997,1.6552815950668054,4.310039729803562,3.5558011797553606,6.359594411544396,4.350815123541991,219.44,74.13560057575089,158.76,122.27961994766527,2.962491637979818,2.4050890667840346,2.886744996427443,2.2753466802998616,1.7330331735814597,0.14155238097832534,2.8136264416552472,2.3001508136148483,0.68,0.0,0.0,0.02,0.0,0.23,0.0,0.03,0.0,0.04,0.0,0.0,0.0,0.0,0.0,0.63,0.35,0.02,0.0,4,1
727,0.4521066092695132,0.45951928508060913,6.719272579952161,2.038194517527918,3.829658250137548,3.7389813845189708,5.674851380183611,4.677272322121637,211.26,86.93276398772475,136.68,125.71708497473783,3.055071452885376,2.6446979386507747,2.7696248847442955,2.628801776926338,1.7369913272947781,0.14344477823643004,2.4128124783154545,2.309607463812042,0.76,0.01,0.02,0.05,0.01,0.14,0.0,0.0,0.0,0.01,0.0,0.0,0.0,0.02,0.0,0.53,0.43,0.02,0.0,8,1
728,0.4491867343416734,0.41353909330636496,6.583095983696204,1.610783022114147,4.14382437711575,3.314865066123542,5.852580763522083,4.472404709949155,225.2,68.90309400626623,158.76,122.27961994766525,3.4519631786121714,2.544515357448504,3.082787900561216,2.442800457503982,1.7001804230063216,0.12224165654339322,2.720319984434318,2.1782056564467287,0.8,0.0,0.0,0.04,0.01,0.12,0.0,0.01,0.0,0.02,0.0,0.0,0.0,0.0,0.0,0.63,0.3,0.07,0.0,4,1
729,0.39925629809736596,0.3485191875576827,6.790823608368422,1.5920201484243215,4.39777286932227,3.3857037140034207,5.854757236623599,4.2392319803887935,223.28,70.74296624207436,166.32,119.97599759951987,3.147861720221694,2.2464922105838867,3.042627245375418,2.2773366150557512,1.7319599878313199,0.15168434553946278,2.8678510175084027,2.201769911804166,0.81,0.0,0.0,0.02,0.02,0.09,0.0,0.03,0.0,0.03,0.0,0.0,0.0,0.0,0.0,0.66,0.34,0.0,0.0,5,1
730,0.39295842031232303,0.36108941245101805,6.941529926478153,1.9449577898553667,4.164714753231832,3.46128360975777,6.070741162759365,4.439668961399653,217.58,78.74433505357895,154.32,122.92223705919268,2.7923077095793243,2.21289232608211,2.9435146350983312,2.3879790355320676,1.758437719531991,0.155506381658393,2.629450860147113,2.159770498136139,0.69,0.0,0.01,0.03,0.01,0.2,0.0,0.01,0.0,0.05,0.0,0.0,0.0,0.02,0.0,0.6,0.38,0.0,0.0,6,1
731,0.3261763968239566,0.33216446976368197,6.455146506065254,1.8074555628106794,3.7042455803334513,3.518611125434138,5.797730079827926,4.390104726250221,193.98,95.47224251534625,134.76,125.40384219139239,2.506438008573546,2.2050571685911353,2.3457395393296987,2.2642488092955317,1.7159549306563693,0.13433080891427393,2.425362400971106,2.296683200979082,0.65,0.0,0.0,0.04,0.01,0.22,0.0,0.01,0.0,0.06,0.0,0.0,0.01,0.02,0.0,0.53,0.45,0.0,0.0,9,1
732,0.263748523832237,0.2518037005102506,6.023742143373504,1.4130986309065514,3.878709797085177,3.3797506746466106,6.752511231953364,4.35659691605787,220.74,74.10865896326375,151.2,124.07622290716739,2.7576621387497164,2.467112406099743,2.7985952014843622,2.461154283943218,1.6584692213810595,0.11366566391984721,2.594206489127639,2.2549225048149064,0.84,0.0,0.0,0.0,0.03,0.1,0.0,0.01,0.0,0.02,0.0,0.0,0.0,0.0,0.0,0.6,0.4,0.0,0.0,4,1
733,0.3507784526893482,0.3608767617098133,6.70899371702255,1.8337177021296758,4.146556204514444,3.4588489170879675,6.569107788018836,4.392077082561079,225.2,68.90309400626626,148.56,122.70621233439873,2.7832469687670773,2.3876451738578,2.851788214106532,2.391845733206847,1.7406036911615441,0.12969882082434758,2.6713058856340535,2.2147770195976038,0.7,0.0,0.0,0.0,0.02,0.19,0.0,0.0,0.0,0.09,0.0,0.0,0.0,0.04,0.0,0.58,0.38,0.0,0.0,5,1
734,0.3953672629458951,0.47127043081010134,6.737094212987836,1.9370007365931874,3.5120058226549418,3.4608431797365626,6.4543157219213745,4.536925655431584,226.5,68.76419963553093,133.56,126.40661662774117,2.977679055909627,2.719253681961599,2.4861658888861387,2.534371946098991,1.731501303693818,0.16679149264109325,2.246737251686049,2.2099033016756198,0.84,0.01,0.0,0.03,0.01,0.06,0.0,0.02,0.0,0.03,0.0,0.0,0.0,0.0,0.0,0.53,0.46,0.01,0.0,6,1
735,0.34754561980921833,0.42144541913183375,6.654050058271591,1.5149853428406572,3.444043937236499,3.5164551681808307,6.892072184073668,4.588547098150739,229.04,64.89555244600918,128.52,126.60943523651426,2.610102403506354,2.3960564026579956,2.283640292845117,2.359645526849147,1.7448536186956916,0.11610683624603296,2.2441753446895967,2.2958566286066904,0.75,0.0,0.01,0.03,0.01,0.17,0.0,0.02,0.0,0.01,0.0,0.0,0.0,0.0,0.0,0.51,0.45,0.04,0.0,6,1
736,0.2583444126953548,0.3879732265697785,6.384298533834014,1.3605425469612193,3.449140940397898,3.98171577568815,7.496929924650568,4.229975445529051,215.6,77.18690421190752,118.44,126.40661662774116,2.3014940193640427,2.428155520637195,1.8969489624304492,2.3123092472381406,1.7124824942024504,0.1154767981451789,2.2808970170510374,2.5894483806996234,0.7,0.0,0.0,0.01,0.0,0.21,0.0,0.06,0.0,0.02,0.0,0.0,0.0,0.0,0.0,0.47,0.48,0.05,0.0,13,1
737,0.24942815646124633,0.33412099309554166,6.280051316035846,1.4472008430507548,3.3155859247698927,3.6494547048977717,7.871582965287989,4.499967362833916,219.44,74.13560057575087,120.96,126.53341635530693,2.169939544583366,2.325371174887941,2.0308258698170074,2.270943130030371,1.7080688867870206,0.11914127442606724,2.13024979023399,2.3212163009321403,0.73,0.0,0.0,0.06,0.01,0.15,0.0,0.01,0.0,0.04,0.0,0.0,0.0,0.0,0.0,0.48,0.51,0.01,0.0,14,1
738,0.17014991342574656,0.2111820126936164,6.110041984172913,1.3703508789994647,3.119485917922684,3.5502495084804266,8.252956099292385,4.18807534090641,223.28,70.74296624207436,115.92,126.22888302243234,1.7426979962882476,1.9331329539150417,1.8519560721602912,2.0597575891521585,1.711206721109342,0.10147449161544678,2.0792410202550666,2.3718266033605837,0.7,0.0,0.0,0.01,0.01,0.24,0.0,0.0,0.0,0.04,0.0,0.0,0.0,0.0,0.0,0.46,0.54,0.0,0.0,12,1
739,0.2396871384765983,0.319326914140377,5.980011513736185,1.097416974724464,3.1431183176906443,3.442637435418694,7.6367412751961545,4.433890544224979,229.04,64.89555244600916,119.04,125.980431380866,2.2017784499918496,2.379306225011622,2.082416228155043,2.2315697592700796,1.6922620123888976,0.09225744130582743,2.105962948873374,2.306482165003581,0.84,0.0,0.0,0.0,0.02,0.1,0.0,0.01,0.0,0.03,0.0,0.0,0.0,0.01,0.0,0.47,0.52,0.0,0.0,9,1
740,0.2520172248290979,0.32517629493020883,6.414615717398727,1.7115312973329488,3.1427155949528984,3.5955460790290115,7.946569834985804,4.512702895264843,229.04,64.89555244600916,111.48,125.32773037121515,1.9614277096964188,2.2085181359245527,1.9728362812087368,2.249876818976228,1.74611920663111,0.1263265226159598,2.049715546964005,2.3498628834725253,0.81,0.0,0.01,0.01,0.0,0.14,0.0,0.02,0.0,0.01,0.0,0.0,0.0,0.01,0.0,0.44,0.55,0.0,0.0,11,1
741,0.2622219950442141,0.32211529196362343,6.22005260581166,1.5013313672344994,3.1295809951378266,3.420185413071144,7.6901616936997845,4.488554486988488,240.56,49.23502079543861,120.96,126.53341635530691,2.174002487765107,2.332743046768501,2.268918983200868,2.483253166221582,1.7138025405781434,0.12473496917785429,2.055064833801792,2.221924730648545,0.87,0.0,0.01,0.01,0.01,0.06,0.0,0.01,0.0,0.02,0.01,0.0,0.0,0.0,0.0,0.48,0.52,0.0,0.0,9,1
742,0.2585498028533587,0.3039919563133514,6.41334883008188,1.6832578698325085,3.3468929890066166,3.605514426369062,7.899160295329974,4.406692256635484,219.44,74.13560057575087,120.96,126.53341635530694,2.0117312336284616,2.1771733295645075,2.135902410327009,2.297667436997355,1.736527456441926,0.12364029698085303,2.1634921122235453,2.3472074502492495,0.69,0.0,0.01,0.03,0.03,0.17,0.0,0.02,0.0,0.05,0.0,0.0,0.0,0.0,0.0,0.48,0.52,0.0,0.0,12,1
743,0.2981614918540201,0.3417721072155143,6.421237423535801,1.606195241436502,3.295884143747694,3.508790155837294,7.33384034547591,4.4665043710987264,227.12,66.95713689979716,121.56,126.09554818758382,2.265176233930676,2.210069440823502,2.1958162192502746,2.3437646688862146,1.7230046825987708,0.1139907494107106,2.1702497329190047,2.3114095179367617,0.78,0.0,0.0,0.0,0.04,0.16,0.0,0.01,0.0,0.01,0.0,0.0,0.0,0.01,0.0,0.48,0.51,0.0,0.0,11,1
744,0.2656544889443399,0.3375588153520062,5.965008589330981,1.2850115083092195,3.1896520902072605,3.4846546300741683,7.6531156385585515,4.623842796971921,230.96,62.70693741524937,115.8,124.36164272724199,2.1876409403055423,2.4851477651988105,2.18314206458693,2.49450961671559,1.680484608563647,0.11233952622054576,2.1023786161956526,2.2540910019912386,0.83,0.0,0.0,0.03,0.0,0.11,0.0,0.01,0.0,0.02,0.0,0.0,0.0,0.04,0.0,0.45,0.51,0.0,0.0,4,1
745,0.30248646675662344,0.413650993347619,5.9653330551385055,1.6620378579330017,3.402857045882825,3.7002173765414113,7.4144228409894435,4.669992624968606,233.56,62.130901239953765,128.52,126.60943523651424,2.452947628773926,2.589297528437636,2.3517392795272256,2.436584218616184,1.6484537005158812,0.10351288795333821,2.1283358365457494,2.189662726008735,0.91,0.0,0.0,0.02,0.0,0.04,0.0,0.01,0.0,0.02,0.0,0.0,0.0,0.0,0.0,0.51,0.49,0.0,0.0,5,1
746,0.2049213186742907,0.34739807112475773,5.578795429574883,1.2299146084059491,2.082310901783597,3.3311261141213153,8.97685915673615,4.287587794678806,234.8,57.89017815893061,69.84,111.80996865623874,1.5664191919027965,2.381270450350072,1.4183599142448986,2.237907311976844,1.6661428459126357,0.11220301874709601,1.367052456264385,2.171087186234303,0.86,0.0,0.01,0.02,0.01,0.08,0.0,0.01,0.0,0.01,0.0,0.0,0.0,0.03,0.0,0.27,0.69,0.01,0.0,7,1
747,0.3443620024361193,0.4172250399144447,6.517452274823163,1.7274504835677515,3.229507175140958,3.2093629013693423,6.54887146289246,4.5333736995812375,238.64,52.350705474103826,127.2,125.7067294069089,2.7477162619436033,2.428305688993439,2.249962564155572,2.3272504922529103,1.726442324119029,0.1329539688014621,2.1198250261119904,2.098233099388761,0.88,0.0,0.0,0.03,0.0,0.06,0.0,0.0,0.0,0.03,0.0,0.0,0.0,0.04,0.0,0.48,0.46,0.02,0.0,14,1
748,0.36209249966384244,0.424300775419049,6.802162751965111,2.001514184007484,3.535431102360129,3.545710637578616,6.735229092459653,4.531149381180296,227.8,68.60014429999255,133.56,126.40661662774116,2.7062475696744817,2.560947884658473,2.41148276154918,2.3250837566669165,1.7555298003594646,0.13157009437490383,2.213464157684518,2.1828457287931333,0.79,0.0,0.0,0.03,0.01,0.1,0.0,0.01,0.0,0.06,0.0,0.0,0.0,0.01,0.0,0.52,0.44,0.03,0.0,13,1
749,0.20573087375864318,0.39470328597647214,5.8818493862912735,1.2502750956481377,1.9386490583197904,3.0396757777582866,8.771530429191543,4.601455132640176,243.16,47.97657677650541,76.2,115.82274858985642,1.7734940502496486,2.601433010122505,1.4526278636086656,2.264691180454941,1.7075203444696223,0.096795556534812,1.2734830699148298,1.9672201118545363,0.93,0.0,0.01,0.0,0.01,0.05,0.0,0.0,0.0,0.0,0.0,0.0,0.0,0.01,0.0,0.3,0.64,0.05,0.0,11,1
750,0.15427822617318238,0.25974406509132436,5.860373343886946,1.3182606211678476,2.2441271944527816,3.320500936124355,9.238248046647296,4.214142984745716,236.72,55.22371032281499,85.68,119.97599759951987,1.3949957529379458,1.9698871437541212,1.4843365765301035,2.0950568728648733,1.7056511737123992,0.10113446253639193,1.4858625016074851,2.161499535366566,0.91,0.0,0.0,0.01,0.01,0.05,0.0,0.0,0.0,0.02,0.0,0.0,0.0,0.0,0.0,0.34,0.66,0.0,0.0,10,1
751,0.10424329528151652,0.25143279283967856,5.493892592510114,1.5128951895692764,1.1131209300365041,2.7793112616780937,9.677323191731348,4.212235631252525,222.78,78.63681765502145,37.8,90.43531088322446,0.709787561572588,1.6036814057547064,0.6415102803324052,1.5611528705806923,1.6904853955920658,0.10032824459626523,0.6831199651985468,1.6947396225980111,0.92,0.0,0.0,0.0,0.0,0.03,0.0,0.01,0.0,0.04,0.0,0.0,0.0,0.0,0.0,0.15,0.85,0.0,0.0,13,1
752,0.14753682953330213,0.2710777784821023,5.930995417713156,1.765370073979859,1.9520978375037863,3.340676345577593,9.843739066934699,3.8348741385864127,234.8,57.89017815893061,68.04,112.44140292129538,1.056090886048722,1.7962658262584819,1.1558912689952496,1.9353711140643899,1.7146720324092206,0.10994032125805957,1.2378517067334291,2.1228594281382023,0.85,0.0,0.0,0.02,0.0,0.12,0.0,0.0,0.0,0.01,0.0,0.0,0.0,0.0,0.0,0.27,0.73,0.0,0.0,11,1
753,0.1393255027846856,0.23899421933701903,6.260970073422279,2.0907680184231148,2.0293291976801235,3.1984549499912105,9.258977041661206,3.9572001171166984,233.56,62.13090123995378,75.6,116.06267899090324,1.3053180771547976,2.196854904701586,1.2388719776371802,1.9164187392918421,1.7546350416525078,0.16561741494602528,1.283803992674824,2.023033181746336,0.88,0.0,0.0,0.01,0.0,0.08,0.0,0.0,0.0,0.03,0.0,0.0,0.0,0.0,0.0,0.3,0.7,0.0,0.0,8,1
754,0.1920066105284697,0.31405044268360766,6.313751972951234,1.700583300850761,2.871819517038662,3.644519921583664,8.723781226597312,4.248756813314534,215.6,77.1869042119075,100.8,124.07622290716738,1.5985118522769846,2.0441260600331144,1.6353692223970995,2.1201779408390062,1.7431510514723463,0.1454439318737336,1.8676788192657563,2.3914151874314657,0.74,0.02,0.0,0.06,0.03,0.08,0.0,0.0,0.0,0.07,0.0,0.0,0.0,0.02,0.0,0.38,0.6,0.0,0.0,6,1
755,0.2884315946819082,0.3713230238689402,6.484413671228204,1.4219112210729696,3.284326362969474,3.276426761733536,6.873995860035716,4.294121760667962,238.64,52.35070547410382,127.2,125.7067294069089,2.4182844541412565,2.170249160109679,2.0354554385131185,2.19224267353043,1.7244849761298986,0.11634524526714524,2.1805982852786725,2.17884424531405,0.78,0.0,0.01,0.07,0.01,0.1,0.0,0.0,0.0,0.03,0.0,0.0,0.0,0.03,0.0,0.49,0.48,0.0,0.0,4,1
756,0.33383746145883164,0.28634788856880183,6.872727628123207,1.4198212250039515,5.278691202182181,3.305798509802899,5.270579945702558,3.2021951943226217,188.72,91.41028388534846,191.52,108.16714338971381,3.0829875008508454,1.6672837095001614,3.0320717000163793,1.876644208167958,1.710892336500507,0.123953749392703,3.468001777842227,2.1581696977771645,0.56,0.0,0.0,0.04,0.04,0.26,0.0,0.03,0.0,0.07,0.0,0.0,0.0,0.0,0.0,0.76,0.24,0.0,0.0,5,1
757,0.2579584113741611,0.3114877703889171,6.399938465884884,1.6488016256585931,3.760244857820524,3.681856699905679,7.596865195431871,4.4234214294277745,219.44,74.13560057575086,136.08,126.22888302243237,2.213346505017055,2.154273395720172,2.305540958416745,2.255557572821487,1.7157359423819014,0.14051520341136461,2.4153780577199404,2.339237133895074,0.62,0.0,0.0,0.15,0.03,0.15,0.0,0.01,0.0,0.03,0.0,0.0,0.01,0.0,0.0,0.54,0.46,0.0,0.0,7,1
758,0.24201937081032,0.2735790290108491,6.373603037424005,1.2653354849119722,3.6292251993843907,3.83348870647034,7.684519746852494,4.326847317472841,225.2,68.90309400626623,128.52,126.6094352365142,2.3277313733423015,2.4363040187552576,2.1567835166222533,2.2182803548321552,1.7344402463680917,0.13101637409161215,2.371743053110656,2.463988402654236,0.72,0.0,0.0,0.05,0.01,0.17,0.0,0.03,0.0,0.02,0.0,0.0,0.0,0.0,0.0,0.51,0.47,0.02,0.0,8,1
759,0.3937524847287152,0.3833846958728066,6.577173239452921,1.4478193730079023,4.242865394968691,3.8631452479145922,6.385514559813355,4.55293496800446,216.28,78.71699468682257,144.24,124.83565924118729,3.06563654803281,2.6752229712314666,2.714065067678707,2.4506670159601516,1.7332934389896233,0.11197232085249827,2.760464934076658,2.4846297034001417,0.75,0.0,0.0,0.07,0.01,0.12,0.0,0.02,0.0,0.03,0.0,0.0,0.0,0.01,0.0,0.57,0.42,0.0,0.0,17,1
760,0.33675948760958496,0.37406752120091474,6.690986243763481,1.7162228209298642,3.362746988634151,3.496097319219584,7.483923706393421,4.657889445885663,242.48,45.82718526258087,126.0,126.63476472266072,2.332184443820303,2.3827811113859627,2.482826600175249,2.534121126624312,1.7719305762246735,0.1485936723796107,2.1412513387972787,2.2192148787060493,0.8,0.0,0.0,0.08,0.01,0.09,0.0,0.0,0.0,0.02,0.0,0.0,0.0,0.0,0.0,0.5,0.5,0.0,0.0,7,1
761,0.27756834288212445,0.31028815180997693,6.241859840458939,1.4078522015724442,3.4010719066370303,3.5512777655330385,7.486169342627587,4.595726856905744,225.2,68.90309400626624,118.92,124.11250028612237,2.0655269748052167,2.274992307924863,2.137706064742442,2.365925315782276,1.7282609457391802,0.10500440368991609,2.256463030939831,2.3394636109611193,0.76,0.0,0.0,0.02,0.02,0.13,0.0,0.02,0.0,0.05,0.0,0.0,0.0,0.05,0.0,0.46,0.49,0.0,0.0,5,1
762,0.28177643414306724,0.30320361946500957,6.399195380742587,1.5603373984882674,3.720866235602332,3.7352233654437947,7.315301934549368,4.267523168935006,202.16,85.66964032098696,131.04,126.53341635530691,2.2579808532049928,2.1332939128216224,2.2639510391173814,2.233496545398819,1.714123721047155,0.12412753654523402,2.4039229357870933,2.430679630197728,0.66,0.01,0.0,0.05,0.06,0.12,0.0,0.02,0.0,0.08,0.0,0.0,0.0,0.0,0.0,0.52,0.48,0.0,0.0,6,1
763,0.21938078459990298,0.32145537721215817,6.044899045782312,1.6350920152430344,2.5839794069952324,3.351718385527921,8.190591590444402,4.352987031621914,231.64,64.41743913449575,98.28,123.53219676004973,1.6959379357719242,2.1590118575302006,1.8054209143807585,2.2849523880230707,1.7119164313238122,0.10742178338857147,1.6464935610336857,2.119827635940044,0.83,0.0,0.0,0.02,0.0,0.11,0.0,0.01,0.0,0.03,0.0,0.0,0.0,0.01,0.0,0.38,0.61,0.0,0.0,8,1
764,0.24530917734648924,0.3432820086986137,6.038488106944279,1.398960233510013,2.403835770543873,3.310305011913842,8.263552427267927,4.59987456733558,232.88,60.37747924516226,90.72,121.5693741337543,1.9319736322180772,2.3602030687127895,1.6717742811783285,2.3024121284232355,1.7133238437011695,0.08781378749085483,1.554463546188332,2.148135189708426,0.84,0.0,0.0,0.03,0.02,0.09,0.0,0.0,0.0,0.02,0.0,0.0,0.0,0.0,0.0,0.36,0.64,0.0,0.0,16,1
765,0.2077823143036993,0.29528729376904217,6.01593474030672,1.0709514075530409,2.3209295241343484,3.1563883212740413,8.757765559820816,4.517933910129035,242.48,45.82718526258088,90.72,121.56937413375432,1.731312431594844,2.307353354555291,1.694740518810879,2.2830409655671873,1.7318754088107153,0.10943306413094596,1.5108692658580616,2.0644043652986785,0.89,0.0,0.0,0.02,0.02,0.05,0.0,0.01,0.0,0.01,0.0,0.0,0.0,0.0,0.0,0.36,0.64,0.0,0.0,16,1
766,0.2544735689681909,0.48629002119271086,5.901602135025893,1.2272220865456636,1.285524519073335,2.621437865283338,9.287429531466584,4.646109965792895,246.32,37.813706028851016,50.4,101.30781177812857,1.6147157975485285,2.666943059690846,0.9751002803956843,1.9904426721050488,1.7254772607652225,0.07534935787981155,0.844344754886029,1.7285022920939896,0.86,0.0,0.0,0.02,0.0,0.11,0.0,0.0,0.0,0.01,0.0,0.0,0.0,0.0,0.0,0.2,0.8,0.0,0.0,22,1
767,0.20727823719565436,0.3648422554083136,5.836965645926157,1.2420851089127252,1.8646844863389942,3.260877695134041,9.282044677122638,4.250891074702046,238.64,52.350705474103826,65.52,111.09268857375565,1.5132879283549705,2.5340536173562236,1.2659572649279671,2.217450144211497,1.7199260374782828,0.08328485311880005,1.2077304411999588,2.116942812569233,0.83,0.0,0.0,0.02,0.02,0.09,0.0,0.02,0.0,0.02,0.0,0.0,0.0,0.0,0.0,0.26,0.74,0.0,0.0,19,1
768,0.13992127342595403,0.2557379500575548,5.700139014821255,0.8987946634061516,1.5972943435793525,2.953830621123067,9.943240328381776,4.011396040160529,244.4,42.05623940305734,60.48,108.16714338971384,1.1712529643060687,2.093547417600277,1.151493948692599,2.1319759695941882,1.7104747179654192,0.060434803567884096,1.0401664112362787,1.9198309698701068,0.89,0.0,0.02,0.03,0.0,0.05,0.0,0.0,0.0,0.01,0.0,0.0,0.0,0.0,0.0,0.24,0.76,0.0,0.0,11,1
769,0.17273974977177797,0.27248175242274586,5.861579623328257,1.0101301905155826,2.3052452469832065,3.1626620522220117,8.893340623029154,4.327553390488471,246.32,37.81370602885102,90.72,121.56937413375428,1.5682873815855647,2.146715117647645,1.6560935811305608,2.2715578319195715,1.7089854759723448,0.08665227207939406,1.5353475486697366,2.105704167418426,0.93,0.0,0.0,0.0,0.0,0.07,0.0,0.0,0.0,0.0,0.0,0.0,0.0,0.0,0.0,0.36,0.64,0.0,0.0,8,1
770,0.3676158776050611,0.49943382961521626,6.359062844708185,2.1239732706775274,3.054678004655904,3.9082274346737056,7.609163303375568,4.816252045677554,231.02,66.33645188344677,105.84,125.00333086471228,2.433327043546684,2.9505520817268205,1.9798355594602584,2.51295714407414,1.7190286196909903,0.14050121244457076,1.924209313872936,2.409044540326037,0.89,0.0,0.0,0.02,0.0,0.04,0.0,0.01,0.0,0.04,0.0,0.0,0.0,0.0,0.0,0.42,0.58,0.0,0.0,9,1
771,0.16258741512552638,0.23000057794465692,6.042175446851484,1.2078966468998964,2.7419627155879334,3.7678411649943007,8.564932986009348,4.122778854674812,227.12,66.95713689979719,95.76,122.93359626606993,1.744724269573816,2.378102391141572,1.6233555813036924,2.465967127929442,1.7115239890387683,0.08073412072078731,1.8209102371984769,2.462836808408365,0.75,0.0,0.01,0.01,0.02,0.14,0.0,0.03,0.0,0.02,0.01,0.0,0.01,0.01,0.0,0.37,0.62,0.0,0.0,10,1
772,0.2738485263253677,0.3099094174936103,6.25523290761475,1.2479004244953256,3.319179550600249,3.566799784895348,7.4142480373123565,4.495262257023453,225.2,68.90309400626624,126.0,126.63476472266072,2.2340147451378645,2.201119531579671,2.2308066183248343,2.353131981522947,1.7124221267350808,0.08647091790657128,2.1855250425447603,2.295201833688956,0.74,0.0,0.01,0.01,0.0,0.18,0.0,0.03,0.0,0.02,0.01,0.0,0.0,0.01,0.0,0.49,0.5,0.0,0.0,9,1
773,0.33965258020131034,0.27365919684261086,6.602596782320576,1.2807657498450071,4.29187231127693,3.2527552203772614,6.086269307427822,4.207547692512441,236.72,55.22371032281497,166.32,119.97599759951986,3.072006711229664,2.364023205612321,3.2613823117205167,2.498775179623507,1.7417527014984793,0.10203953439586913,2.8924461873225464,2.2008084357563096,0.84,0.0,0.0,0.0,0.0,0.11,0.0,0.01,0.0,0.03,0.0,0.0,0.01,0.0,0.0,0.66,0.34,0.0,0.0,10,1
774,0.38268698163077525,0.39524177552492673,6.407273186734978,1.2540535475192618,3.6670889673987848,3.500632530327492,6.796607925265872,4.695872920755078,227.12,66.95713689979718,136.08,126.22888302243234,2.797396168073056,2.525252164373955,2.6831562967970592,2.551296828816699,1.7211885678457184,0.08921627355798586,2.412686257174073,2.3061523347915576,0.8,0.0,0.0,0.05,0.02,0.07,0.0,0.02,0.0,0.04,0.0,0.0,0.0,0.0,0.0,0.54,0.46,0.0,0.0,18,1
775,0.21960963506665884,0.3282830579610304,6.1144611819707135,1.473995712307381,2.098177029905274,3.0566161178360174,8.570513989939865,4.510355083961053,244.41,42.058663936473444,77.4,115.33193202862137,1.606331269770243,2.211851212387493,1.451329021172899,2.192699467639384,1.7329100934251005,0.10325766930886804,1.384517200470851,2.0256878157533427,0.82,0.01,0.01,0.04,0.0,0.08,0.0,0.01,0.01,0.02,0.0,0.0,0.0,0.03,0.0,0.3,0.67,0.0,0.0,18,1
776,0.24174213675117787,0.317423670274958,5.9891154932285735,1.1440954594496935,2.980040635329965,3.6191639021525988,8.147182795664346,4.482858820621922,223.28,70.74296624207436,108.36,125.38760269297323,1.9236335219565204,2.30713145580626,1.9729283974850795,2.3855827327612458,1.705109602397073,0.08421904010173545,1.9790073288808978,2.3920727038073313,0.77,0.0,0.01,0.04,0.02,0.14,0.0,0.0,0.0,0.02,0.0,0.0,0.0,0.01,0.0,0.42,0.57,0.0,0.0,3,1
777,0.30652785541122435,0.40422006543472727,6.255553459688461,1.4096365508697355,3.11875429169648,3.597864747067045,7.696197905059234,4.491638303365138,232.88,60.37747924516226,112.08,124.93163221247342,2.141109660366085,2.4500053238395703,2.2147678940272875,2.5385968201823124,1.7269407041025602,0.10424685028341538,1.9890918607616788,2.2590680466306567,0.77,0.0,0.0,0.07,0.01,0.08,0.0,0.02,0.0,0.05,0.0,0.0,0.0,0.02,0.0,0.44,0.54,0.0,0.0,3,1
778,0.27210476377969867,0.36978079129334174,6.072861232538445,1.116908060332626,2.9336273525646583,3.9073036092421565,8.136313461648726,4.488697127327423,227.12,66.95713689979718,100.8,124.0762229071674,2.00307183622921,2.357953709169209,1.782589497366306,2.2476954067314807,1.7078865200564008,0.0844921028360193,1.8960891532474835,2.4712993236270195,0.75,0.0,0.0,0.04,0.0,0.17,0.0,0.04,0.0,0.0,0.0,0.0,0.0,0.0,0.0,0.4,0.6,0.0,0.0,6,1
779,0.3496459169407051,0.4317111943511114,6.280287690230994,1.581722999425167,3.264319321698384,3.7568759003816354,7.198108690384776,4.630959580762677,206.01,83.5631370808198,115.92,126.22888302243236,2.3795952080605542,2.5492361481313313,2.088469937033797,2.438656507601635,1.7075231218121678,0.10793538720350702,2.128996943086682,2.430635494908286,0.67,0.0,0.07,0.02,0.01,0.13,0.0,0.06,0.0,0.04,0.0,0.0,0.0,0.02,0.0,0.44,0.54,0.0,0.0,5,1
780,0.43836211861818764,0.4246325208214475,6.673062442730056,1.4742321842865795,3.8990242438033875,3.432582600770871,5.931072388509275,4.409081212911039,217.52,75.70123092550318,148.68,124.566389746775,3.145491054372746,2.399999117354856,2.836943224625657,2.430015649141513,1.7298189319742,0.13249652711916185,2.5330078353838728,2.2200274803398536,0.72,0.0,0.0,0.06,0.02,0.14,0.0,0.01,0.0,0.05,0.0,0.0,0.0,0.0,0.0,0.59,0.41,0.0,0.0,4,1
781,0.2543650440000445,0.35831133200211246,6.034936571073428,1.2411325182596027,2.5985339181321625,3.5563118391331323,8.483028041977647,4.542589872721835,230.96,62.70693741524935,91.32,121.26478916366896,1.809684765433693,2.360105800585117,1.6404672975046894,2.264667065333516,1.7181774552528404,0.08405940050793015,1.6967984220473713,2.315783969609821,0.81,0.01,0.01,0.03,0.0,0.09,0.0,0.03,0.0,0.02,0.0,0.0,0.0,0.02,0.0,0.35,0.63,0.0,0.0,4,1
782,0.2737777685615886,0.3850867320005304,6.259885560409942,1.593772510222991,2.9708089752454265,3.7687463935984153,8.205621633571843,4.473821225331846,217.52,75.70123092550322,99.48,122.8544741480009,1.9477168161829264,2.3307541409751837,1.935947265908239,2.3553391904882712,1.7318068842900731,0.11215966312337299,1.9277429164143232,2.4262643721141677,0.77,0.0,0.04,0.01,0.02,0.11,0.0,0.01,0.0,0.04,0.0,0.0,0.0,0.02,0.0,0.39,0.59,0.0,0.0,4,1
783,0.5637852903058487,0.3975951367660468,7.182986613130883,1.9053983091052833,5.1870651718811835,3.3445353655861902,4.409597400174253,3.433123268024046,209.84,81.20689625887694,179.4,112.13465930827016,3.915986407276226,2.070004301136453,3.3210830175463464,2.3501320966985406,1.7266753759491913,0.15659822017669436,3.369310489103039,2.1452160488007475,0.65,0.0,0.0,0.01,0.02,0.17,0.0,0.03,0.0,0.11,0.0,0.01,0.0,0.05,0.0,0.7,0.25,0.0,0.0,4,1
784,0.49159328486987763,0.30904016433456016,7.1324380836837245,1.8825429149397213,5.49698787386351,2.892953280485042,4.620687483088349,3.312646397867194,211.76,79.93597437949953,206.64,97.302975755673,3.666590874141805,1.7803407337547554,3.8391706353475405,1.9022834995808653,1.7326199236048063,0.1550730494329304,3.5132049948878024,1.8151452251981204,0.64,0.0,0.0,0.02,0.01,0.22,0.0,0.0,0.0,0.11,0.0,0.0,0.0,0.0,0.0,0.82,0.18,0.0,0.0,4,1
785,0.4686345055942022,0.4013146190712431,6.858037957929217,1.6393706575491467,4.700348180422822,3.1340366319728856,5.066657158655917,3.8668376209127016,221.36,72.48483226917831,169.92,115.71400480966385,3.4495002530702767,2.0905159901033423,3.1086887883696885,2.2904683797041008,1.7245477425987479,0.14276317894429608,3.0975126329701466,2.051203077264661,0.71,0.0,0.02,0.04,0.0,0.15,0.0,0.02,0.0,0.06,0.0,0.0,0.0,0.07,0.0,0.65,0.28,0.0,0.0,4,1
786,0.5072379808019174,0.3912852009730721,6.957398402827697,1.6753132114658384,5.070873186708686,3.423720797089653,4.567009305345466,3.373537794685206,204.08,84.64204843714714,176.28,114.09335890162298,3.732439635164533,2.012338165187117,3.112209063341822,2.2557835663235957,1.7118031458710226,0.13560681773963743,3.357786436553145,2.2024397147543158,0.69,0.0,0.03,0.02,0.02,0.16,0.0,0.03,0.0,0.05,0.0,0.0,0.0,0.05,0.0,0.68,0.27,0.0,0.0,5,1
787,0.508041508392662,0.4483288497592058,7.11724156993893,2.322072270042285,4.955996846594357,3.710333223457907,5.36651734276121,3.962601569335773,190.64,90.73566002405006,154.08,119.1328670015122,3.241883372330781,2.048820679748489,2.9352174743701216,2.298019515680185,1.719563090570615,0.1702129946397353,3.191343261429484,2.3660298297731486,0.6,0.0,0.02,0.07,0.03,0.17,0.0,0.04,0.0,0.07,0.0,0.0,0.0,0.11,0.0,0.57,0.32,0.0,0.0,5,1
788,0.5373064655850734,0.38199038901169197,6.902316360872658,1.406794773684577,5.664420578875235,3.313259404509281,4.398042524366902,3.3528850684469296,192.56,90.01462507433294,197.16,103.9476091814788,3.938147270087476,1.8636588621467973,3.5704065720165907,1.9448481021611794,1.6988836973553776,0.12506341296039622,3.6920912208056684,2.1142074158753785,0.64,0.0,0.02,0.05,0.07,0.17,0.0,0.02,0.0,0.03,0.0,0.0,0.0,0.01,0.0,0.78,0.19,0.02,0.0,4,1
789,0.38056703516176094,0.27115037838094364,6.856469278335243,1.5798030757885217,5.313599161486257,3.0298651553008957,5.158623887521,3.497074196956267,209.84,81.20689625887692,199.08,103.15876554656374,3.345548406394564,1.865958403859124,3.4417348685743416,2.025312189897208,1.722692487464751,0.13399589290250324,3.5063893740176777,1.9936157732656312,0.59,0.0,0.0,0.02,0.0,0.33,0.0,0.01,0.0,0.05,0.0,0.0,0.0,0.02,0.0,0.77,0.21,0.0,0.0,3,1
790,0.43882654277300664,0.38867000379212857,7.284316312979886,2.0208154333597452,5.084437250111339,3.5335942636636144,5.75696584811712,3.9999394929911283,206.0,83.55727485873497,167.4,116.64865661853588,3.0539232699704275,2.005001680571596,3.128774813002262,2.123739038069166,1.7665407129054194,0.1718120520525602,3.27954721233681,2.251150516626468,0.64,0.0,0.0,0.05,0.02,0.19,0.0,0.02,0.0,0.07,0.01,0.0,0.0,0.06,0.0,0.65,0.29,0.0,0.0,4,1
791,0.4521914823834506,0.36188639145281637,7.309408383825829,1.952395400626554,5.417519968379683,3.447964160942383,5.056405190461097,3.3534572311606823,194.48,89.24605415265252,187.68,109.36537594021907,3.3032802520629883,1.7698608821008468,3.2450869056784097,2.003725963862352,1.7440461844424502,0.1498461988429962,3.4983900255790497,2.180524207778154,0.53,0.0,0.04,0.03,0.02,0.3,0.0,0.0,0.0,0.07,0.0,0.01,0.0,0.02,0.0,0.74,0.23,0.01,0.0,4,1
792,0.4493505665819243,0.34013180671173504,7.3217868643977155,1.9057164962903244,5.21853001638665,3.2325291017200115,5.146418613818111,3.628949780946416,206.0,83.55727485873496,191.52,108.16714338971383,3.394019823256406,1.9588932180525196,3.435535667271682,2.050190705698146,1.763059333678142,0.17830984703426472,3.3648125872696073,2.064576730060811,0.6,0.0,0.02,0.04,0.05,0.23,0.0,0.02,0.0,0.03,0.01,0.0,0.0,0.0,0.0,0.76,0.24,0.0,0.0,3,1
793,0.3964642113970407,0.3162626923157242,7.126445972513847,1.5750968367702727,5.221178745717704,3.606724786914219,5.58625091717129,3.72928330964643,196.4,88.42870780259298,181.44,113.71773668326168,3.2011492307871015,2.003100440051233,3.0675552276434463,2.0000434720207765,1.752975669627558,0.15352482455769434,3.4060522798619526,2.3301547244379104,0.52,0.01,0.01,0.02,0.0,0.34,0.0,0.04,0.0,0.06,0.0,0.0,0.0,0.0,0.0,0.72,0.27,0.01,0.0,3,1
794,0.44309004329618096,0.3583865320241714,6.990052555762575,1.758938520829365,5.435943411082994,3.24921192698172,5.20639355687473,3.7191237352394055,188.72,91.41028388534849,190.2,107.89051689728636,3.4805638882152383,2.0908628678915653,3.4544822941847433,2.0748800183505534,1.7355001693554877,0.14865935055653065,3.554192536669881,2.1379190318171357,0.53,0.01,0.0,0.04,0.06,0.25,0.0,0.03,0.0,0.08,0.0,0.0,0.0,0.03,0.0,0.74,0.22,0.01,0.0,2,1
795,0.5379912573325831,0.4252510460993927,7.550923158034545,2.1679317813140178,5.662317092242612,3.3028242770304486,4.645595646105367,3.3543423681484996,196.4,88.42870780259295,190.08,105.78496198334706,3.6544751883609625,1.9454035139402333,3.5890314313456786,2.019688991915638,1.7675270102958047,0.17095245968656697,3.610404176543132,2.023621561796427,0.55,0.0,0.02,0.01,0.02,0.26,0.0,0.04,0.0,0.1,0.0,0.0,0.0,0.07,0.0,0.72,0.2,0.0,0.01,4,1
796,0.39056820096142714,0.29396335980375576,7.2388152185045564,1.8715329176666986,5.777076643337623,3.1252918435263397,5.183678529363879,3.4234526132227905,198.32,87.56122014183717,202.8,99.2260962742069,3.242710156428041,1.8203580083018867,3.429572028100262,1.915459094665599,1.7575761746535346,0.1510870017014674,3.753640484438181,1.9987155587970882,0.56,0.0,0.01,0.01,0.01,0.29,0.0,0.0,0.0,0.12,0.0,0.0,0.0,0.02,0.0,0.79,0.18,0.0,0.01,3,1
797,0.6074899268719077,0.46362139763394694,7.284892181899272,1.658072040338834,5.7173450428277715,3.2376098142147907,3.6469294234203504,2.479437792307842,186.8,92.03951720469163,188.16,106.39043019164664,4.408107760201527,1.6886727307457476,3.274320258669851,2.1458596036273043,1.7217451736819112,0.12728294761575423,3.806529785929227,2.1124550131473363,0.55,0.0,0.0,0.05,0.02,0.29,0.0,0.04,0.0,0.05,0.0,0.0,0.0,0.08,0.0,0.72,0.15,0.05,0.0,4,1
798,0.4126147740786801,0.3383226025472744,7.285474131842855,1.8454681091662588,5.7772418894857775,3.155145659972106,5.197385720988304,3.5078671355018596,181.04,93.66369239319617,196.44,102.7569772017276,3.2586311151025673,1.6624142579107994,3.4584083529687804,1.7802106304933867,1.7556747855228036,0.14960112664813044,3.764303041799075,2.020721192655068,0.52,0.0,0.01,0.03,0.01,0.33,0.0,0.03,0.0,0.07,0.0,0.0,0.0,0.04,0.0,0.77,0.19,0.0,0.0,3,1
799,0.5270843779735218,0.4617296775050422,7.37317893511796,1.6967398319310583,5.073257330011993,3.4487736760136842,4.803200963845798,3.7282336592626475,182.96,93.16542472203065,181.44,113.71773668326165,3.7485900249727724,2.0980657005987107,3.2249250215322918,2.234079375480132,1.7573274919279607,0.15263853390212365,3.304954284642985,2.2373534760180243,0.51,0.0,0.0,0.05,0.03,0.32,0.0,0.01,0.0,0.07,0.01,0.0,0.0,0.0,0.0,0.72,0.23,0.05,0.0,4,1
800,0.45204889819105637,0.369497954640094,7.129724042740125,1.5809542084017938,5.789353197508925,3.4111301818504898,5.078055340671443,3.6313262094426633,177.2,94.53426507212752,197.76,102.96661418325671,3.590857026851478,2.218931400616036,3.658437724989631,2.331306463055907,1.7495441808233352,0.15235489039549907,3.77405924561908,2.129483880004656,0.47,0.0,0.01,0.01,0.02,0.38,0.0,0.03,0.0,0.08,0.0,0.0,0.0,0.03,0.0,0.77,0.2,0.0,0.0,3,1
801,0.3947943574681523,0.32503554827127995,7.230630028053697,2.0682989182288565,5.5547028078473275,3.233058083487061,5.390253360400103,3.6265439053500947,177.2,94.53426507212754,196.56,104.91596637309308,3.3906989851349834,2.0985360446982235,3.5152751278369028,2.099416750825561,1.7594906654927212,0.1629574551469186,3.641021617938027,2.1373901662632138,0.47,0.0,0.0,0.0,0.01,0.44,0.0,0.01,0.0,0.07,0.0,0.0,0.0,0.0,0.0,0.78,0.21,0.01,0.0,2,1
802,0.5168454752548297,0.37688840671703105,6.974984690832395,1.225503955274107,5.44782402970455,3.109917422866569,4.261942578202025,3.2803748373678854,182.96,93.16542472203066,197.16,103.9476091814788,4.089634622921663,2.0318169652664566,3.7143678662260227,2.1918168853953293,1.7262701123999589,0.1336526119360858,3.63470957165619,2.073995807829202,0.53,0.0,0.01,0.06,0.04,0.33,0.0,0.02,0.0,0.01,0.0,0.0,0.0,0.01,0.0,0.78,0.2,0.01,0.0,3,1
803,0.6289876856028958,0.5156390996840272,7.158320926768035,1.6207570437681165,5.361606825874328,3.1434464879974655,4.1367072615207015,3.578329586767273,171.44,95.53341157559863,184.44,109.56648459020005,4.156231876780804,2.360359774528714,3.5761864809556454,2.480894411976765,1.7456093952020704,0.14033227635734435,3.549839023636863,2.0623453301787444,0.45,0.0,0.02,0.02,0.02,0.36,0.0,0.02,0.0,0.11,0.0,0.0,0.0,0.05,0.0,0.72,0.18,0.05,0.0,5,1
804,0.5807885248029931,0.43853931356197356,7.216401478029128,1.772103795789666,5.045219856348641,3.168929854429531,4.297838900296442,3.479653478539278,194.48,89.2460541526525,180.72,112.5288811412834,4.075777428007806,2.0211056473602067,3.5860413050863285,2.2820474640583917,1.7406722493614037,0.14497620600091127,3.320812650009756,2.07275770197878,0.59,0.0,0.01,0.01,0.05,0.28,0.0,0.02,0.0,0.04,0.0,0.0,0.0,0.03,0.0,0.71,0.26,0.0,0.0,4,1
805,0.5499229568790994,0.4057733815874532,7.318794961954728,1.5511171527732481,5.406288272715002,3.4064989209145353,4.520931741059232,3.4790475440556894,184.88,92.62428505428898,191.52,108.16714338971381,3.8680448373953893,1.944451131431396,3.4627255179952057,2.0404744251292604,1.760791342077992,0.1513043930253552,3.5024065193712643,2.155189035011682,0.6,0.0,0.01,0.02,0.04,0.23,0.0,0.0,0.0,0.1,0.0,0.0,0.0,0.0,0.0,0.76,0.2,0.04,0.0,3,1
806,0.34020129349004924,0.31196933536527094,6.65502632309019,1.3691191360939334,4.673329392522383,3.5486854300920627,6.235803449917629,4.254712316340816,196.4,88.42870780259294,150.96,120.31691485406365,2.920478684721569,2.2360516352197344,2.6737432066023428,2.373154033999477,1.7445185150698108,0.142925976918453,3.1714876372107867,2.389734360657484,0.6,0.0,0.0,0.08,0.03,0.23,0.0,0.01,0.0,0.05,0.0,0.0,0.0,0.08,0.0,0.58,0.34,0.0,0.0,4,1
807,0.5347621067075256,0.37413753372847924,6.996442917486401,1.4865076488267637,5.062227840759422,3.3362978392024187,4.708326456149184,3.848800651035111,175.28,94.90772552135238,181.44,113.71773668326168,3.8010092845885435,2.151427022005056,3.408242807214536,2.231347980519655,1.743919315601189,0.14093358493225078,3.3489285201003804,2.213806424430414,0.52,0.0,0.01,0.01,0.06,0.26,0.0,0.02,0.0,0.11,0.01,0.0,0.0,0.01,0.0,0.71,0.24,0.04,0.0,3,1
808,0.5287509225164364,0.3836871815018977,6.996987127235184,1.4177875357637586,5.132450716629543,3.320400451261507,4.486797386853502,3.447011331266281,181.04,93.66369239319614,186.48,111.09268857375564,3.984973789039816,2.056287150854525,3.401778484408392,2.138232100764364,1.7189346521063027,0.14301750902978025,3.3325847780280564,2.1043230572871168,0.58,0.0,0.0,0.04,0.01,0.31,0.0,0.01,0.0,0.05,0.0,0.0,0.0,0.0,0.0,0.74,0.24,0.02,0.0,3,1
809,0.5466994539649267,0.46376488468912014,7.145805144789891,1.7583586926950252,4.825321600820877,3.4907174621103296,4.819194969823666,3.875350099415527,190.64,90.73566002405006,170.04,117.66275381939535,3.677257827586404,2.218773288227952,3.221745400491147,2.3241566557366875,1.7511185318929625,0.13355188220480754,3.1742920394519456,2.2644209935028323,0.6,0.0,0.01,0.02,0.02,0.27,0.0,0.01,0.0,0.07,0.0,0.0,0.0,0.03,0.0,0.66,0.27,0.04,0.0,8,1
810,0.2598925256746921,0.4178030086728487,6.229575941250501,1.5449723953347942,2.566883944696986,3.6082060281590227,8.51231796046931,4.486350144818076,221.36,72.48483226917828,90.72,121.56937413375431,1.9196187825798197,2.5371038332907596,1.6514075220134765,2.2660134351774905,1.737728875721063,0.11131120791272968,1.6689430129831218,2.324726268624881,0.74,0.03,0.0,0.01,0.03,0.17,0.0,0.0,0.0,0.02,0.0,0.0,0.0,0.0,0.0,0.36,0.63,0.01,0.0,21,1
811,0.27227223548730634,0.3762240840404873,6.241410649547773,1.278922852512062,2.616514496091284,3.511403809549409,8.029871759149389,4.596538553768001,227.12,66.95713689979719,95.76,122.93359626606998,2.1341843015783057,2.6342208522674815,1.8120082601289726,2.4209519875587877,1.7446842762460657,0.13021250103084983,1.7278403133345364,2.312218691842577,0.8,0.0,0.01,0.01,0.03,0.12,0.0,0.01,0.0,0.02,0.0,0.0,0.0,0.0,0.0,0.38,0.62,0.0,0.0,20,1
812,0.42596019179169126,0.42296844457419913,6.489882817401619,1.0405055346735275,3.781869611504858,3.209646682733948,5.787223487456118,4.32376129244678,230.96,62.70693741524938,151.2,124.07622290716739,3.3969196023860104,2.690831589249026,2.9897765889511816,2.6217535844070796,1.7145295307934876,0.10483036051006821,2.470416010348014,2.0787761497148445,0.85,0.0,0.01,0.03,0.01,0.08,0.0,0.0,0.0,0.02,0.0,0.0,0.0,0.0,0.0,0.6,0.4,0.0,0.0,11,1
813,0.3626061594111026,0.36076132420616486,6.374807747519436,1.173841192306098,3.7349820894760217,3.4201169917292646,6.44981078825044,4.478741939172471,240.56,49.23502079543861,144.24,124.83565924118726,2.941521474230076,2.5865710605171706,2.827208986643533,2.6361261430269787,1.7130600301870154,0.10501329210235798,2.446834326443939,2.2072748054306697,0.88,0.0,0.02,0.0,0.0,0.08,0.0,0.0,0.0,0.02,0.0,0.0,0.0,0.01,0.0,0.57,0.39,0.03,0.0,13,1
814,0.29621609042897334,0.4044864412372964,6.193123137928088,1.4715672580686345,2.599057232216475,3.6176071334358024,8.011274965618794,4.541241857939217,215.6,77.18690421190746,90.72,121.56937413375431,2.088450023905944,2.561471995620974,1.6209998934321121,2.2236354252634274,1.7192903372128419,0.09828399237243135,1.6682780517142108,2.3164300343149384,0.75,0.0,0.02,0.04,0.02,0.11,0.0,0.0,0.0,0.06,0.0,0.0,0.0,0.01,0.0,0.35,0.57,0.07,0.0,20,1
815,0.20864855351769887,0.2366881427533335,6.630202162061198,1.5159225116636608,3.5866879805689655,3.7056567165971988,7.788514763380878,4.144299974760976,215.6,77.18690421190749,128.52,126.60943523651424,1.936402602102582,1.9554948090050506,2.0556521460051,2.0855462813364323,1.766414853793763,0.1401610541329897,2.3500938851792266,2.4199562844952687,0.66,0.0,0.0,0.04,0.02,0.21,0.0,0.01,0.0,0.06,0.0,0.0,0.0,0.0,0.0,0.51,0.49,0.0,0.0,16,1
816,0.18190198209883882,0.2138331253865587,6.229295774845491,1.1939970264532183,3.4631932580017275,3.6679792126417436,8.033123954205893,4.284581558994645,221.36,72.4848322691783,124.08,126.15972560067004,1.852921158911768,1.9289916201380126,1.941007781444582,2.041709849746244,1.722326805680004,0.08497139002167185,2.307710273985873,2.4324636473529577,0.68,0.0,0.0,0.0,0.0,0.24,0.0,0.03,0.0,0.05,0.0,0.0,0.0,0.01,0.0,0.49,0.5,0.0,0.0,14,1
817,0.19114988385054738,0.26309301229415266,6.241858428537329,1.4149138298562924,2.8790883384834034,3.6520550859738585,8.41616581661243,4.1586213177264195,213.68,78.59715470214383,98.88,123.1952773593061,1.7218893506901822,2.1393615127767434,1.7039515603074258,2.247656402537847,1.7370438428890207,0.11446017720287582,1.9176277515806899,2.4421972299154375,0.75,0.0,0.0,0.02,0.0,0.16,0.0,0.01,0.0,0.06,0.0,0.0,0.0,0.0,0.0,0.39,0.6,0.0,0.01,17,1
818,0.3544302515908022,0.3826483491531262,6.2759593523260415,1.099602838646083,3.7916222160668234,3.21908292692744,6.204008528573465,4.369413673200927,230.96,62.706937415249364,145.44,123.71556821266195,2.9780383970545303,2.4885625049166826,2.759335048075661,2.3315073149923977,1.697528967651766,0.09719852256469548,2.531900613489367,2.146590507381152,0.83,0.0,0.0,0.02,0.03,0.1,0.0,0.0,0.0,0.02,0.0,0.0,0.0,0.03,0.0,0.57,0.4,0.0,0.0,14,1
819,0.2572862830318272,0.2310648667478174,6.333224847913295,1.2248389491611889,3.964629526983797,3.0670631443409215,6.287730322042847,4.148583480489172,231.64,64.41743913449577,163.8,120.80186633115775,2.75709462659,2.287366556860816,2.99850389914843,2.4544632876818313,1.6981623790387022,0.0805344682130561,2.617806405311316,1.9790542959214206,0.84,0.0,0.0,0.02,0.01,0.09,0.0,0.02,0.0,0.02,0.0,0.0,0.0,0.0,0.0,0.65,0.35,0.0,0.0,7,1
820,0.3878090511814355,0.34065328559353125,7.249957189728898,2.1007314890053164,4.302806314949055,3.3076647138154933,6.045867578318484,4.060858356193335,223.28,70.74296624207439,163.8,120.80186633115777,2.839318572704318,2.1053104431796554,2.887371231730353,2.236741984048694,1.7694175302265671,0.16094191840053573,2.713639788676277,2.067838096629027,0.79,0.0,0.0,0.03,0.0,0.12,0.0,0.0,0.0,0.06,0.0,0.0,0.0,0.0,0.0,0.65,0.33,0.02,0.0,6,1
821,0.35869392299044345,0.2604573286673092,6.685052426900162,1.4296495207923088,5.10238772744514,3.286082772338431,5.338838591352831,3.620383665207567,211.76,79.93597437949953,187.08,110.23406502034246,3.1726828524802113,1.8559153848497365,3.1780917085704448,1.9887613741954993,1.7046164079949977,0.11390955848235157,3.394618970625245,2.1798147940509294,0.68,0.0,0.0,0.0,0.04,0.22,0.0,0.04,0.0,0.02,0.0,0.0,0.0,0.01,0.0,0.74,0.24,0.01,0.0,8,1
822,0.3414488225262964,0.36553046210258977,6.707157090118304,1.7732814213627686,3.768468939059164,3.233143113109694,6.525649766042839,4.354109420397204,230.96,62.70693741524936,146.76,124.4374103351122,2.641889564644815,2.2132846296251274,2.662178723476343,2.335903742443896,1.7421023329916017,0.1310446604466511,2.501395784134217,2.171140984440825,0.83,0.0,0.0,0.0,0.0,0.16,0.0,0.0,0.0,0.01,0.0,0.0,0.0,0.01,0.0,0.58,0.39,0.02,0.0,8,1
823,0.2587654781143395,0.34834490211982966,6.125213131704327,1.331513968230962,2.7473766220305964,3.4480150606196656,8.147429289220838,4.572383240089208,233.56,62.13090123995377,103.32,124.56638974677502,2.0525161156500484,2.55950679454901,1.9290857732153406,2.348969180964536,1.728200343847119,0.09888444772603662,1.8088825667923047,2.253834159366633,0.86,0.0,0.0,0.0,0.01,0.13,0.0,0.0,0.0,0.0,0.0,0.0,0.0,0.0,0.0,0.41,0.59,0.0,0.0,8,1
824,0.31408011042657663,0.34944120157356995,6.498158772349816,1.6616818003938536,3.3254865773005644,3.362885389836539,7.1672232141559915,4.372503743372746,236.72,55.22371032281498,128.52,126.60943523651423,2.4465480699921587,2.5193698694204127,2.5769329445176123,2.6652998592080603,1.7431018672943766,0.1205164403193666,2.18701998087884,2.2118842412284323,0.88,0.0,0.0,0.01,0.0,0.09,0.0,0.0,0.0,0.01,0.01,0.0,0.0,0.0,0.0,0.51,0.48,0.01,0.0,9,1
825,0.5373588008713537,0.39413565477364904,7.296980334982723,2.062755329696199,4.770350420561087,2.9798596986374934,5.066063443987681,4.059088085987697,227.12,66.95713689979719,183.96,112.44140292129538,3.5598116782711617,2.2182939192308617,3.691980364336168,2.342655318194414,1.7684591377742274,0.16125226449183427,3.0552843161073677,1.9269807942805375,0.75,0.0,0.0,0.05,0.01,0.15,0.01,0.0,0.0,0.03,0.0,0.0,0.0,0.0,0.0,0.73,0.27,0.0,0.0,12,1
826,0.44970267188002594,0.40830180691812756,6.939311478101761,1.8137754832372108,4.351097104787746,3.3807631684977277,6.045931029484508,4.453457077860676,229.04,64.89555244600916,163.8,120.80186633115775,3.0933401598267403,2.4177294309112862,3.256548369256345,2.5274829174340083,1.7554827211287707,0.14594283643749265,2.7971981640690378,2.177045368547061,0.77,0.0,0.0,0.04,0.01,0.15,0.0,0.02,0.0,0.01,0.0,0.0,0.0,0.0,0.0,0.65,0.34,0.01,0.0,9,1
827,0.5486773862669229,0.3891229187705153,7.557571495249364,2.1549590890162382,4.81711915885526,3.2056220150757433,4.797938379706416,3.7092565383347806,229.04,64.89555244600916,176.28,114.09335890162293,3.443904544225839,2.206020477651269,3.3538004201632017,2.3119014488718426,1.7927712983910795,0.18599383035225356,3.0701122790635806,1.9900379728131627,0.72,0.0,0.03,0.09,0.02,0.11,0.0,0.0,0.0,0.03,0.0,0.0,0.0,0.04,0.0,0.69,0.23,0.04,0.0,10,1
828,0.3996319708142827,0.3735890310536462,6.88091106604007,1.939950215687801,4.085908653712335,3.380642464072473,6.35862819936871,4.462070206439006,234.8,57.89017815893062,146.64,122.57337691061923,2.9720492953394637,2.4895867460459584,2.9354604921241583,2.635011173551078,1.7631393542694713,0.1521786320407765,2.657659395863762,2.1790668142392535,0.77,0.0,0.0,0.11,0.01,0.09,0.0,0.01,0.0,0.01,0.0,0.0,0.0,0.05,0.0,0.57,0.38,0.0,0.0,12,1
829,0.48278508522790564,0.430190943995865,6.989408689354938,1.5944268832125725,4.394518295816262,3.5496868887234205,5.191650520719062,3.9270705180569783,215.6,77.18690421190749,163.8,120.80186633115777,3.408964897065864,2.170940195553801,3.005767805052713,2.3405531343995336,1.723526108695293,0.1489684171027053,2.8393061288628525,2.223911526733251,0.74,0.0,0.0,0.07,0.01,0.13,0.0,0.03,0.0,0.02,0.0,0.0,0.0,0.03,0.0,0.62,0.29,0.06,0.0,8,1
830,0.5253830983295718,0.4515575048002042,7.072200950571887,1.7656876765883756,4.588822311549135,3.690999278399485,5.248229069104317,4.068901529464442,212.44,81.44680608975543,166.32,119.97599759951989,3.5394567064111855,2.434149076846212,3.057723775108228,2.2843097459565858,1.7469998337520274,0.15427095581288108,2.897765849190839,2.2352697183062347,0.69,0.0,0.02,0.04,0.01,0.13,0.0,0.04,0.0,0.07,0.0,0.0,0.0,0.03,0.0,0.63,0.3,0.04,0.0,12,1
831,0.34689163052530797,0.40209784785879826,6.4499217216591145,1.6352242938004882,3.271564798675913,3.316612840917166,6.962751875214611,4.64114001806631,225.2,68.90309400626626,126.6,126.17304135050547,2.6318730277284645,2.6484737028740177,2.4413472495882726,2.517511342624447,1.739845023951179,0.13791273679219507,2.1466360027387257,2.1663650115711617,0.79,0.0,0.0,0.01,0.02,0.12,0.0,0.0,0.0,0.06,0.0,0.0,0.0,0.01,0.0,0.5,0.49,0.0,0.0,13,1
832,0.47044455046682815,0.47710630959026057,6.98980972486311,2.055493575689903,4.044778292889405,3.8581637507765305,6.599462560035399,4.81989006554672,219.44,74.13560057575087,139.2,125.47509713086497,2.9268106400107086,2.5153888590384192,2.697481240587258,2.4550784048567333,1.7606846932096933,0.151630797055406,2.568458576805121,2.410954334416837,0.74,0.0,0.0,0.01,0.0,0.16,0.0,0.02,0.0,0.07,0.0,0.0,0.0,0.01,0.0,0.55,0.44,0.0,0.0,9,1
833,0.42567182640020645,0.4373467169762736,6.57315328342327,1.627931150156688,3.4429355415934086,3.5876283228622823,6.19824068410503,4.813986109976286,219.5,77.2389052540783,126.0,126.6347647226607,2.9540177338268863,2.6300572162121982,2.436479146316385,2.5035610563351973,1.7349221277104325,0.14067957508053555,2.248607017589688,2.3496511406983265,0.81,0.0,0.0,0.01,0.03,0.14,0.0,0.0,0.0,0.01,0.0,0.0,0.0,0.0,0.0,0.5,0.45,0.05,0.0,15,1
834,0.4243334331515813,0.3675927744058393,6.899233482094513,1.5099841039743969,4.733036839241307,3.551647753678566,5.976454088107714,4.399679593964757,200.24,86.64208509200888,168.84,119.09055378156573,3.29310771394572,2.4114752089517455,3.2755246412551644,2.5080023389791046,1.7509637125607005,0.14117216068184896,3.0981620036882678,2.3383839745013866,0.6,0.0,0.0,0.08,0.01,0.25,0.0,0.02,0.0,0.04,0.0,0.0,0.0,0.0,0.0,0.67,0.31,0.02,0.0,10,1
835,0.32585980146981286,0.39873594900482257,6.51058780158495,1.5372462736600645,3.5361256967739223,3.483136024657039,6.8780221798042795,4.3972039446631594,213.68,78.5971547021438,127.8,125.23577763562618,2.417907799992409,2.430359034859046,2.314888254733649,2.4290884306082745,1.747044860964942,0.13505185197460604,2.347536433993001,2.3140560449928302,0.69,0.01,0.0,0.03,0.03,0.18,0.0,0.0,0.0,0.06,0.0,0.0,0.0,0.03,0.0,0.5,0.44,0.03,0.0,12,1
836,0.39865153265131864,0.40876812114388383,6.645679523247036,1.7579041961087216,3.599103023129087,3.327725380454827,6.403256600779408,4.620152566530637,230.96,62.70693741524937,139.2,125.47509713086498,2.897560268245767,2.523679742514652,2.6716006345348338,2.5137199610572893,1.7403541501430042,0.15350175143781797,2.3545688780824285,2.1756980185208343,0.75,0.0,0.01,0.02,0.0,0.17,0.0,0.01,0.0,0.04,0.0,0.0,0.0,0.01,0.0,0.55,0.44,0.0,0.0,4,1
837,0.4853159244563895,0.3821241885403004,7.5560241489642745,2.0648115649275693,4.57882964652976,2.992742377902575,4.479184693383827,3.7916122730828445,221.48,78.6962553496709,181.44,113.71773668326166,3.3814639769279187,2.067882157237119,3.451923281956449,2.2741604309590078,1.8116941421085568,0.1844925338279353,2.9660451848429847,1.9249923168930505,0.77,0.0,0.02,0.0,0.0,0.19,0.0,0.0,0.0,0.02,0.0,0.0,0.0,0.0,0.0,0.72,0.26,0.02,0.0,6,1
838,0.41481701784767966,0.35478488761182175,7.074120968095515,2.140918476089929,4.398183890955332,3.325383366604528,5.151363306163293,4.109055164371731,205.5,90.24159492465465,166.32,119.9759975995199,3.227480770394219,2.4527030925620887,3.173771559128104,2.429241673578318,1.7718992938533507,0.16954118739040702,2.803140597239061,2.1261666490684874,0.63,0.0,0.0,0.08,0.02,0.22,0.0,0.01,0.0,0.04,0.0,0.0,0.0,0.0,0.0,0.66,0.34,0.0,0.0,7,1
839,0.28327508020285797,0.30727470472577834,6.2033617825359215,1.3080407472563478,4.0620217585464635,3.7967322062830036,7.007451980112649,4.194352840744764,206.0,83.55727485873494,143.64,125.38760269297325,2.4571740293691136,2.2725767621738697,2.5301467556184094,2.355118166226043,1.688283569857609,0.08801174854084165,2.6880849579375643,2.4915705508503354,0.65,0.0,0.0,0.02,0.02,0.25,0.01,0.03,0.0,0.02,0.0,0.0,0.0,0.0,0.0,0.57,0.43,0.0,0.0,3,1
840,0.4031758967004984,0.2954446988088145,7.338048918296501,1.7577308180008169,4.83627958876068,3.087423059484858,5.6192034151242956,3.9239049038240283,219.44,74.13560057575087,183.96,112.44140292129538,3.099607486064808,1.9788173719328035,3.367726352398816,2.1331929719059257,1.8001906053730712,0.1557732230177397,3.1150844733572636,2.00062262317739,0.72,0.0,0.0,0.08,0.01,0.13,0.0,0.01,0.0,0.05,0.0,0.0,0.0,0.0,0.0,0.73,0.27,0.0,0.0,4,1
841,0.40611117589006696,0.3360629106813313,6.784255193126756,1.2887908693461123,4.7614700157083805,3.062586196425701,4.895034564166958,3.7794224980397364,216.28,78.71699468682256,186.48,111.09268857375564,3.79715852689538,2.341253126719082,3.5037504476235513,2.3319434094581704,1.7376242323697262,0.10963169146879106,3.2017397117999087,2.071915387616338,0.78,0.03,0.0,0.0,0.02,0.13,0.0,0.01,0.0,0.03,0.0,0.0,0.0,0.04,0.0,0.7,0.26,0.0,0.0,5,1
842,0.41617571040412976,0.3325481097716898,6.957734439978567,1.237890789759999,5.017840247096195,3.2027048150666215,4.903700270439435,3.5671299594145176,219.44,74.13560057575087,191.52,108.16714338971383,3.8061457719512477,2.365418867576518,3.56107583821662,2.3737774245868106,1.7493279010321354,0.14230070661393338,3.2945913023642777,2.0671538927760897,0.73,0.02,0.0,0.01,0.01,0.19,0.0,0.01,0.0,0.03,0.0,0.0,0.0,0.0,0.0,0.76,0.24,0.0,0.0,4,1
843,0.36191355693262106,0.30327537686446016,6.688128914782261,1.5541258739722015,4.184009158571359,3.052998339484011,5.503474538105273,4.015153014440395,220.12,75.69253062171454,168.84,119.09055378156572,3.6406958805295218,2.765780233944946,3.4415347091539044,2.796681921371114,1.7246913233976426,0.1401499942300131,2.7587187084686855,2.01681493905149,0.8,0.0,0.01,0.01,0.01,0.09,0.0,0.02,0.0,0.06,0.0,0.0,0.0,0.0,0.0,0.67,0.33,0.0,0.0,6,1
844,0.3825039017880891,0.26394253272783147,6.655680347828593,1.0550289831326196,4.840065569123088,2.7736770232500394,4.888803314030798,3.546348483588689,232.88,60.37747924516226,196.56,104.91596637309307,3.4994490591286938,1.8020062008650521,3.5148637445209965,1.9442742042341665,1.708697139615942,0.11791475561971117,3.223787844155063,1.8583527321732367,0.83,0.0,0.01,0.0,0.02,0.12,0.0,0.0,0.0,0.02,0.0,0.0,0.0,0.0,0.0,0.78,0.22,0.0,0.0,4,1
845,0.3296253686465074,0.279014021276763,6.731251669565486,1.5958291147444064,4.616689014620079,3.1518852269853856,5.80150653519455,3.8601891888539015,215.6,77.18690421190749,181.44,113.71773668326165,2.9530638389500115,1.920846418003728,3.105538091013992,2.0409188232642763,1.7193942443409531,0.1360369818056891,3.010956297630687,2.0066836645771273,0.73,0.0,0.0,0.01,0.03,0.16,0.0,0.02,0.0,0.05,0.0,0.0,0.0,0.0,0.0,0.72,0.27,0.01,0.0,4,1
846,0.36123128741087435,0.3120416439905062,7.01042518774876,1.7385550710176951,5.532891960830888,3.238176216746518,4.963277227368512,3.2070317871561556,185.56,94.12760734580723,199.08,103.15876554656374,3.3966510066132214,1.942125254823301,3.1350500878645113,1.7376297484964565,1.7221079526376082,0.15790943638705324,3.6215292941441892,2.1085709349152633,0.57,0.0,0.01,0.02,0.05,0.25,0.01,0.01,0.0,0.08,0.0,0.0,0.0,0.0,0.0,0.79,0.21,0.0,0.0,5,1
847,0.18383809171569193,0.2137848909792902,6.224088024507701,1.1559821257422542,3.274961596870908,3.4962491630984114,7.585691273373246,4.038664950108895,227.12,66.95713689979718,126.0,126.63476472266072,1.9575391215486981,1.8453800246792065,1.9393334194752605,1.9804248463455936,1.7010512570972451,0.11576478419527488,2.17490243727042,2.2913324804083306,0.77,0.01,0.0,0.01,0.03,0.14,0.0,0.01,0.0,0.03,0.0,0.0,0.0,0.0,0.0,0.5,0.5,0.0,0.0,4,1
848,0.22460673614961305,0.2502058952762411,6.509510306738153,1.3138826809896222,3.6382812817093866,3.549662024695369,7.096236847111581,4.211272461871691,214.36,80.11677336074746,136.08,126.2288830224323,2.382972348236797,2.370232660825571,2.2047959196915112,2.087494491171487,1.7449380923722186,0.16149806297711047,2.38949636266092,2.326203717318308,0.8,0.0,0.0,0.01,0.03,0.09,0.0,0.03,0.0,0.04,0.0,0.0,0.0,0.0,0.0,0.54,0.46,0.0,0.0,4,1
849,0.27069152348517417,0.26183577707372424,6.616947754664409,1.2707506551175838,4.092229800890216,3.5770476560307842,6.368134944227936,4.078102863699977,218.2,77.24367843769392,153.72,123.53219676004974,2.693642737077729,2.319170519372445,2.5743566770137614,2.1198380954574065,1.7435698979371173,0.1509881349062044,2.65057406086439,2.2635059231449723,0.69,0.0,0.0,0.02,0.0,0.23,0.0,0.03,0.0,0.03,0.0,0.0,0.0,0.0,0.0,0.61,0.39,0.0,0.0,4,1
850,0.30701577322279905,0.34962599050181764,6.303077391437564,1.3370628252725523,4.143862802101626,3.4104648291684456,5.872693883401176,4.080710509584407,211.88,85.62205889662411,158.76,122.27961994766524,2.758875991009917,2.300682896785432,2.637175388544202,2.1365756641417337,1.6847132560494131,0.10015799162932794,2.703294222048931,2.1962225584895547,0.74,0.0,0.0,0.03,0.0,0.19,0.0,0.01,0.0,0.03,0.0,0.0,0.0,0.0,0.0,0.63,0.37,0.0,0.0,6,1
851,0.2985699718370527,0.34049930855864624,6.5009606611490325,1.7631486904264215,4.440060577270033,3.1817433660242305,5.904509270492248,3.694310831068563,227.8,68.60014429999254,176.4,116.06267899090327,2.8640638836510375,2.0935159197682855,2.823988951793209,1.8804187951819213,1.6898140120841303,0.11273110090126962,2.8824882667296983,2.0072113767281774,0.84,0.0,0.0,0.0,0.0,0.11,0.0,0.0,0.0,0.04,0.01,0.0,0.0,0.01,0.0,0.69,0.3,0.0,0.0,5,1
852,0.19220994441469344,0.22585118842632815,6.136414625172379,1.331382034313654,3.030110300096238,3.506853749223793,7.924398723598454,4.284152254899463,229.04,64.89555244600919,113.4,126.00000000000003,1.9295743031145276,2.0676752679941646,1.8444842293971662,2.086293268491331,1.7145811285018198,0.10523833180407532,2.0088365342392542,2.3161471805986347,0.83,0.0,0.0,0.0,0.01,0.1,0.0,0.01,0.0,0.04,0.01,0.0,0.0,0.0,0.0,0.45,0.55,0.0,0.0,13,1
853,0.29594485096437284,0.33719592923493097,6.207246768414708,1.3017217386713793,3.2935335831933252,3.536635987096718,6.759010808384207,4.661857239688549,224.64,73.88928654863753,120.96,126.53341635530694,2.835773767876593,2.833616575963453,2.223227820382857,2.3834869299252244,1.7106271801284079,0.09061826104109384,2.189046503170246,2.333070645559535,0.89,0.0,0.01,0.02,0.02,0.04,0.0,0.02,0.0,0.0,0.0,0.0,0.0,0.0,0.0,0.48,0.51,0.01,0.0,11,1
854,0.17666504033522165,0.282667890832884,6.260952548364225,1.4048816099110206,2.3076748178360322,3.2993284858241334,8.444743064488135,4.39670914332509,224.64,73.88928654863754,85.68,119.97599759951987,1.893578413359804,2.7911395152570186,1.5415718371827536,2.2022688364881313,1.7719475897360544,0.142899242446152,1.5253013652675838,2.195018245281498,0.85,0.0,0.0,0.01,0.0,0.11,0.0,0.01,0.0,0.02,0.0,0.0,0.0,0.0,0.0,0.34,0.66,0.0,0.0,9,1
855,0.3573565109864027,0.4011007949325221,6.3888298687363285,1.3162236581906466,3.7375751723119053,3.8304501851219297,6.638543945016644,4.441308785898437,213.68,78.59715470214381,128.52,126.60943523651423,2.7569693307355774,2.514307940040836,2.271891593958418,2.356540695610569,1.7134433649219813,0.09581940725491939,2.457415755224436,2.525534339275251,0.75,0.0,0.0,0.05,0.02,0.14,0.0,0.01,0.0,0.03,0.0,0.0,0.0,0.0,0.0,0.51,0.49,0.0,0.0,7,1
856,0.2831314204939974,0.2929509038386268,6.237811041797642,1.2519678948060977,3.7902679788771674,3.779098296562581,6.403271422246856,4.4515405802109775,204.08,84.64204843714712,123.96,124.29940393333273,2.371834657894714,2.279644287493022,2.1127244833324665,2.2432320734083686,1.7107604911676235,0.09259279909487082,2.524742117550363,2.499477885967014,0.67,0.0,0.0,0.06,0.03,0.18,0.0,0.04,0.0,0.02,0.0,0.0,0.0,0.05,0.0,0.48,0.47,0.0,0.0,11,1
857,0.27405632659732476,0.31400497452708337,6.477700735554725,1.5383268413621785,3.740427423625078,3.627690755519932,7.061644190271298,4.244269533194074,223.28,70.74296624207436,136.68,125.71708497473783,2.387404681776078,2.257282458943991,2.360890368650089,2.309290925150602,1.729526334582458,0.12069643173709756,2.4656301032525114,2.3786708697805294,0.78,0.0,0.0,0.01,0.01,0.15,0.0,0.0,0.0,0.04,0.01,0.0,0.0,0.01,0.0,0.54,0.45,0.0,0.0,12,1
858,0.35030247090749705,0.4632933316655712,6.646090781115308,1.8163235001721447,3.0988670467351427,3.801471298610036,6.70312562669924,4.68521213367648,213.8,84.37075466311916,100.68,122.1610859033715,2.7585689897674284,2.9947303172129467,1.8772248425887892,2.306093167579433,1.7611341492907326,0.1346984834098981,2.0126258304501605,2.425265254332904,0.78,0.01,0.04,0.01,0.01,0.09,0.0,0.0,0.01,0.04,0.01,0.0,0.0,0.03,0.0,0.39,0.53,0.04,0.01,12,1
859,0.368667434535722,0.4696119859277832,6.630195857829069,1.8352089801482592,3.3834716429472977,3.493482417508284,6.5071470557990345,4.4745662173271095,227.8,68.60014429999252,128.52,126.60943523651422,2.8230288242879413,2.6263190509400185,2.2272952377925166,2.2319773357240313,1.7271233038280016,0.11710060194861674,2.1724527618430263,2.2133132409849323,0.73,0.0,0.01,0.03,0.02,0.17,0.0,0.01,0.0,0.03,0.0,0.0,0.0,0.02,0.0,0.49,0.42,0.07,0.0,19,1
860,0.3177444083949628,0.4200402250305205,6.736567950291874,1.6557477060529564,2.848590976246886,3.7538771183898985,7.470531667782978,4.7438573094364616,218.2,77.24367843769389,98.28,123.53219676004974,2.4794803544920487,2.7834989870445574,1.8114917471780867,2.356249186353968,1.7935778972607306,0.14400748538055003,1.8447533209708815,2.4105189585064304,0.81,0.0,0.0,0.01,0.0,0.13,0.0,0.01,0.0,0.03,0.01,0.0,0.0,0.01,0.0,0.38,0.57,0.04,0.0,15,1
861,0.291745545726261,0.3666950543662018,6.344061506621431,1.5633018856196903,2.760583079243367,3.258477958393438,7.125173252017828,4.719058481573653,226.56,72.09313841178371,108.36,125.38760269297323,2.6604109864397714,2.981775091960816,2.0674846277271675,2.4248667388244067,1.7496544489290662,0.13874034847321184,1.7999657039706218,2.1204026469615513,0.84,0.01,0.0,0.01,0.01,0.09,0.0,0.0,0.0,0.04,0.0,0.0,0.0,0.0,0.0,0.43,0.56,0.01,0.0,19,1
862,0.31726669866458335,0.38091130604514145,6.4654889134145686,1.6739036270536407,3.3333763638560425,3.4567626629459998,6.711670619589175,4.6675141644409175,214.42,83.00044785080586,126.0,126.63476472266075,2.800569097956634,2.8385914589436707,2.37058406245175,2.4115709693855676,1.7413238134031166,0.13287968567419992,2.1843134002893767,2.24575676530391,0.77,0.0,0.0,0.02,0.0,0.17,0.0,0.01,0.0,0.03,0.0,0.0,0.0,0.01,0.0,0.49,0.5,0.0,0.0,18,1
863,0.2991472601928777,0.2839729696075115,6.4751222531335335,1.4049379978370058,4.12048286345673,3.5303672198710605,6.542978411606689,4.365672243065756,175.96,96.44383093413764,146.76,124.43741033511219,2.7449474591150937,2.4669148622097006,2.6233892615222407,2.265962556114208,1.735561476060711,0.12454853950806373,2.789337450167863,2.4008975704149718,0.55,0.0,0.0,0.05,0.01,0.38,0.0,0.0,0.0,0.01,0.0,0.0,0.0,0.01,0.0,0.58,0.41,0.0,0.0,14,1
864,0.3328279182832624,0.3723853007147531,6.541840370648031,1.427150657988893,3.9430299239095827,3.5899910458134876,6.783915642902643,4.34896972423407,209.84,81.20689625887692,141.72,125.18141017956881,2.635633687720821,2.4496268214660923,2.6229578555391577,2.5238804274123163,1.728445897812327,0.12357334475446087,2.5960137434701136,2.369437391397435,0.72,0.0,0.02,0.04,0.01,0.19,0.0,0.02,0.0,0.0,0.0,0.0,0.0,0.01,0.0,0.56,0.43,0.0,0.0,13,1
865,0.41114676793016164,0.34680701401056635,6.8874847062084665,1.060444595209545,5.5619099656675495,3.5522202195069617,5.287147309804727,3.6543676627151083,156.08,96.46433160877272,191.52,108.16714338971381,3.3868821351104845,1.939119156135918,3.2972532498476057,1.948924400521981,1.7351083271414784,0.14205780519023334,3.6364798832584375,2.206368914922544,0.43,0.0,0.01,0.06,0.05,0.42,0.0,0.0,0.0,0.03,0.0,0.0,0.0,0.0,0.0,0.76,0.23,0.01,0.0,2,1
866,0.3897816289488862,0.3936948260424315,6.827899003767048,1.68655582017933,4.663792371631008,3.657793683266444,6.039659429127656,4.236333473837811,188.72,91.41028388534845,158.04,121.0385963987596,3.0094328261773575,2.2443483027559585,2.876942510981721,2.1947370131384547,1.7454522680333358,0.12151633816312084,3.0914675552470343,2.3791365167883916,0.57,0.0,0.02,0.01,0.01,0.31,0.0,0.01,0.0,0.07,0.0,0.0,0.0,0.04,0.0,0.61,0.33,0.02,0.0,13,1
867,0.3011031811911408,0.44085297014968605,6.505562866381834,1.7996974619096342,2.9693321802584727,3.811071584518168,7.9935209258371,4.4892686698553055,227.12,66.95713689979719,99.48,122.85447414800088,2.0069676034705664,2.276874927033795,1.71786263603616,2.1940611953934157,1.7339538789057058,0.11899962377054486,1.8626106817726356,2.34682055545854,0.75,0.0,0.02,0.02,0.02,0.13,0.0,0.02,0.0,0.02,0.01,0.0,0.01,0.02,0.0,0.38,0.56,0.03,0.01,17,1
868,0.2870158131289242,0.35831245495826863,6.307112971763362,1.4167580185669786,2.9801208670107235,3.542302499438348,7.105707926193762,4.453953348330485,214.36,80.11677336074746,110.88,125.71968819560442,2.483858999589575,2.5662127853406362,1.9280834327119551,2.227534891516816,1.716547157677016,0.09636059168364162,1.9445592926187292,2.2790818039328626,0.73,0.0,0.0,0.02,0.01,0.2,0.0,0.03,0.0,0.01,0.0,0.0,0.0,0.03,0.0,0.41,0.53,0.03,0.0,15,1
869,0.21235451762600113,0.3043434508315955,5.999588937855343,1.3517258409979247,2.693871532399051,3.541735732844672,8.4983322461481,4.366123053679066,227.12,66.95713689979718,98.28,123.5321967600497,1.7661248716232933,2.2481094881205834,1.7420574660900612,2.223224387883597,1.7116267104626122,0.10425277963404533,1.7770387570139432,2.319750618558238,0.75,0.0,0.01,0.03,0.01,0.17,0.0,0.01,0.0,0.01,0.0,0.0,0.01,0.0,0.0,0.39,0.61,0.0,0.0,13,1
870,0.25159726018056405,0.27354129389092663,5.941872976824317,1.0436380556722593,3.1693017575413394,3.6573996449230566,6.934991858806964,4.7571678811490505,185.0,97.60712840336771,113.4,126.0,2.258460914565058,2.360728443123772,2.0814698082185608,2.3902220499180356,1.6943979788265457,0.0685200129977426,2.1463572007450775,2.444396478635771,0.73,0.0,0.0,0.0,0.01,0.26,0.0,0.0,0.0,0.0,0.0,0.0,0.0,0.0,0.0,0.45,0.55,0.0,0.0,13,1
871,0.2940598690981107,0.3750912494814145,6.141340585652367,1.2829507700172402,3.165568751085896,3.675677109524738,7.889557429225232,4.536112557401869,232.88,60.37747924516226,113.4,125.99999999999999,2.1228713602295817,2.420450695037213,2.185203886635924,2.5043675816690856,1.7109665651455328,0.09310449356834806,2.0456940612268166,2.348393068760507,0.87,0.0,0.0,0.02,0.0,0.08,0.0,0.01,0.0,0.02,0.0,0.0,0.0,0.0,0.0,0.45,0.55,0.0,0.0,13,1
872,0.3124298625855472,0.3699809333587499,6.594935515772359,1.644043479783697,3.4993575308164355,3.598420038934475,7.436114863056264,4.543190596523886,223.28,70.74296624207436,126.0,126.6347647226607,2.3035119976181933,2.348849390099701,2.3024501047235515,2.3711468908345954,1.7552037712121824,0.12946232224581392,2.3019462891785083,2.3931522569059482,0.76,0.01,0.0,0.03,0.02,0.14,0.0,0.01,0.0,0.02,0.0,0.0,0.01,0.0,0.0,0.5,0.5,0.0,0.0,12,1
873,0.21985788949061466,0.29714202264722656,6.384242108002869,1.5765666094244153,2.856687909531753,3.359128533944992,8.379977462909249,4.425999271072983,225.2,68.90309400626626,106.44,124.63363036589205,1.7658898988289604,2.125077168001129,1.9015451655972344,2.285883999718304,1.75814541675688,0.1298605810226242,1.8848139057343616,2.2333469444232126,0.78,0.01,0.0,0.03,0.01,0.11,0.0,0.01,0.0,0.04,0.01,0.0,0.0,0.02,0.0,0.41,0.57,0.0,0.0,6,1
874,0.33417863209954296,0.3617922593065843,6.509674136954984,1.3418773423258923,3.757822635253118,3.7423283165398096,6.934634966958351,4.483608140872927,200.24,86.64208509200887,133.56,126.40661662774114,2.559556425829908,2.2770701532584936,2.346483140076531,2.27389877476434,1.7294299164636961,0.1090525527522953,2.4538513128530277,2.422323570765651,0.68,0.0,0.0,0.05,0.01,0.21,0.0,0.03,0.0,0.02,0.0,0.0,0.0,0.0,0.0,0.53,0.47,0.0,0.0,4,1
875,0.23588761168041603,0.33983499204661827,6.332347042601868,1.555163525380661,2.9845359357094363,3.531408176216666,8.003737342500473,4.453446016656376,217.52,75.70123092550322,107.04,124.25990357457884,1.9254805286218843,2.2521892177757703,1.8438706847623336,2.274687859186043,1.7415188654583362,0.09733525125722325,1.9853243747342315,2.3235940595706035,0.73,0.0,0.0,0.01,0.01,0.22,0.0,0.01,0.0,0.02,0.0,0.0,0.0,0.03,0.0,0.41,0.56,0.0,0.0,5,1
876,0.3056865076924832,0.3890322752934998,6.321442128263516,1.4870893541938892,3.2724146372026333,3.562016299139497,7.163304646833016,4.59191090328895,210.52,82.71045760954172,120.96,126.53341635530695,2.630525692228232,2.757946146613299,2.2836596350565928,2.490587099366738,1.7246672114589134,0.09754875420907265,2.1553703223929013,2.333035341232583,0.76,0.0,0.03,0.01,0.03,0.15,0.0,0.0,0.0,0.02,0.0,0.0,0.0,0.01,0.0,0.47,0.49,0.03,0.0,4,1
877,0.3708168874728428,0.42265045060569495,6.613262225903947,1.4580938343579695,3.567937116727455,3.5685883143218557,6.769841802208244,4.536361420432262,198.32,87.56122014183718,129.12,126.13551154503345,2.7017129221129683,2.4699731416930595,2.4088994485668023,2.360954992698003,1.7519810108074478,0.09713045118929228,2.3471674744634154,2.3281991581703325,0.71,0.0,0.01,0.03,0.01,0.17,0.0,0.0,0.0,0.07,0.0,0.0,0.0,0.01,0.0,0.51,0.47,0.01,0.0,5,1
878,0.3017669993125114,0.3354455482410225,6.736649240938985,1.1906572477114645,3.2464014472118947,3.3339874116323687,7.238689014987692,4.497201214907148,213.68,78.59715470214383,126.0,126.63476472266072,2.4000866767416054,2.4094168347956524,2.438807500667413,2.4758552332136294,1.8032823323377558,0.14410920327532953,2.1602164342292642,2.217687865077357,0.77,0.0,0.01,0.03,0.01,0.18,0.0,0.0,0.0,0.0,0.0,0.0,0.0,0.0,0.0,0.5,0.49,0.01,0.0,3,1
879,0.4238559995464396,0.43638848634657135,6.7974198013884095,1.8061604649124041,3.7385928939115036,3.531487773902223,6.668762991939637,4.735093147143475,219.44,74.13560057575087,138.6,125.99999999999997,2.8266810464374275,2.455956855296151,2.626706541638802,2.419481305166168,1.7479794748253141,0.133308176757846,2.387791841363989,2.2567490202190945,0.71,0.0,0.01,0.06,0.04,0.14,0.0,0.0,0.0,0.04,0.0,0.0,0.0,0.0,0.0,0.55,0.4,0.05,0.0,4,1
880,0.29742596445170166,0.32530047327942574,6.5233687141689805,1.1608377951158348,3.812705286808308,3.4646218618572253,6.6070483663760795,4.509047284082838,195.16,90.7326765055379,143.64,125.3876026929732,2.8202551566058944,2.532454446677599,2.580575654060526,2.3030821538070065,1.753493861721114,0.11892334670857624,2.581687949940471,2.353869458389899,0.69,0.0,0.0,0.02,0.0,0.24,0.0,0.01,0.0,0.04,0.0,0.0,0.0,0.0,0.0,0.57,0.41,0.02,0.0,6,1
881,0.3409528858745091,0.26612291371982355,6.421176990084234,1.2126161146300198,4.392836500893901,3.1609281866885355,6.03043667449858,4.355826884559475,206.0,83.55727485873497,171.36,118.144195410062,3.0667051599696116,2.159420698049684,3.1771507364737754,2.243888037084322,1.7138907238138066,0.11575759170140257,2.9388495184755374,2.126861108071419,0.72,0.0,0.0,0.0,0.01,0.23,0.0,0.0,0.0,0.04,0.0,0.0,0.0,0.0,0.0,0.68,0.32,0.0,0.0,3,1
882,0.2667990540350776,0.2667376836680112,6.665699001733757,1.524365076450393,3.8501584421435604,3.4527866234512494,6.686308721405766,4.0270762581894815,215.6,77.18690421190747,146.16,125.00333086471227,2.391796959870858,1.9783705894034802,2.345347671781029,2.08682257011424,1.7438579797058225,0.13036687376774794,2.532278695082242,2.2662029007805677,0.72,0.01,0.01,0.04,0.02,0.13,0.0,0.02,0.0,0.05,0.0,0.0,0.0,0.01,0.0,0.57,0.42,0.0,0.0,4,1
883,0.35103354265036446,0.3092090821420604,6.635535731052163,1.2962242131459303,5.571660143072361,3.727247120238134,5.403688577795124,3.6811527367408554,175.28,94.90772552135238,184.56,111.6068424099852,3.0007223883935223,1.9675467946735383,2.9942151416836924,1.9955162529490107,1.7036163476808064,0.12071293461641382,3.674515720399387,2.422082754071921,0.53,0.0,0.01,0.04,0.07,0.27,0.0,0.04,0.0,0.04,0.0,0.0,0.0,0.01,0.0,0.73,0.26,0.0,0.0,3,1
884,0.5353181842458128,0.3903215630448958,7.245350934910488,1.3363388676170165,5.690788871236735,3.2395286222785162,3.490163023402608,1.8204054694259608,168.28,97.57298019762676,199.68,102.15880685570784,4.27920968250615,1.6560528403973176,3.365240333429891,1.9208242968048033,1.7196304464416077,0.12223112232281383,3.733957300593036,2.061474156556323,0.46,0.0,0.01,0.05,0.04,0.34,0.0,0.02,0.0,0.08,0.0,0.0,0.0,0.01,0.0,0.79,0.14,0.06,0.0,4,1
885,0.4720609569080188,0.3302377939872983,7.065629042268572,1.5307601372227908,5.209054812595597,2.792359208924546,4.397263662538043,3.220636651766346,196.4,88.42870780259295,199.68,102.15880685570784,3.754887526628238,1.8444904266833608,3.605703266935905,1.926525175391005,1.7416800495592875,0.1472907944223149,3.440708151659264,1.8377172169244493,0.58,0.0,0.0,0.0,0.0,0.33,0.0,0.0,0.0,0.09,0.0,0.0,0.0,0.01,0.0,0.79,0.15,0.05,0.0,5,1
886,0.437021411193972,0.33291804093296423,6.679856156783878,1.3386606220945194,5.1847755266005295,3.1836719958883384,4.8676065603532574,3.7964388975702357,200.92,88.12774016085166,192.12,107.25663361557389,3.7249909173473092,2.249955064233335,3.53857088956758,2.0804456703277348,1.7076108774365326,0.1308780143338072,3.3956565440533506,2.007198424331912,0.65,0.0,0.01,0.02,0.01,0.27,0.0,0.01,0.0,0.03,0.0,0.0,0.0,0.02,0.0,0.75,0.23,0.0,0.0,5,1
887,0.39495546907806967,0.31075196890669743,6.389978856219103,1.3789238991432597,4.378142168382705,3.307109173768834,4.968144500281794,4.124738267381809,199.06,91.65964931817769,166.32,119.97599759951989,3.4072559397933,2.35865363970778,3.253861277667876,2.528320062536032,1.7010632398448393,0.11459203339624185,2.926993879322243,2.23111392154017,0.74,0.0,0.0,0.01,0.04,0.17,0.0,0.0,0.0,0.04,0.0,0.0,0.0,0.0,0.0,0.66,0.34,0.0,0.0,13,1
888,0.3506699648840859,0.3013792726772669,6.492820149504833,1.3545653152928074,4.424839092641513,3.519918529608849,6.024727561159067,4.417484421092623,195.16,90.73267650553788,163.8,120.80186633115778,3.185170482214487,2.446724989397758,3.0440187723313685,2.289149989930195,1.7290718677942385,0.11327260757665049,2.9552857553932426,2.3049208954705023,0.71,0.01,0.0,0.0,0.0,0.26,0.0,0.01,0.0,0.0,0.0,0.0,0.01,0.0,0.0,0.65,0.35,0.0,0.0,8,1
889,0.34548646008253237,0.38905605005444144,6.106699926703625,1.546785120434818,3.3412459265298584,3.641418783496548,7.092342764599452,4.715223198849848,209.84,81.20689625887692,120.96,126.53341635530693,2.6056507266760014,2.5100906271374,2.2541460269527547,2.395043415476584,1.6828958794896165,0.11810119012082243,2.1833083945444876,2.3567657548518812,0.7,0.0,0.0,0.03,0.04,0.18,0.0,0.01,0.0,0.04,0.0,0.0,0.0,0.0,0.0,0.48,0.41,0.11,0.0,8,1
890,0.2908645354198806,0.31677894311836846,6.058355980778779,1.5447375129594445,3.703323414049326,3.7127927438046178,7.22566445323744,4.391884453052736,213.68,78.59715470214381,133.56,126.40661662774119,2.4140043260963555,2.331602664924031,2.426473921118438,2.4086182187167213,1.6697090607266438,0.11946020196742109,2.432815921182311,2.4112405848310394,0.71,0.0,0.0,0.01,0.03,0.21,0.0,0.02,0.0,0.02,0.0,0.0,0.0,0.0,0.0,0.53,0.17,0.3,0.0,7,1
891,0.22368882136431636,0.3280290038170673,6.144829934896089,1.8506693280705901,2.9241287483253195,3.6128092860971073,8.024525977105784,4.43809931160489,223.28,70.74296624207436,100.68,122.16108590337151,1.7062269161242014,2.1256250253931865,1.6995421941810491,2.2047555513002406,1.7154845339270763,0.1475242254485386,1.94813624410202,2.3605838650717392,0.76,0.02,0.0,0.02,0.01,0.17,0.0,0.01,0.0,0.01,0.0,0.0,0.0,0.07,0.0,0.36,0.33,0.24,0.0,14,1
892,0.2477306599644925,0.31955462985610195,6.2198804571250745,1.6268413979257725,2.956654322470597,3.5358344857050477,7.975122471129492,4.403395203818129,223.28,70.74296624207437,106.44,124.6336303658921,2.0563380658413615,2.510441850328037,2.017076014166682,2.535680114355574,1.7223146901925717,0.15517206904349384,1.9479242800343624,2.3329116755331203,0.76,0.0,0.01,0.04,0.01,0.15,0.0,0.01,0.0,0.02,0.0,0.0,0.0,0.01,0.0,0.42,0.28,0.29,0.0,8,1
893,0.4613019376051526,0.4943888490499648,6.791055942639214,1.6093184986014304,3.9590254106495575,3.7864762126511735,6.127598465365857,4.522123831873279,219.44,74.13560057575086,135.36,124.89506868494921,3.0965942636793424,2.5757463688341513,2.5742241528872607,2.3972086995985147,1.7425035491850087,0.12776612135230836,2.567550657728954,2.414488463813345,0.69,0.02,0.01,0.05,0.02,0.16,0.0,0.02,0.0,0.03,0.0,0.0,0.0,0.04,0.0,0.52,0.4,0.04,0.0,14,1
894,0.4680777692272634,0.5040601880323248,7.0689707178810375,2.0140394753954998,3.5350797792669266,3.7181236386149727,6.307166259702532,4.64127005014173,219.44,74.13560057575087,126.0,126.63476472266072,2.988111897873677,2.5902339308287066,2.2048033898697357,2.2688809488898842,1.7718724493744176,0.15132161567415886,2.238419522498134,2.3391385924670938,0.73,0.0,0.03,0.03,0.0,0.12,0.0,0.01,0.0,0.08,0.0,0.0,0.0,0.0,0.0,0.5,0.39,0.11,0.0,12,1
895,0.3114557339324392,0.3578976724756335,6.432526436001418,1.6063247940567025,3.6016143499165914,3.6245666161656414,7.252133886729719,4.423748036750403,215.6,77.18690421190749,131.04,126.53341635530693,2.3724160977483986,2.3686454775743653,2.4000774361180155,2.3965509912671377,1.729382031332146,0.13553678939720143,2.3401998799726864,2.3643103789026094,0.75,0.0,0.01,0.02,0.0,0.15,0.0,0.01,0.01,0.05,0.0,0.0,0.0,0.0,0.0,0.52,0.48,0.0,0.0,10,1
896,0.21201489589263273,0.3176910116252858,6.014320478173818,1.747150384304118,2.709444580343716,3.5266583341667914,7.2319781818101365,4.85752197894406,195.96,97.1816917537517,96.36,122.60748901937583,1.9813306078478703,2.512430625652135,1.6772401147203495,2.1944026014237963,1.7084731073308368,0.13865540981463365,1.787542419751491,2.3333251512270357,0.78,0.01,0.01,0.01,0.02,0.14,0.0,0.0,0.0,0.03,0.0,0.0,0.0,0.01,0.0,0.38,0.41,0.2,0.0,15,1
897,0.18001080606058084,0.2661302918685466,5.816231250090324,1.4874801011043526,2.671140430864429,3.7279972399561894,9.031278981254843,4.25962376654438,221.36,72.48483226917828,93.24,122.27961994766525,1.5691268111205283,2.137002777983867,1.5900930276914869,2.2092876970978605,1.6783774826703854,0.11814933530312571,1.7237019408831218,2.3561598360160128,0.76,0.0,0.0,0.02,0.0,0.17,0.0,0.02,0.0,0.03,0.0,0.0,0.0,0.0,0.0,0.37,0.39,0.24,0.0,10,1
898,0.1575539536096042,0.2262633853564087,6.601265152620108,1.7175135239982462,2.9493074804339465,3.7547447837972245,8.779221066830221,3.892808090398279,207.92,82.41306163025814,100.8,124.07622290716736,1.407443581422554,1.7647761380066163,1.496667654759101,1.873179499980597,1.78433774815787,0.146220491986735,1.8903777835004478,2.4184882490360264,0.73,0.0,0.0,0.02,0.02,0.12,0.0,0.0,0.0,0.11,0.0,0.0,0.0,0.0,0.0,0.4,0.6,0.0,0.0,12,1
899,0.256713590593462,0.23248361533916204,6.670282957264646,1.4297500510015404,4.256884959638095,3.3803867344809104,6.4941146193936525,3.814624195477947,206.0,83.55727485873497,156.84,122.30816519238311,2.430938496271293,1.8484915077719037,2.457601578693186,1.963449670200339,1.728769889901624,0.12810312627201648,2.7868276114866717,2.2174225720896388,0.65,0.0,0.01,0.06,0.05,0.16,0.0,0.01,0.0,0.06,0.0,0.0,0.0,0.02,0.0,0.61,0.37,0.0,0.0,13,1
900,0.2536995184651867,0.3072714061683553,6.275033894482047,1.6050138293399878,3.0921223394230175,3.5881304912940286,7.399081807762912,4.266595172268506,221.36,72.4848322691783,113.4,125.99999999999999,2.1421759844706845,2.021848447656252,1.806231774714297,2.048190676988809,1.6873022680488778,0.12497799935064845,2.043966028147588,2.357354956901891,0.79,0.0,0.0,0.02,0.04,0.1,0.0,0.01,0.0,0.04,0.0,0.0,0.0,0.0,0.0,0.45,0.34,0.21,0.0,10,1
901,0.23212867712486937,0.2579776011802971,6.509739314978805,1.4514594864496917,3.739597268011588,3.52693280890927,7.405504248109317,4.212124504458133,211.76,79.9359743794995,138.6,126.0,2.1402831049318514,1.941474368610239,2.242104984252112,2.0771047424092437,1.7362708210333648,0.1112486437450206,2.453660052222178,2.309911615522704,0.67,0.0,0.01,0.03,0.03,0.19,0.0,0.0,0.0,0.07,0.0,0.0,0.0,0.0,0.0,0.55,0.45,0.0,0.0,12,1
902,0.17604383591619996,0.22726284964623017,6.004118919987477,1.4122992735126179,2.7718712527578537,3.412444171056846,8.415717276900038,4.194667226483969,232.88,60.37747924516227,105.84,125.00333086471228,1.682073527244868,1.9990669666425882,1.7704655425759308,2.125411979424529,1.7009016387525073,0.12212175979170897,1.8088521915501936,2.223835146575753,0.81,0.0,0.0,0.01,0.0,0.14,0.0,0.01,0.0,0.03,0.0,0.0,0.0,0.0,0.0,0.42,0.43,0.15,0.0,11,1
903,0.14190454757061463,0.23210584416381508,5.882405941105858,1.262281491002779,2.492863008440031,3.5515562582686515,8.468895952354917,4.433079564272638,216.34,81.64869561082709,90.72,121.56937413375434,1.3395852325570048,1.8859395211308418,1.3754738203484822,1.9608954368743614,1.7133124465126648,0.11835006664675947,1.6591228510985618,2.317018043752072,0.8,0.0,0.02,0.03,0.0,0.13,0.01,0.0,0.0,0.01,0.0,0.0,0.0,0.02,0.0,0.34,0.51,0.13,0.0,12,1
904,0.22872830430136518,0.2613573950020527,6.309652297435713,1.6435234803443395,3.34526470608607,3.832222270224293,6.6452308263467765,4.520905075969568,195.9,94.71888231322552,115.92,126.22888302243233,2.1298733665301577,2.079719305812698,1.7736473100209198,1.9806001020350967,1.7239077127000322,0.10764475769865978,2.189098037645772,2.4994455350332943,0.7,0.0,0.0,0.01,0.0,0.2,0.0,0.03,0.0,0.06,0.0,0.0,0.0,0.0,0.0,0.46,0.54,0.0,0.0,13,1
905,0.19599944539478983,0.2508371226319444,5.997797826390776,1.3990021340223835,2.768793426025904,3.5734703473728318,8.45100713043399,4.358032433831208,217.52,75.7012309255032,98.28,123.5321967600497,1.7503051281453608,2.1034627241366,1.6232198343004243,2.0680283965665622,1.70192512823278,0.10567219214615521,1.8015375774439377,2.3260970848401934,0.77,0.0,0.0,0.03,0.02,0.11,0.0,0.02,0.0,0.05,0.0,0.0,0.0,0.0,0.0,0.39,0.47,0.14,0.0,9,1
906,0.15379809166153235,0.24648884015712835,5.992951568420055,1.2996223661565867,2.5291555882428476,3.5103504406182444,8.940637044023104,4.032947444898842,219.44,74.13560057575084,86.88,119.40604522537222,1.3540010574368881,1.9264298043969077,1.394589909727941,1.9873421632455508,1.7242934448677882,0.10372657396926119,1.6847021361986352,2.32452559477128,0.78,0.0,0.0,0.01,0.02,0.12,0.0,0.03,0.0,0.03,0.0,0.0,0.01,0.02,0.0,0.34,0.62,0.02,0.0,7,1
907,0.20547774536260913,0.2600155271585498,6.208554266773865,1.30416472649153,3.527057296925746,3.717772988471071,7.587545278394772,4.142091394312262,207.92,82.41306163025816,126.0,126.6347647226607,2.027739405356196,2.0118472875513715,1.9510745234684188,2.0487676802797377,1.702727289806428,0.10088686608205208,2.3029627610365395,2.409523206097772,0.66,0.0,0.0,0.06,0.01,0.22,0.0,0.01,0.0,0.03,0.01,0.0,0.0,0.0,0.0,0.5,0.42,0.08,0.0,8,1
908,0.17032947520201894,0.22693822405015085,6.128156946243017,1.1429884879840961,2.4567111228041885,3.513587122506373,8.252965917092196,4.06194408159864,215.6,77.18690421190749,85.68,119.97599759951991,1.6602105316422149,1.9252977761574133,1.2874165619957623,1.8294881808434658,1.7146472467252385,0.10119055279855307,1.6327436539004572,2.353786353833438,0.73,0.0,0.0,0.05,0.05,0.14,0.0,0.0,0.0,0.02,0.0,0.0,0.01,0.0,0.0,0.34,0.61,0.05,0.0,11,1
909,0.225745268017186,0.2812557015770126,6.425580278884032,1.499853235881554,3.119455814049037,3.6823664915026577,7.902490026250844,4.346394220333379,217.52,75.70123092550321,113.4,125.99999999999999,1.9575103701516465,2.0463730288722113,1.8360774262174697,2.12365898638052,1.7348021378466236,0.14366915107412626,2.0564617207692515,2.3915428561206835,0.69,0.0,0.0,0.0,0.0,0.26,0.0,0.01,0.0,0.04,0.0,0.0,0.0,0.0,0.0,0.45,0.42,0.13,0.0,9,1
910,0.2364264878314506,0.2657381827142723,6.449290450215296,1.6326255838315282,3.5060251827898465,3.472342668716995,7.644118886861679,4.349164932406106,213.68,78.5971547021438,131.04,126.5334163553069,2.128550667818484,2.109748795470149,2.198048954521981,2.1884011671677137,1.7321655350741312,0.12736141061941714,2.27252134881195,2.2587308514295725,0.68,0.0,0.0,0.05,0.01,0.15,0.0,0.01,0.0,0.1,0.0,0.0,0.0,0.01,0.0,0.51,0.39,0.09,0.0,9,1
911,0.2696682440660401,0.3277596334601507,6.574718882034213,1.4881196922569302,3.784107644058896,3.6551372999153777,7.344726756114101,4.328722348713391,225.2,68.90309400626624,136.68,125.71708497473786,2.2284197956130676,2.1647532400896843,2.3423548528137967,2.2854892650733545,1.750448453249616,0.12198274976300597,2.4642949377314074,2.34485421731209,0.74,0.0,0.0,0.01,0.01,0.14,0.0,0.03,0.0,0.05,0.01,0.0,0.01,0.01,0.0,0.54,0.45,0.0,0.0,9,1
912,0.1688925693486407,0.2477966016601158,5.714109073782181,1.0855621270489804,2.214905426529113,3.1722074746455897,8.842862630021834,4.326928697275245,229.04,64.89555244600918,85.68,119.97599759951989,1.5881757030246364,2.1605852801372905,1.5356306971211888,2.1869085697123616,1.6881212768553977,0.0884924306707231,1.4827269399432137,2.1310624868086068,0.81,0.0,0.0,0.01,0.0,0.17,0.0,0.0,0.0,0.01,0.0,0.0,0.0,0.0,0.0,0.34,0.44,0.22,0.0,14,1
913,0.1298025918545474,0.23394194755284972,5.805986840747644,0.8755844290010091,1.65768873017233,2.7651474014055624,9.13578962568039,4.195105476626703,242.48,45.82718526258087,68.04,112.44140292129538,1.4459457146572812,2.240106861891375,1.1321685580554344,1.94389019774906,1.7234847371471036,0.06811075154852904,1.1120355950322522,1.8587473129379235,0.85,0.0,0.0,0.0,0.0,0.13,0.0,0.01,0.0,0.01,0.0,0.0,0.0,0.0,0.0,0.27,0.73,0.0,0.0,22,1
914,0.1405185178590378,0.2400021025541887,5.951074837759364,1.3187200020377816,1.8695581961415229,3.0782396050471847,9.267779553554696,3.97664793588803,236.72,55.22371032281496,70.56,113.71773668326168,1.3168915901880025,2.0988103387489785,1.2818995390010428,2.1326852245621657,1.7379172141768107,0.09592718463104828,1.244960439749809,2.0578802453908005,0.84,0.0,0.0,0.01,0.02,0.11,0.0,0.0,0.0,0.02,0.0,0.0,0.0,0.0,0.0,0.28,0.72,0.0,0.0,17,1
915,0.10631989420980366,0.23404577687859346,5.842264171043205,1.1250295803783121,1.6868374701355233,3.098111683262819,9.609600233492449,4.070443986008648,229.04,64.89555244600919,60.48,108.16714338971381,0.9945140914810497,1.7669059397753282,0.9553898164642353,1.7279678659213837,1.7327039918602518,0.08489648686874929,1.1255701851373898,2.074290056904562,0.81,0.0,0.01,0.01,0.02,0.12,0.0,0.0,0.0,0.03,0.0,0.0,0.0,0.0,0.0,0.24,0.75,0.01,0.0,20,1
916,0.11272568827192109,0.2030683448041432,5.883063573441087,0.9205398065711659,1.9151830226272255,3.2891984589550236,9.701301724418158,3.7236463427519038,232.88,60.37747924516227,68.04,112.44140292129536,1.0864055028309565,1.807936885138246,1.0953991794537097,1.864797298672834,1.7344211357710868,0.09932688603332979,1.2539726729199345,2.14510192721712,0.86,0.0,0.0,0.02,0.01,0.1,0.0,0.01,0.0,0.0,0.0,0.0,0.0,0.0,0.0,0.27,0.73,0.0,0.0,15,1
917,0.17983163187953985,0.3043977123310109,6.155230312267953,1.602222342270919,2.25944719730026,3.239467790842981,8.757179264669848,3.988201263501348,230.96,62.70693741524936,85.68,119.97599759951989,1.442168989002409,2.0263242189451787,1.5015022822461515,2.1842505273432673,1.734250936562284,0.1024817382190981,1.4586277739747984,2.089579227065411,0.81,0.0,0.0,0.02,0.01,0.14,0.0,0.0,0.0,0.02,0.0,0.0,0.0,0.02,0.0,0.32,0.66,0.0,0.0,16,1
918,0.2826496717655178,0.3890961222456281,6.2551606956085575,1.6450026197456544,3.0859586350923522,3.7514540711777484,7.858574744102693,4.43444499372692,219.44,74.13560057575089,108.36,125.38760269297326,2.074844737438191,2.3840583222440688,1.9172293290103462,2.303809664288037,1.7205679643639635,0.09148607668338321,1.956660901802541,2.352876239104511,0.76,0.0,0.0,0.03,0.0,0.16,0.0,0.01,0.0,0.04,0.0,0.0,0.0,0.0,0.0,0.43,0.57,0.0,0.0,15,1
919,0.19353777803059832,0.34655373560481295,5.957523519282042,1.416589073468898,1.8499954270231882,3.148324494853164,9.322653742390749,4.1663881867862465,238.64,52.350705474103826,68.04,112.44140292129538,1.3762572735271739,2.2246114093592078,1.2862957126386676,2.1806056563560268,1.7323326670823378,0.09905346454399833,1.1867133277825352,2.027358322717708,0.92,0.0,0.0,0.01,0.01,0.03,0.0,0.01,0.0,0.02,0.0,0.0,0.0,0.0,0.0,0.27,0.73,0.0,0.0,20,1
920,0.11983709309113977,0.22092651160603147,5.478354910218584,0.9542639191082866,1.5872919648442467,2.799401467397702,9.727854990519337,4.067037841023826,238.64,52.35070547410381,63.0,109.66892325208966,1.1277591271897247,1.9683339428024609,1.1652095796299502,2.047893842710355,1.6800511597474885,0.08493668429390742,1.0681015126664801,1.8972299805643695,0.9,0.0,0.0,0.02,0.0,0.08,0.0,0.0,0.0,0.0,0.0,0.0,0.0,0.0,0.0,0.25,0.49,0.26,0.0,16,1
921,0.21550633886201173,0.33903528512482345,6.168176468053308,1.578930450398458,2.1999081203593547,3.33517848530894,9.069233718446672,4.320150886126917,227.12,66.95713689979718,80.64,118.14419541006195,1.5018517367720208,2.141439488575069,1.4633923901261596,2.174869897295935,1.7402662599239678,0.10034547035026473,1.3903893376467178,2.0894208443341014,0.79,0.0,0.0,0.06,0.01,0.1,0.0,0.0,0.0,0.04,0.0,0.0,0.0,0.0,0.0,0.32,0.68,0.0,0.0,25,1
922,0.09935406086598189,0.24595357882249363,5.5805035456166365,1.0555111614778152,1.0829156690288064,2.559800951388401,10.423270901156572,3.3426922235789567,240.56,49.235020795438615,40.32,92.8501431927226,0.7564991309019119,1.6788954479360245,0.736837313532085,1.7092046396992924,1.709559453899659,0.08104913437675391,0.7109256904751186,1.6732337826190653,0.9,0.0,0.0,0.0,0.0,0.07,0.0,0.01,0.0,0.02,0.0,0.0,0.0,0.0,0.0,0.16,0.76,0.08,0.0,15,1
923,0.2312985383031182,0.35483219851641035,5.926968020352242,1.3775438946624285,2.7713948034830413,3.8116508810568845,8.398001902156826,4.510820026187805,214.36,80.11677336074744,95.76,122.93359626606993,1.9694855152292758,2.6245988821885007,1.7507975380313872,2.3336655515790423,1.702870391707238,0.09799816234715843,1.7984250359202658,2.4273133853167557,0.77,0.0,0.0,0.0,0.0,0.21,0.0,0.0,0.0,0.02,0.0,0.0,0.0,0.0,0.0,0.38,0.47,0.15,0.0,18,1
924,0.21189770648247047,0.3070483674618652,5.861244741001968,0.9254808787120019,2.6231257524733023,3.6877788744696622,8.849599769768213,4.332558131777253,225.2,68.90309400626626,90.72,121.5693741337543,1.6483856377694517,2.2166063505204825,1.6406749131182046,2.2307042256698213,1.7004902275386997,0.06903901633233413,1.7047918108337654,2.3835416788870583,0.81,0.0,0.0,0.03,0.0,0.13,0.0,0.02,0.0,0.01,0.0,0.0,0.0,0.0,0.0,0.36,0.64,0.0,0.0,20,1
925,0.23118897147291215,0.36923604918944675,5.884017092448315,1.0549127735483874,2.3894227069722103,3.5305639872653094,8.690806994625104,4.351187654259122,232.88,60.37747924516225,85.68,119.97599759951989,1.7171496606868168,2.411986674815713,1.5608284944700508,2.2425597725609228,1.7040177968381551,0.07968865190837508,1.542922328383802,2.261990503045773,0.83,0.0,0.0,0.01,0.02,0.1,0.0,0.01,0.0,0.03,0.0,0.0,0.0,0.0,0.0,0.34,0.66,0.0,0.0,6,1
926,0.10503100855346689,0.2631858855081785,5.796941151582894,1.2847194792277816,1.1020018138980987,2.5918812936688957,10.375524734319688,3.3645384812653765,242.48,45.82718526258087,40.32,92.85014319272263,0.7565354404751864,1.64517607167814,0.6847827952592518,1.5860999645505427,1.7368067439446124,0.08760800996041698,0.7078736152975965,1.6629856361844408,0.94,0.0,0.0,0.0,0.0,0.02,0.0,0.01,0.0,0.03,0.0,0.0,0.0,0.0,0.0,0.16,0.84,0.0,0.0,19,1
927,0.15905303072600685,0.24895670542607778,5.78257167905811,1.142237776105685,2.176387904561509,3.1611460890258116,9.12880040649278,4.192656875271479,227.12,66.95713689979718,83.16,119.09055378156573,1.4372428543074716,2.0744832527818415,1.4918463859679645,2.1578419128356736,1.7030166951793604,0.09458474856963173,1.4529256384730576,2.1186838257389,0.77,0.0,0.01,0.07,0.0,0.14,0.0,0.0,0.0,0.01,0.0,0.0,0.0,0.01,0.0,0.32,0.5,0.17,0.0,13,1
928,0.1539646723579574,0.2906242247038421,5.753830202894421,1.3595072078262183,1.758990364322319,3.0588273721182433,9.75680171349688,4.10582821633073,230.96,62.70693741524935,65.52,111.09268857375565,1.296363291774932,2.2452907581365933,1.2930341658902589,2.2899613649305595,1.7055036249817312,0.10182115028792324,1.163881463867164,2.013828567201543,0.83,0.0,0.0,0.02,0.0,0.12,0.0,0.01,0.0,0.02,0.0,0.0,0.0,0.0,0.0,0.26,0.54,0.2,0.0,14,1
929,0.19225683969644108,0.263093121045817,5.914023952336975,1.014258016288468,2.359521897112726,3.1314534157263907,8.66483894982572,4.396342219542958,227.12,66.95713689979718,93.24,122.27961994766524,1.7921922193716349,2.4388229621033557,1.8717736150785838,2.535219829725275,1.720324419277779,0.09268146369680658,1.589871612236007,2.117757224606688,0.8,0.0,0.0,0.0,0.0,0.18,0.01,0.0,0.0,0.01,0.0,0.0,0.0,0.0,0.0,0.37,0.55,0.08,0.0,13,1
930,0.2949590612432209,0.3343458461596465,6.3894400214607865,1.1509194424543525,3.3935965683039893,3.2663365676575484,7.0000081808505215,4.490334431544777,207.92,82.41306163025816,133.56,126.40661662774117,2.519928800672892,2.3274283789141417,2.501725116488963,2.3851526082783323,1.7448266863264827,0.08599687792175428,2.2988622912817904,2.2260895949963913,0.74,0.0,0.0,0.03,0.01,0.22,0.0,0.0,0.0,0.0,0.0,0.0,0.0,0.0,0.0,0.53,0.45,0.02,0.0,12,1
931,0.21011172713737444,0.3504760714990715,6.0146890897143885,1.0497202577306999,2.265982524131973,3.2745964055734267,8.367108244887332,4.353168371151871,230.96,62.70693741524937,85.68,119.97599759951991,1.7030926995521576,2.237870880301797,1.53410650462948,2.1952824535646887,1.7224865732895456,0.05598427805920178,1.545302200084366,2.236775151914267,0.82,0.0,0.0,0.01,0.0,0.17,0.0,0.0,0.0,0.0,0.0,0.0,0.0,0.0,0.0,0.34,0.64,0.02,0.0,5,1
932,0.3371225676333892,0.4691748079346081,6.393444074329065,1.6644074459641875,2.7195527068677836,3.6782498340883816,7.889172492809238,4.636804998696501,217.52,75.70123092550321,95.76,122.93359626606996,2.1412202135762026,2.443281332277159,1.7281409858051264,2.247840442925743,1.7287246252612676,0.10809416689445217,1.7315171688978768,2.305596809280229,0.79,0.0,0.01,0.05,0.03,0.1,0.0,0.0,0.0,0.02,0.0,0.0,0.0,0.0,0.0,0.38,0.62,0.0,0.0,4,1
933,0.4145329611117921,0.41555281271959604,6.737997889576299,1.5803386668125912,3.8461189367636566,3.416402650171582,6.117359526062671,4.418465873766849,223.28,70.74296624207436,146.16,125.00333086471227,3.0038389207670337,2.3973595549102718,2.805758291161396,2.465047957647227,1.7474676967254847,0.1309322696682832,2.5196899146962783,2.2487661064322695,0.68,0.0,0.0,0.02,0.01,0.22,0.0,0.02,0.0,0.05,0.0,0.0,0.0,0.0,0.0,0.58,0.42,0.0,0.0,5,1
934,0.551926008187046,0.33951960723605623,7.176429136792458,1.731225287673034,6.171843076806903,3.189554316690599,4.168498663190758,2.96842394089254,186.8,92.03951720469163,206.52,94.98394122644676,4.038088880888128,1.6567641195617504,3.7839682914465254,1.9435255093284343,1.7163299584988345,0.1504722694418469,3.9724565329462806,1.9568604080693957,0.57,0.0,0.01,0.03,0.04,0.23,0.0,0.03,0.01,0.08,0.0,0.0,0.0,0.04,0.0,0.81,0.15,0.0,0.0,5,1
935,0.39595041636377715,0.388405280181537,6.449013220375917,1.5846286523789939,3.791869065155664,3.483416556589748,6.255028660615899,4.365185103727776,225.2,68.90309400626623,141.72,125.18141017956881,2.8478013642726934,2.3211066653682932,2.6329417202725023,2.4078864847802146,1.6953144143855214,0.12454695360814076,2.4729470554910007,2.2612094097421265,0.76,0.0,0.0,0.01,0.0,0.16,0.0,0.03,0.0,0.04,0.0,0.0,0.0,0.01,0.0,0.56,0.43,0.0,0.0,5,1
936,0.37842329193391433,0.43003475658159757,6.537256559767984,1.7729486847743265,3.4978615094188283,4.007448263999843,7.143850149537484,4.483327209711791,206.0,83.55727485873494,118.44,126.40661662774116,2.469297974773209,2.4092331070925637,2.1224647547333086,2.327458612602622,1.7265208899802256,0.12294608572942826,2.2093978457428833,2.4852543139482015,0.67,0.0,0.02,0.02,0.04,0.12,0.0,0.05,0.0,0.08,0.0,0.0,0.0,0.0,0.0,0.47,0.53,0.0,0.0,4,1
937,0.2729503071949276,0.2796435876162675,6.411147368492941,1.3959723757496172,3.6125396786287234,3.2052174349609195,6.677364741966483,4.449668245914653,208.6,83.91072697224178,143.64,125.38760269297327,2.6998248269912724,2.5261811973215154,2.6193254609425707,2.391339611907822,1.7464829575281107,0.11459690135215679,2.4404576346274216,2.1753353791219,0.72,0.0,0.02,0.0,0.0,0.24,0.0,0.01,0.0,0.01,0.0,0.0,0.0,0.01,0.0,0.56,0.43,0.0,0.0,4,1
938,0.38004280457679745,0.37641781836533816,6.6560196982988336,1.5567742578211143,3.8842590709059395,3.662003435423602,6.329505422148811,4.269965197003145,213.68,78.59715470214381,139.2,125.47509713086498,2.8119309074273007,2.2679114786352668,2.469078206361138,2.300147566460176,1.7278289822599868,0.12445032530295758,2.5608069230317185,2.420298127116894,0.63,0.01,0.01,0.02,0.02,0.24,0.0,0.02,0.0,0.05,0.0,0.0,0.0,0.01,0.0,0.55,0.44,0.0,0.0,6,1
939,0.19741003525951656,0.335390365394528,6.104243430206018,1.3845855935077624,2.236843869925683,3.465648772786369,9.034150502749046,4.200506417214267,230.96,62.70693741524938,80.64,118.14419541006197,1.4745231718770606,2.1261750949402436,1.4090419425178404,2.1300160351392314,1.7352372401877119,0.1026910336118543,1.4349130840800661,2.2034717227201788,0.77,0.0,0.01,0.01,0.01,0.16,0.0,0.02,0.0,0.02,0.0,0.0,0.0,0.0,0.0,0.32,0.68,0.0,0.0,4,1
940,0.11597747418097365,0.21459110846898366,5.768556544125645,1.083784586901345,1.9984760188483413,3.442786915198023,9.785587842563503,3.8345601100221898,230.96,62.706937415249364,68.04,112.44140292129538,1.0609651852400825,1.8111840742398435,1.059368190321174,1.8271374614633615,1.7178729404354878,0.0856923219755154,1.3507331340605537,2.316279466929069,0.8,0.0,0.01,0.0,0.01,0.14,0.0,0.01,0.0,0.02,0.01,0.0,0.0,0.01,0.0,0.26,0.73,0.0,0.0,3,1
941,0.21094952496573371,0.33766396615164523,6.001540131998487,1.165250015500088,2.4555244458432908,3.653446185749793,8.83993861611218,4.287881917975177,229.04,64.89555244600916,83.76,118.818180427071,1.6054933048380655,2.195838124676524,1.4493677375602159,2.117474092581377,1.7195659056746868,0.08395313266552078,1.597675263981906,2.3379399321190037,0.83,0.0,0.0,0.03,0.01,0.08,0.0,0.04,0.0,0.01,0.0,0.0,0.0,0.01,0.0,0.33,0.66,0.0,0.0,5,1
942,0.26775269379601213,0.3215133216551282,6.368178691977473,1.5398646988157811,2.8377616810313473,3.503169142697342,7.327330058441237,4.452547842404879,223.28,70.74296624207436,105.84,125.00333086471228,1.9855496923310627,2.16892963377462,1.8789005488037833,2.2684835395730207,1.7272872497865435,0.10968142673860251,1.8221800808715762,2.227808523117019,0.77,0.0,0.01,0.02,0.02,0.13,0.0,0.0,0.0,0.05,0.0,0.0,0.0,0.0,0.0,0.42,0.58,0.0,0.0,4,1
943,0.22601540033337272,0.36993562497456417,6.009095315456773,1.4211215784792999,1.532538644394074,2.904382432144382,8.840291802413223,4.197921867118994,244.4,42.05623940305734,57.96,106.584051339776,1.486652046648622,2.1400659430297946,1.0445847132363348,1.9338404721683535,1.712461703690468,0.08735658835546609,0.9825966264375225,1.8487920989188484,0.9,0.0,0.0,0.0,0.01,0.04,0.0,0.01,0.0,0.03,0.0,0.0,0.01,0.0,0.0,0.23,0.77,0.0,0.0,4,1
944,0.3664612760129835,0.29868999109464156,6.734218031432879,1.6441825633022515,4.500012858808919,3.3148313947542714,6.080588094963952,4.111852054822374,213.68,78.59715470214383,168.84,119.09055378156576,2.908260657769518,2.0949936799430415,3.0623484201160904,2.200045927323703,1.7341056797225431,0.12689292181484846,2.8978138823532724,2.1241264975219507,0.68,0.0,0.0,0.02,0.01,0.18,0.0,0.01,0.0,0.1,0.0,0.0,0.0,0.0,0.0,0.67,0.33,0.0,0.0,5,1
945,0.3879355391005495,0.34403240984590483,6.554243657942026,1.4708352060488326,4.821445580750292,3.716437763292501,6.014619495461258,4.141876379328533,202.16,85.66964032098693,168.84,119.09055378156573,3.0966241519013504,2.3125183434856598,3.0956784408178284,2.3861232517914277,1.700665828097013,0.12697202375904532,3.14738102449698,2.3889817728615177,0.63,0.0,0.01,0.08,0.01,0.22,0.0,0.02,0.0,0.02,0.0,0.01,0.0,0.0,0.0,0.67,0.32,0.01,0.0,5,1
946,0.39944936755392796,0.3444919164482744,6.748440192825492,1.9042222850481867,4.195783033167405,3.514067810132119,5.422125662709101,4.211399392412113,205.44,87.5904519495548,156.24,122.93359626606997,3.176367406590901,2.346105486784188,2.9657445389680555,2.5092854067521926,1.7240974283458552,0.162036774407688,2.7447692039795117,2.270142189106376,0.72,0.0,0.0,0.02,0.0,0.21,0.0,0.02,0.0,0.03,0.0,0.0,0.0,0.0,0.0,0.62,0.38,0.0,0.0,6,1
947,0.34325240797094586,0.23806337789547735,7.142453568437563,1.3065277980860395,5.2506059144193555,3.3379448560016005,5.37728261860249,3.480189504554289,204.08,84.64204843714714,187.08,110.23406502034246,3.133951618023201,1.7956769322374677,3.1022460468992445,1.9020299500067834,1.7706823372246145,0.16796360721607603,3.473066396148185,2.2158514168319186,0.67,0.0,0.0,0.03,0.03,0.2,0.0,0.03,0.0,0.03,0.0,0.01,0.0,0.01,0.0,0.74,0.25,0.0,0.0,4,1
948,0.4220672460307044,0.2959452474860049,7.2519601554383835,1.8223514711821536,5.966506175685733,2.692079985964206,4.484596535242716,2.703144540332964,177.2,94.53426507212754,209.04,92.7664516161664,3.54554727809773,1.4626223731785921,3.448619420529129,1.7045798410278497,1.7412939120633333,0.14749174925834352,3.9429022581806636,1.7881892479716022,0.51,0.0,0.0,0.04,0.03,0.29,0.0,0.03,0.0,0.1,0.0,0.0,0.0,0.04,0.0,0.82,0.14,0.0,0.0,5,1
949,0.45717224419583485,0.3885712598673249,7.0669322023434304,1.7221894774336712,5.1266655534943775,3.542392941496829,5.087318592197393,3.5552066649266516,206.0,83.55727485873496,181.44,113.71773668326166,3.3573266801428368,1.889370001388742,3.0836223287496294,2.0965859009771575,1.7154500178179348,0.14687144317582343,3.3415634084209955,2.303679687133921,0.68,0.0,0.02,0.03,0.01,0.18,0.0,0.01,0.0,0.07,0.0,0.0,0.0,0.0,0.0,0.72,0.28,0.0,0.0,4,1
950,0.4312974294963323,0.28010824815480917,7.415647291549943,1.744528678019839,5.736593429458885,3.0783663865261333,4.771499282484708,3.1063127618017443,190.64,90.73566002405009,202.2,100.27416960967109,3.44300238589725,1.551098644522948,3.3509972625004902,1.7049860988038334,1.7574651115512137,0.16566729553339246,3.6608930630224137,1.956109655805314,0.55,0.0,0.01,0.1,0.01,0.24,0.0,0.01,0.0,0.08,0.0,0.0,0.0,0.01,0.0,0.8,0.19,0.0,0.0,3,1
951,0.35788761404770136,0.21350684132210138,7.136705733700435,1.4164949719556978,5.971594679830674,2.916309272602681,4.838357875785993,2.8741720482259816,190.64,90.73566002405005,204.0,97.08478019470687,3.312962215364627,1.5616083033365094,3.2649037209996585,1.7666273834905466,1.7398879028756078,0.15273500130197035,3.9798925588296554,1.97184349248871,0.55,0.0,0.01,0.04,0.05,0.31,0.0,0.01,0.0,0.03,0.0,0.0,0.0,0.05,0.0,0.79,0.16,0.0,0.0,4,1
952,0.34804968371515393,0.4091635112137443,6.603451097753419,1.9657390286332617,3.1639603029002488,3.578203284841423,7.081239916293506,4.560214156968239,223.28,70.74296624207437,110.16,124.23297761573909,2.471099437818609,2.448800165316951,2.2095739248027026,2.5154697793240914,1.7490389963198014,0.14278291117626252,1.986159245948717,2.2290891537863966,0.77,0.0,0.0,0.04,0.01,0.08,0.0,0.01,0.0,0.09,0.0,0.0,0.0,0.03,0.0,0.43,0.54,0.0,0.0,20,1
953,0.23205916416602096,0.30876649063818273,6.225076932883209,1.455495512775084,3.113992391871978,3.5270001353398195,7.988116997090806,4.3992147890732225,229.04,64.89555244600918,112.08,124.93163221247342,1.9649417213830958,2.150320916286564,1.9646420035997294,2.286595524957239,1.7221007249039306,0.10696420367783073,2.0715992018960496,2.3525707803846885,0.79,0.0,0.0,0.01,0.03,0.12,0.0,0.02,0.0,0.03,0.0,0.0,0.0,0.02,0.0,0.44,0.54,0.0,0.0,23,1
954,0.2506433210490235,0.36741876427795805,6.225993402040035,1.422501372222682,2.2125725005361345,3.256918139749317,8.331112816339472,4.564618656823536,227.12,66.95713689979718,83.16,119.09055378156573,1.8834803921309287,2.392320747354874,1.4514596445470638,2.110050479224139,1.741802331611558,0.11116490756546545,1.4482565268604497,2.138980729281725,0.78,0.0,0.02,0.05,0.01,0.11,0.0,0.0,0.0,0.03,0.0,0.0,0.0,0.0,0.0,0.33,0.67,0.0,0.0,22,1
955,0.2817308799741767,0.31013104385896767,6.499811100585914,1.6823015252432603,4.373244572171949,4.104999383638306,7.3005792549408,4.244630890908028,198.32,87.56122014183718,143.64,125.38760269297323,2.3238603274936236,2.3308572065625324,2.3526910250999187,2.393353437268179,1.7218451955680856,0.12092834504979665,2.860941351875308,2.63219581955495,0.65,0.0,0.03,0.04,0.04,0.16,0.0,0.05,0.0,0.03,0.0,0.0,0.0,0.03,0.0,0.54,0.43,0.0,0.0,14,1
956,0.2671936889841875,0.24186953193075644,6.364860719832896,1.0203091690573012,4.348296353802883,3.431137047625844,6.476722732155745,4.023206198031624,190.64,90.73566002405005,161.28,121.5693741337543,2.710972592480758,2.1951039903934357,2.81744448463822,2.2803518877054767,1.7083350314911163,0.08243993150212107,2.9251538494363696,2.2947304071127927,0.61,0.0,0.0,0.03,0.0,0.32,0.0,0.02,0.0,0.02,0.0,0.0,0.0,0.0,0.0,0.64,0.36,0.0,0.0,11,1
957,0.2825731882637422,0.2217182635307545,6.565508609394157,1.3378148847875035,4.762769789399415,3.353301596139727,6.0690624497616295,3.8662174933046862,175.28,94.90772552135238,173.88,117.13544607535641,2.8064210358167476,1.915704701556166,2.8849910716692206,1.996967043028302,1.7191710606858452,0.1018661455681875,3.216539359791566,2.2621160611464144,0.48,0.0,0.0,0.02,0.02,0.44,0.0,0.01,0.0,0.03,0.0,0.0,0.0,0.0,0.0,0.69,0.31,0.0,0.0,14,1
958,0.36607654119374333,0.32829837160923825,6.515870940486402,1.3312900963847707,4.319825883670458,3.621322159174042,6.570094389730887,4.556532503437875,221.36,72.48483226917828,156.24,122.93359626606996,2.8328785858229377,2.264202055232096,2.9227173134526185,2.354481357835493,1.7259028447176712,0.10687687993510285,2.8290478013868006,2.3386063964983426,0.8,0.0,0.0,0.0,0.0,0.15,0.0,0.01,0.0,0.03,0.01,0.0,0.0,0.0,0.0,0.62,0.38,0.0,0.0,11,1
959,0.3987089537010715,0.41705300426834174,6.6380496963858135,1.5253801887012075,3.7141000477758013,3.6241102215629257,6.673877191811025,4.704862077580894,227.12,66.95713689979719,136.08,126.22888302243234,2.8210857041142496,2.4625451623771637,2.5069232377708874,2.3726443754476456,1.7385706248192607,0.11942656055310219,2.41870886230899,2.3349989737472554,0.76,0.0,0.0,0.0,0.0,0.19,0.0,0.01,0.0,0.04,0.0,0.0,0.0,0.0,0.0,0.54,0.46,0.0,0.0,16,1
960,0.37876269656076267,0.35109770706582955,6.979212317242903,2.093165801248076,4.119514980990848,3.5359351426897283,6.701188377926004,4.334490608377361,219.44,74.13560057575089,149.28,123.98615758514042,2.5553694268704836,2.217801924682962,2.791001464931902,2.370479612146564,1.7664667969943841,0.15785739438595148,2.6083840002046044,2.248092796359251,0.77,0.0,0.02,0.05,0.02,0.09,0.0,0.0,0.0,0.05,0.0,0.0,0.0,0.01,0.0,0.59,0.4,0.0,0.0,10,1
961,0.46225682938830764,0.43820499326508433,7.138733131953242,1.9769964340257218,4.486899098919111,3.5863173475018426,5.871912553429558,4.3645727601400806,196.4,88.42870780259298,153.6,121.66122860408137,3.21530775586714,2.476280401498554,3.0991837794398163,2.484901582863954,1.7762481373529044,0.15395135745702235,2.935952726316467,2.3334451690529594,0.61,0.0,0.01,0.01,0.02,0.27,0.0,0.02,0.0,0.06,0.0,0.0,0.0,0.04,0.0,0.6,0.36,0.0,0.0,5,1
962,0.3261225850862685,0.35845317076297095,6.679783266600553,1.7170439271555236,3.8212273854314707,3.507891909374268,6.488539708283224,4.316319269864463,193.24,91.50317320765828,141.12,125.71968819560446,2.795890386059538,2.5219401082360906,2.4897366126295553,2.2608978887520714,1.7517886211732767,0.13707824928084936,2.5177802806648333,2.320050447970739,0.56,0.0,0.0,0.05,0.04,0.3,0.0,0.0,0.0,0.05,0.0,0.0,0.0,0.0,0.0,0.56,0.41,0.03,0.0,5,1
963,0.2546146181900218,0.390158655501688,6.372967585831617,1.637758627302012,2.669886532212227,3.469255545489399,8.275311955526897,4.456788354058728,230.96,62.70693741524936,98.28,123.53219676004969,1.860039654932861,2.3065008995112826,1.7671951849214245,2.2848273772140293,1.7493573038451076,0.11821955617952563,1.7457807932317024,2.2787177425544205,0.8,0.0,0.0,0.01,0.0,0.15,0.0,0.0,0.0,0.04,0.0,0.0,0.0,0.0,0.0,0.39,0.58,0.03,0.0,4,1
964,0.3059776385146095,0.3635573501965426,6.6156667212069475,1.6845011029900214,3.601008932443593,3.6137567671380273,7.483978739721133,4.440059404020761,211.76,79.9359743794995,131.04,126.53341635530691,2.2378604159321465,2.2830801483183114,2.3823956781375784,2.409376963487156,1.748499042679499,0.1417843620720617,2.29484146079412,2.2981066985426173,0.66,0.01,0.0,0.07,0.03,0.17,0.0,0.01,0.0,0.05,0.0,0.0,0.0,0.0,0.0,0.52,0.48,0.0,0.0,5,1
965,0.27921609345714216,0.27784259816330004,6.50386553601278,1.3472222169189336,4.248764168699314,3.7285974868197704,6.883948484718767,4.198946555558494,215.6,77.18690421190749,149.28,123.98615758514042,2.473008931563454,2.0876522057526716,2.5156966606070146,2.168873432632373,1.7299768686539654,0.11360211967996378,2.816123804217607,2.4553851108292424,0.68,0.0,0.0,0.05,0.0,0.25,0.0,0.0,0.0,0.02,0.0,0.0,0.0,0.01,0.0,0.59,0.4,0.0,0.0,4,1
966,0.1590042197888451,0.27772699271672635,6.036861081527436,1.2462920824920654,2.3701107716018806,3.4309988449565325,8.169818662348012,4.317830513785704,240.56,49.235020795438615,82.44,117.34833926082095,1.4464472296873498,1.9597780965548288,1.316890422293955,2.0127275042368686,1.725912384830908,0.08492397227035946,1.5872933890267706,2.2700406779163846,0.87,0.0,0.01,0.0,0.01,0.09,0.0,0.0,0.0,0.02,0.0,0.0,0.0,0.03,0.0,0.32,0.65,0.0,0.0,5,1
967,0.27474772268144104,0.3026294485252101,6.712341974534437,1.889954439136738,4.108831583883438,3.776909118884153,7.142795189283331,4.071717383779241,207.92,82.41306163025813,141.72,125.18141017956881,2.2374807336463785,2.0128909956068597,2.373005437546972,2.1298584186235145,1.7474334534827491,0.13762775766385194,2.6683159519486934,2.450266747406703,0.73,0.0,0.0,0.01,0.02,0.15,0.0,0.03,0.0,0.06,0.0,0.0,0.0,0.01,0.0,0.56,0.43,0.0,0.0,4,1
968,0.2529112425799779,0.27021809285058207,6.366149755220175,1.3859655886183335,3.6869360592299616,3.489657735762084,7.197488530167826,4.218420735134466,217.52,75.7012309255032,138.6,126.00000000000003,2.3586051668777404,2.286158985097129,2.4922138722447476,2.4021236249785103,1.7245597539019035,0.11711160292840071,2.45046015130284,2.3261283634487446,0.72,0.0,0.0,0.04,0.0,0.2,0.0,0.02,0.0,0.02,0.0,0.0,0.0,0.0,0.0,0.55,0.45,0.0,0.0,3,1
969,0.20624029874025954,0.3518445892474682,6.157522355457294,1.6333941359244282,2.4126946304568047,3.4544758413164134,8.876378650671434,4.170452484519884,234.8,57.89017815893061,82.44,117.34833926082096,1.468535336463762,2.1018297504734362,1.5678293964461678,2.2608075474846743,1.737606971256427,0.10174140840737476,1.5531205728553064,2.1946672478358873,0.83,0.0,0.0,0.01,0.0,0.14,0.0,0.0,0.0,0.02,0.0,0.0,0.0,0.03,0.0,0.32,0.65,0.0,0.0,4,1
970,0.3870075932983235,0.33591227371536403,6.706970442385454,1.2737093832307886,5.3804270392868565,3.260250717571434,5.046750882963575,3.4233348329803213,194.48,89.24605415265249,186.36,109.04484482000139,3.3469493207143612,1.8675930749531375,3.0967564839729307,2.0120428216714763,1.7074748393365125,0.10693763483142572,3.6384393647138507,2.1946172595131754,0.49,0.0,0.0,0.04,0.03,0.37,0.01,0.01,0.0,0.04,0.01,0.0,0.0,0.04,0.0,0.73,0.23,0.0,0.0,6,1
971,0.6017237833495473,0.4363139427879802,7.868475448311231,2.289186311152847,5.570054704610033,3.018563444432624,4.046756124697272,2.8577458313004147,198.32,87.5612201418372,186.84,106.06694284100189,3.867694542748262,1.6655620770795658,3.673736623175399,1.9556703121202867,1.79007816981738,0.17293400699551778,3.5424236542177807,1.8614324523785732,0.59,0.0,0.0,0.06,0.03,0.22,0.0,0.0,0.0,0.1,0.0,0.0,0.0,0.1,0.0,0.71,0.14,0.05,0.0,4,1
972,0.4682138461467087,0.3390536861584871,6.988533315405826,1.5868778723419141,5.153972302115497,3.016656946863436,4.636429235627818,3.3019097219300337,213.68,78.59715470214381,186.96,108.17063960579728,3.622327405766211,1.8045054557469915,3.5201182667681095,2.0849420111276693,1.7130285921156352,0.13416801615334653,3.3711082429597927,1.9502027122651242,0.64,0.0,0.02,0.02,0.03,0.24,0.0,0.01,0.0,0.04,0.0,0.0,0.0,0.06,0.0,0.72,0.22,0.0,0.0,4,1
973,0.4230555457629917,0.4098226613037738,6.914433212148512,1.467660180590805,4.562454705177857,3.56964579469258,5.305445525222996,3.8092179363773506,207.92,82.41306163025817,166.32,119.97599759951989,3.3486030626485563,2.1077332263268937,2.7459712933312312,2.1124293603509905,1.7321681730046314,0.12829589724366183,3.046010338987,2.368506751011159,0.64,0.0,0.02,0.0,0.0,0.3,0.0,0.0,0.0,0.03,0.01,0.0,0.0,0.01,0.0,0.65,0.33,0.01,0.0,4,1
974,0.42236731895851776,0.313672341440547,7.022197311326332,1.553525119295447,5.750829790056777,3.512612833382665,4.991461764182953,3.2658077021468577,192.56,90.01462507433291,191.4,106.0685884442018,3.3990181783276396,1.7463017835801586,3.150931197137071,1.9274566107327744,1.7232692907720766,0.14429978453868106,3.7471291858640114,2.2113271757701,0.62,0.0,0.0,0.04,0.02,0.23,0.0,0.02,0.0,0.07,0.0,0.0,0.0,0.05,0.0,0.74,0.21,0.0,0.0,4,1
975,0.46830483286695945,0.34806549921287805,7.0440947605673205,1.3245791740740052,5.765072172737564,3.2969981525384746,4.578882066201837,3.1366579390312,184.88,92.62428505428898,202.2,100.27416960967112,3.608127263635063,1.7785966025960522,3.324963723162266,1.888266270713793,1.7277893138079257,0.13674536664488776,3.7610898702163102,2.0755251154453815,0.52,0.0,0.01,0.06,0.05,0.27,0.0,0.03,0.0,0.06,0.0,0.0,0.0,0.05,0.0,0.76,0.15,0.04,0.0,3,1
976,0.48572446217401677,0.3363915435527191,7.278153801560765,1.7285245812295096,5.968063598002212,3.066672854996738,4.512385451579285,3.0868742856067652,184.88,92.62428505428899,207.24,96.19457554164042,3.677826411699511,1.7256833372228433,3.532001043900031,1.762887986293537,1.7400726198673695,0.15610955164731546,3.8589230440974394,1.9678658614304863,0.53,0.0,0.02,0.03,0.05,0.24,0.01,0.03,0.0,0.09,0.0,0.0,0.0,0.01,0.0,0.82,0.17,0.0,0.0,3,1
977,0.5681432777663502,0.5037121106899658,7.341870289119603,1.5917506318918335,4.740983041863567,3.666812011842592,4.669373405220478,3.7072588398734787,186.8,92.03951720469163,166.32,119.97599759951989,3.8787419539306605,2.168051214064572,2.842658385615237,2.117075269939952,1.7550457013393777,0.14959172938189053,3.1002595659754957,2.362050104381155,0.59,0.0,0.02,0.02,0.0,0.31,0.0,0.02,0.0,0.04,0.0,0.0,0.0,0.0,0.0,0.66,0.25,0.09,0.0,3,1
978,0.4530761823134635,0.4040831941260052,7.053246833556224,1.5179638709080863,4.754960086434694,3.785614506842615,5.463326769634526,3.90663611233059,202.16,85.66964032098699,166.32,119.97599759951989,3.3867905811957786,2.224876184010345,2.866293473621401,2.1445900370932987,1.7438535102224106,0.1580168865565188,3.076106715056527,2.4005292179839155,0.62,0.0,0.02,0.0,0.03,0.23,0.0,0.05,0.0,0.05,0.0,0.0,0.0,0.0,0.0,0.66,0.29,0.05,0.0,3,1
979,0.4624911487607506,0.3892183492289054,7.182153872321748,1.6638718650071618,5.020930314941657,2.930539786275912,4.581095876253875,3.322448632521304,194.48,89.24605415265249,194.04,106.58405133977597,3.642064062790807,1.9432826984107936,3.2984866445997585,2.033938624773603,1.7550205951498845,0.15437852243787856,3.3058716974339153,1.9179861090354162,0.56,0.0,0.03,0.01,0.05,0.24,0.0,0.01,0.0,0.1,0.0,0.0,0.0,0.03,0.0,0.74,0.18,0.05,0.0,3,1
980,0.5334251797617741,0.4209162635352902,7.182089239401739,1.4776898108838916,4.676127296645527,3.143168882752411,4.520597124246675,3.6307771528380597,207.92,82.41306163025817,178.92,114.9241014361613,3.8394397111686915,1.9662702259401321,3.3079563028014944,2.1629528378005682,1.753162247280474,0.13822450024887536,3.0941623486919614,2.0916741742140297,0.68,0.0,0.01,0.04,0.02,0.23,0.0,0.0,0.0,0.02,0.0,0.0,0.0,0.0,0.0,0.71,0.22,0.07,0.0,4,1
981,0.4529668994359628,0.43543700637579047,6.996480863186349,1.3565214635027412,4.333176897594605,3.6269603091669063,5.756734706770578,4.36196138015277,200.24,86.64208509200891,154.32,122.92223705919268,3.2407005071549366,2.281750768596119,2.753539268240224,2.2873327473219494,1.758242100126453,0.15927896864171137,2.850079076561967,2.3575696173327896,0.55,0.0,0.01,0.04,0.04,0.25,0.0,0.03,0.0,0.08,0.0,0.0,0.0,0.01,0.0,0.61,0.38,0.0,0.0,5,1
982,0.5724881122497688,0.4908758741951374,7.223236965143644,1.3353616114084859,5.240988084024277,3.409116627144481,4.029277768755242,3.128842829882693,148.4,96.00000000000003,180.12,113.33612117783264,4.256595015361257,1.9938187917404586,3.1090954809277505,1.960563397888014,1.7429754099012515,0.12924538850013495,3.540515627722059,2.2620145789764057,0.4,0.0,0.01,0.02,0.03,0.52,0.0,0.0,0.0,0.02,0.0,0.0,0.0,0.02,0.0,0.71,0.19,0.08,0.0,4,1
983,0.5809005417333474,0.4561177939889635,7.332139856450903,1.7044615346637593,5.165887845379177,3.680719734384136,4.5861019701020505,3.616171622344943,184.88,92.62428505428899,176.4,116.06267899090325,3.919980819717543,2.0788199707413986,3.124890408124592,2.121026201036996,1.7469995515330012,0.144729982543907,3.3767223620104416,2.4064341875585464,0.54,0.0,0.05,0.04,0.04,0.23,0.0,0.04,0.0,0.06,0.0,0.0,0.0,0.0,0.0,0.7,0.26,0.04,0.0,3,1
984,0.4883758899173268,0.3900677076521407,7.20004879973155,1.4134076806894602,4.979324685766502,3.673511275008437,4.8991483813665395,3.756765247332414,200.24,86.6420850920089,162.96,117.65193658337367,3.6912087329717864,2.134893853287178,2.7640847911035915,2.1958907770476763,1.7702932410802668,0.14935959163865825,3.289451589901875,2.3319059652429566,0.62,0.0,0.03,0.04,0.02,0.21,0.0,0.0,0.0,0.08,0.0,0.0,0.0,0.09,0.0,0.61,0.23,0.07,0.0,4,1
985,0.44230246180814,0.35646062154279473,7.033253800996611,1.3683476750492025,5.554093610232887,3.0056995160531845,4.349890889722638,3.225773382934111,160.6,98.08365837591927,190.08,105.78496198334703,3.7475279639459376,1.8786532076968816,3.2238285657573464,2.0449562145711377,1.7511683943656837,0.13029934209312943,3.812765876372639,2.0259575610879015,0.46,0.0,0.02,0.02,0.0,0.44,0.0,0.02,0.0,0.04,0.0,0.0,0.0,0.07,0.0,0.73,0.19,0.01,0.0,6,1
986,0.4881501580410798,0.38136507589244384,7.111917759800827,1.7087570375536334,5.289391659467909,3.294259818895169,4.982347770620583,3.832680222875538,188.72,91.41028388534848,189.0,109.66892325208966,3.6037131569289085,2.01352760852802,3.378347903442939,2.031169378341591,1.7437530947263875,0.13674051061536635,3.440064565257955,2.1307059604152006,0.53,0.0,0.01,0.03,0.04,0.28,0.0,0.0,0.0,0.11,0.0,0.0,0.0,0.01,0.0,0.74,0.24,0.01,0.0,3,1
987,0.4598934758983514,0.3054105853820468,6.782924948137609,1.1775775468543705,5.598857836653921,3.2014304359969907,4.694099887645472,3.5605651829505782,194.48,89.24605415265248,195.24,104.69495082033671,3.6978788262399473,1.8510944831634712,3.507979205755311,1.9644151653818482,1.7113268992954678,0.11761393774127175,3.7275882863599135,2.1292100665300553,0.52,0.0,0.02,0.06,0.03,0.35,0.0,0.01,0.0,0.01,0.0,0.0,0.0,0.02,0.0,0.77,0.17,0.04,0.0,3,1
988,0.4252125166419258,0.37938553918649165,6.865359700743577,1.6021472333817606,5.2428697009476,3.603008588488103,5.515171396841787,3.845827159370861,194.48,89.24605415265248,180.12,113.33612117783264,3.2046483538097537,1.9430643857476404,3.167258953986758,2.048209914875922,1.7148423099180192,0.12724754564450363,3.387644395074214,2.2655655818324476,0.58,0.0,0.02,0.04,0.01,0.26,0.0,0.0,0.0,0.09,0.0,0.0,0.0,0.02,0.0,0.71,0.25,0.02,0.0,3,1
989,0.4330272894111575,0.3608831582134449,6.916464272179928,1.6413251425531017,5.370599153047051,3.4721573332336857,5.326038577492648,3.793934478747152,173.36,95.24063303978079,186.48,111.09268857375565,3.5440931736995465,2.1281900171114283,3.2065025372023683,1.9954904583393844,1.720435665484222,0.13801962202411305,3.494388630255848,2.2543484225005126,0.46,0.0,0.0,0.08,0.03,0.31,0.0,0.05,0.0,0.07,0.0,0.0,0.0,0.01,0.0,0.73,0.24,0.02,0.0,5,1
990,0.39474616487240055,0.3592624531179291,7.091771742662288,1.268970978233814,5.132659841512216,3.624352547450543,5.426500838874137,3.6912733713669437,177.2,94.53426507212752,178.92,114.92410143616128,3.1600407386278295,2.0090006208668205,2.821800189844056,1.9448178012595319,1.754397451884353,0.1659966333753605,3.3332366630897656,2.3160545687664196,0.49,0.01,0.02,0.06,0.03,0.25,0.0,0.05,0.0,0.09,0.0,0.0,0.0,0.02,0.0,0.69,0.29,0.0,0.0,3,1
991,0.392520801414818,0.32589732627936374,6.9431810558692675,1.7417155357759113,5.424878596840906,3.3263532727138174,5.326931212379789,3.552188106741796,182.96,93.16542472203066,189.6,108.78502570750176,3.3092914387456602,1.9668747201874512,3.2114306549057163,1.9203360677768169,1.7238095737292323,0.14258939015884692,3.5612718539971167,2.2038228192788796,0.56,0.0,0.02,0.02,0.05,0.22,0.0,0.01,0.0,0.1,0.01,0.0,0.01,0.01,0.0,0.75,0.21,0.03,0.0,4,1
992,0.46868381665909653,0.3712569491630938,7.108859352961932,1.7951522109113272,5.2080749760125,3.55108009942129,5.176274158026789,3.761574339102519,196.4,88.42870780259295,183.96,112.4414029212954,3.39748636516913,1.9627823806287847,3.2368613409874802,2.065214264717125,1.7401572099279985,0.14560765555196484,3.3155489371845333,2.214094060126713,0.58,0.0,0.02,0.03,0.06,0.19,0.0,0.06,0.0,0.06,0.0,0.0,0.0,0.0,0.0,0.73,0.25,0.02,0.0,8,1
993,0.23565253599607547,0.31870324243125947,5.996609801595801,1.3797719322909436,2.7127989890685025,3.521492242372315,8.424351842666994,4.534153634185873,232.88,60.37747924516226,98.88,123.19527735930612,1.8109060210433539,2.2627529511746554,1.8255038381478446,2.3382537446863862,1.7053457302023285,0.10648078844948086,1.7680689058386505,2.2584674600951207,0.81,0.0,0.0,0.02,0.03,0.13,0.0,0.0,0.0,0.01,0.0,0.0,0.0,0.01,0.0,0.39,0.6,0.0,0.0,19,1
994,0.26749884362323856,0.4035117587905123,6.200586762416986,1.5089330766369924,2.2362878367383106,3.3325077250745934,8.629413688132342,4.6281878000208945,234.8,57.8901781589306,83.16,119.09055378156573,1.7952333156345233,2.3793373077397724,1.5592804374836355,2.273770029539911,1.731908352174203,0.11435002020392368,1.4274301586328408,2.0825676076427797,0.87,0.0,0.01,0.01,0.0,0.06,0.0,0.0,0.01,0.04,0.0,0.0,0.0,0.01,0.0,0.32,0.66,0.01,0.0,21,1
995,0.27795578138078836,0.4023566144125359,6.3977012102679085,1.4831066231686794,2.9221491330087526,3.785756890194498,8.180439345413234,4.6314046871901215,213.68,78.59715470214383,100.8,124.07622290716739,2.0187401178226434,2.400940799998451,1.6951426690075928,2.155406924362039,1.745720681537565,0.1230834185235626,1.8928193342973256,2.4391435586021886,0.7,0.0,0.0,0.02,0.03,0.18,0.0,0.02,0.0,0.05,0.0,0.0,0.0,0.0,0.0,0.4,0.6,0.0,0.0,18,1
996,0.15662343487204472,0.23330104817891453,6.072177206452574,1.1403920764673579,2.3907677289051263,3.253919069570445,8.958781032720964,4.219190661483147,225.2,68.90309400626623,90.72,121.56937413375428,1.4615959332410633,2.0262541141393413,1.54115669947604,2.130378571025284,1.7426060412308129,0.11373689788656346,1.613882670498305,2.2106096975512464,0.8,0.0,0.02,0.01,0.03,0.13,0.0,0.0,0.0,0.01,0.0,0.0,0.0,0.01,0.0,0.35,0.64,0.0,0.0,18,1
997,0.35844002957038484,0.3606949787659744,6.587398233617548,1.5476359144264202,4.262452855251308,3.7551523119557846,6.6137678456728315,4.367895813016903,202.16,85.66964032098697,151.2,124.07622290716742,2.7328688480240295,2.240944621792869,2.673725632408374,2.2725673500967964,1.7283276129641514,0.12541950030262972,2.7593310438157825,2.393227455988026,0.66,0.0,0.01,0.05,0.04,0.18,0.0,0.01,0.0,0.05,0.0,0.0,0.0,0.02,0.0,0.58,0.39,0.01,0.0,12,1
998,0.4729401346688789,0.4184597032718396,6.905421817854101,1.4076817218094508,5.0381130253762425,3.8048971541488523,5.011064572268947,3.6177183840539944,196.4,88.42870780259295,176.4,116.06267899090325,3.502053559146383,2.0459478924386296,2.9729249975869476,2.1838621487946535,1.7051043241228963,0.1310707601089549,3.240614343200939,2.3331487898864216,0.52,0.0,0.04,0.03,0.04,0.27,0.0,0.05,0.0,0.05,0.0,0.0,0.0,0.03,0.0,0.67,0.27,0.03,0.0,3,1
999,0.5671550781919692,0.35288256510268357,7.191548786799967,1.3327201539610307,5.704024896502295,2.640243832537829,3.7593153590170028,2.7340862595999385,206.0,83.55727485873497,212.28,91.65460857331328,4.317967591874273,1.8658384753305521,4.12759672463068,2.0985358896609343,1.734895420414822,0.14239916915234435,3.7499966029347065,1.739351895051631,0.61,0.0,0.02,0.05,0.04,0.2,0.01,0.02,0.0,0.05,0.0,0.0,0.0,0.01,0.0,0.84,0.14,0.01,0.0,3,1
1000,0.5045518757281275,0.32008503746239997,6.669913955731395,0.870632137945281,5.744395944675737,2.721353413477813,4.378975767034691,3.324771027346152,202.16,85.66964032098694,211.68,92.85014319272257,3.9557285055129032,1.8478121520546464,4.0052605010001425,1.913754451461606,1.6764547897531559,0.10596237296032802,3.761754747231893,1.782764299373964,0.68,0.0,0.0,0.06,0.03,0.2,0.0,0.02,0.0,0.01,0.0,0.0,0.0,0.0,0.0,0.84,0.16,0.0,0.0,5,1
1001,0.5989504256704854,0.33072542897603724,6.942105012944207,1.182592496289026,6.211953288538645,2.7502542468320286,3.643905334226712,2.456580281562716,199.0,89.04635043196619,221.76,82.30285535751477,4.383026052405804,1.7659780692157458,4.06262437834505,1.725210522510038,1.6824506054554127,0.11874652072656089,3.997797174126568,1.7472137573422368,0.65,0.0,0.02,0.03,0.02,0.21,0.0,0.03,0.0,0.04,0.0,0.0,0.0,0.01,0.0,0.87,0.11,0.01,0.0,4,1
1002,0.5248993977091861,0.37954463181954784,6.841065634361957,1.388035665734985,5.5962878449792415,2.9670409434038048,4.453953198121748,3.4577734703220653,213.68,78.59715470214383,200.88,100.11803942438051,3.8349411632512673,2.158013163125609,3.9358081030257246,2.2462306726083625,1.705250389896652,0.11346206986453915,3.65384276638658,1.851875043207499,0.71,0.0,0.01,0.03,0.03,0.15,0.0,0.04,0.0,0.03,0.0,0.0,0.0,0.03,0.0,0.79,0.18,0.0,0.0,4,1
1003,0.7022479740838302,0.4674662100344029,7.406953629746896,1.6928742352733759,5.59886304002302,3.24843430686914,3.9432482177987827,3.454115268441998,202.16,85.66964032098697,194.64,105.64544476691837,4.3707749106602005,2.092153354469992,3.8490239815280045,2.2931144572387394,1.7505105759344113,0.13949033601919592,3.5688979627645425,2.0500545957875556,0.59,0.0,0.07,0.05,0.02,0.19,0.0,0.0,0.0,0.08,0.0,0.0,0.0,0.03,0.0,0.75,0.16,0.06,0.0,5,1
1004,0.6691767951710204,0.44453808579597404,7.183947217925878,1.729536900911829,5.5338418375002405,3.1671307251174166,3.7581905432963896,3.1820108579688235,198.32,87.56122014183718,197.76,102.9666141832567,4.314317551984362,2.062325307825765,3.8907167060779226,2.182063929841048,1.726905564433289,0.14822417377689132,3.5740673036709616,1.9778191998279393,0.57,0.0,0.07,0.03,0.05,0.21,0.0,0.02,0.0,0.05,0.0,0.0,0.0,0.04,0.0,0.76,0.14,0.06,0.0,5,1
1005,0.6010927244998024,0.5276134326648618,6.796805155069466,1.8669341287876997,3.857616581349204,3.322262610765871,3.9445024820579233,4.043404550275393,199.8,95.5767183518512,139.08,123.61929828748788,4.851427502331255,3.195633646485167,2.7483311304063123,2.5912342665863246,1.7368244943913496,0.1360281268222419,2.578311685262486,2.239841487096349,0.72,0.0,0.05,0.05,0.01,0.11,0.0,0.01,0.0,0.05,0.0,0.0,0.0,0.05,0.0,0.54,0.35,0.06,0.0,6,1
1006,0.42759175680799205,0.5037318675091342,6.902486622967806,2.257281902014493,3.302039635177607,3.659881647672497,6.15769500935344,4.855652478315238,208.72,89.3484926079513,118.44,126.40661662774117,3.258102134430173,3.242739410308128,2.2761588348049475,2.515954439423475,1.77026969034969,0.15396178904162855,2.0733634123736957,2.2865198274073375,0.78,0.0,0.05,0.01,0.01,0.11,0.0,0.01,0.0,0.03,0.0,0.0,0.0,0.01,0.0,0.46,0.46,0.07,0.0,5,1
1007,0.562134239600304,0.46557118637101513,8.21440216251295,2.288337298747272,4.358482276261882,3.1877694201598006,5.048697203494264,4.063310861613454,237.4,57.089332796871254,164.4,120.12720530564864,3.56317235646465,2.524352209774034,3.086885096294105,2.2780152937346685,1.8627106596605487,0.17869439889250097,2.7096204513084126,1.999299475029136,0.76,0.0,0.05,0.02,0.0,0.15,0.0,0.0,0.0,0.02,0.0,0.0,0.0,0.01,0.0,0.65,0.24,0.1,0.0,5,1
1008,0.549599095832902,0.471773263595537,7.553186081320773,2.2795302943137297,4.273363568187085,3.500584343720648,5.3287696641202595,4.421596133079351,220.12,75.69253062171454,158.76,122.27961994766524,3.553555184665876,2.6540649708377355,3.060663465157699,2.4339052883871193,1.7969869383973858,0.1844222124547035,2.680844231703648,2.169893748066748,0.69,0.0,0.0,0.0,0.0,0.23,0.0,0.02,0.0,0.05,0.0,0.0,0.01,0.01,0.0,0.62,0.29,0.08,0.0,6,1
1009,0.4015670415186299,0.3758751453462471,7.491405967074107,2.3078840131185183,4.50514682730476,3.041784347629271,3.6991756972253995,2.977602022912482,144.8,105.08063282041748,189.0,109.66892325208966,3.4581902609918456,2.1581918264529016,2.0893191590886744,2.344568709369181,1.8139609326812882,0.17039041454409717,3.0833604495165616,1.9229582874980085,0.7,0.0,0.01,0.0,0.01,0.23,0.0,0.02,0.0,0.03,0.0,0.0,0.0,0.29,0.0,0.46,0.22,0.03,0.0,9,1
1010,0.32756860122000936,0.3301051780772446,6.561755438688474,1.8493130278224272,3.817139827149568,3.4197847363861347,5.066713452783188,4.271901982168796,157.56,104.40116102918789,151.2,124.07622290716739,2.9194262668648854,2.310979882673583,2.095569518615495,2.5061594838310746,1.7375560759130797,0.1467837651039049,2.6234995745794816,2.2722545837685364,0.76,0.0,0.01,0.01,0.02,0.15,0.01,0.01,0.0,0.02,0.0,0.0,0.01,0.16,0.0,0.44,0.39,0.01,0.0,8,1
1011,0.3566815255207865,0.24840856141374448,7.043592422682507,1.6671552492378696,4.892980509653552,2.7855839512712426,4.679846764192495,3.4368442857924975,143.32,97.00285115043336,204.12,99.35786558972296,3.6348405691253105,1.9680870432271103,2.126682637506226,2.252837474358442,1.7743191087700227,0.13538674476505455,3.461274407744439,1.8261582030707437,0.77,0.0,0.0,0.01,0.03,0.09,0.0,0.02,0.0,0.07,0.01,0.0,0.0,0.33,0.0,0.48,0.19,0.0,0.0,4,1
1012,0.2390118838309853,0.24190466559687815,6.569858527721339,1.2040838831222749,3.5516523978819676,3.337122190690916,6.757726541559309,4.243889412157987,177.2,94.53426507212752,146.16,125.00333086471225,2.5697023826955854,2.360178688868443,1.6756145568483591,2.4596750133276033,1.7736390624323644,0.13016393008908914,2.541555913690422,2.290825532865773,0.75,0.0,0.01,0.02,0.01,0.16,0.0,0.0,0.0,0.05,0.0,0.0,0.0,0.24,0.0,0.34,0.42,0.0,0.0,5,1
1013,0.340053284573753,0.26636057776168026,6.773485667948664,1.196367791554422,4.775931291107397,3.161422197855139,4.976557965309077,3.4289091618455254,152.24,96.30980314494563,194.04,106.58405133977598,3.6642802863470876,2.266261308434694,2.356533265913144,2.6481747625630585,1.7404521672196456,0.11383988169909517,3.3570720811382166,2.033166259592687,0.68,0.0,0.0,0.03,0.03,0.17,0.0,0.04,0.0,0.05,0.0,0.0,0.0,0.28,0.0,0.49,0.22,0.01,0.0,6,1
1014,0.31530185954250034,0.2883907095169364,6.792869663801145,1.6464627026921426,4.109827252653414,3.2153415744397136,5.426392956860895,3.881936482661296,160.6,98.08365837591928,171.36,118.144195410062,3.244593263832614,2.268456579925521,1.7442237808549352,2.098038215727827,1.7654468555374925,0.12859660808960105,2.8761898561448924,2.116371377890166,0.83,0.0,0.0,0.01,0.02,0.07,0.0,0.01,0.0,0.06,0.0,0.0,0.0,0.26,0.0,0.42,0.32,0.0,0.0,9,1
1015,0.27648624097367924,0.31675599530322834,6.715915458485179,1.4935694013420904,3.890233497731982,3.361781537918664,6.813895399559052,4.164385766737915,215.6,77.1869042119075,151.2,124.07622290716739,2.4125694007463947,2.0492271164287743,2.4582587257811057,2.1278317055066647,1.754555690061707,0.12992718414876772,2.5351914966931237,2.1599965542205477,0.66,0.0,0.03,0.03,0.02,0.18,0.0,0.0,0.0,0.08,0.0,0.0,0.0,0.01,0.0,0.59,0.39,0.01,0.0,10,1
1016,0.24501545777402492,0.18338823817070918,6.474194063565557,0.8147425008103683,4.267100068681411,2.874577842300451,5.580247703136045,3.9423014575736426,156.08,96.46433160877275,189.0,109.66892325208964,3.0905776635763993,1.8595914419429858,1.5102350399527351,1.9756414435395069,1.740832021786336,0.08301406002947304,3.1611225486347205,1.9889763740440582,0.84,0.0,0.0,0.01,0.02,0.13,0.0,0.0,0.0,0.0,0.0,0.0,0.0,0.37,0.0,0.38,0.25,0.0,0.0,9,1
1017,0.3519814900965849,0.32790432424620924,6.655847708882848,0.9312620398441047,3.7296878162256895,3.0425020156033096,5.027082396891938,3.814963938631132,156.08,96.46433160877275,168.84,119.09055378156572,3.4125205517849713,1.9551854825079762,1.1804638251063269,1.945805795352129,1.739147598341184,0.10022702445909298,2.7524575889158793,2.0423118780607394,0.81,0.0,0.01,0.03,0.02,0.09,0.0,0.03,0.0,0.01,0.0,0.0,0.0,0.39,0.0,0.28,0.33,0.0,0.0,11,1
1018,0.3431064014116035,0.3816699290932524,6.68780220157043,1.2940140824815982,4.520726970334289,3.34343275610688,5.906446938667371,4.108863172324346,188.72,91.41028388534849,171.96,117.41525377131295,2.9147157613391284,2.172219327851999,2.543411236461003,2.3443021324433526,1.7390462398647442,0.11418601842215245,3.0553834598219636,2.209198103907058,0.64,0.0,0.01,0.04,0.01,0.23,0.0,0.03,0.0,0.04,0.0,0.0,0.0,0.11,0.0,0.58,0.29,0.02,0.0,15,1
1019,0.3337454878060406,0.31761295050192756,7.068038652299118,1.3543064078524953,4.747561475492808,2.833133014502367,4.928954035258584,3.365560960328181,163.76,96.30980314494563,201.6,101.3078117781286,3.3235938776922738,1.667495580613359,1.9826304764773348,2.229249044296697,1.7792047961756685,0.11401488498789183,3.402430799161081,1.8549920722981987,0.79,0.0,0.0,0.01,0.02,0.17,0.0,0.01,0.0,0.0,0.0,0.0,0.0,0.35,0.0,0.45,0.2,0.0,0.0,6,1
1020,0.29925279284226997,0.34598281256233404,6.754167492064295,1.3399818679586297,4.0290712558486215,3.318780503079085,6.032670885021019,4.082265133354882,175.28,94.90772552135238,168.84,119.09055378156573,2.861580160052138,2.0168603962326292,1.59671719961841,2.1686892755744815,1.7620490201053507,0.11201168212174821,2.8500458180010897,2.15206977041877,0.87,0.0,0.0,0.02,0.0,0.08,0.0,0.01,0.0,0.02,0.0,0.0,0.0,0.3,0.0,0.37,0.3,0.03,0.0,9,1
1021,0.3272334087017634,0.35070672755773413,6.787519714020529,1.2614808732589518,4.528783861963816,3.281320997971183,5.512184577512336,3.9334335813272947,166.36,97.75805218843492,181.44,113.71773668326165,3.3189656936362066,2.376877466384897,2.2647082272565693,2.527521279056471,1.7618455639913972,0.12424370833340548,3.1561014582034237,2.133065487824838,0.74,0.0,0.01,0.02,0.0,0.18,0.0,0.01,0.0,0.04,0.0,0.0,0.0,0.24,0.0,0.48,0.27,0.01,0.0,9,1
1022,0.3660082220952332,0.38708987354116914,6.826872126387011,1.356004227955442,4.37966341741743,3.1204622758514384,5.595632004049199,4.051399416282881,169.52,95.78642910141288,178.92,114.92410143616132,3.1559063214878718,2.139799350940596,2.2674057538777377,2.492118638946695,1.7580598119640718,0.10978455329535522,3.037717758252391,2.0536551949669732,0.68,0.0,0.0,0.04,0.01,0.19,0.0,0.01,0.0,0.07,0.0,0.0,0.0,0.24,0.0,0.47,0.29,0.0,0.0,11,1
1023,0.272031067443909,0.29690478852130825,6.731111274492448,1.0626771326726183,4.588460894713458,2.719783746139181,5.059506625074672,3.2999407334304443,142.64,95.24063303978079,200.88,100.11803942438056,3.1078256177776145,1.8258046222841053,1.521112561865942,2.326626979287072,1.7651965897801924,0.08950514669265477,3.4069709218339432,1.7664827022029264,0.85,0.0,0.0,0.02,0.0,0.09,0.0,0.0,0.0,0.03,0.0,0.0,0.01,0.5,0.0,0.32,0.18,0.0,0.0,11,1
1024,0.2509356669982571,0.39786083011544365,6.464347822325267,1.4544013194220768,3.4049636778581673,3.450447923784046,7.0986007473919,4.303484673677865,175.28,94.90772552135236,139.2,125.47509713086498,2.3660707448476233,2.215232894544888,1.3019878868445744,2.2081549652639736,1.748475851152243,0.08827205611563929,2.4121880932412,2.2742991930633845,0.8,0.0,0.02,0.03,0.0,0.11,0.0,0.01,0.0,0.02,0.01,0.0,0.0,0.29,0.0,0.27,0.42,0.02,0.0,18,1
1025,0.2795182967404767,0.40385764976837263,6.327495207795669,1.058304326653104,2.9654788563211794,3.266116127520333,6.8749323387691845,4.49097569739235,181.04,93.66369239319616,120.84,124.6756373372703,2.52504985098786,2.435832565942994,0.9786371218435412,2.0050354488444557,1.7545734936800395,0.0870237629342866,2.201909594291877,2.276993747766813,0.85,0.0,0.01,0.0,0.01,0.09,0.0,0.01,0.0,0.03,0.0,0.0,0.0,0.31,0.0,0.2,0.48,0.01,0.0,18,1
1026,0.21857704227391475,0.39889009488328153,6.1075470182474625,1.9636778955236533,2.154964987150022,3.0548528060555395,8.546781444315286,4.452725969996468,216.9,77.22634971892099,90.72,121.56937413375432,1.6402087850972475,2.2318740490545195,1.1233761636209938,2.101228894749214,1.7237977132871902,0.13368058482890238,1.4510471563333462,1.990947765658993,0.9,0.0,0.0,0.02,0.01,0.05,0.0,0.0,0.0,0.02,0.0,0.0,0.0,0.14,0.0,0.22,0.62,0.02,0.0,13,1
1027,0.2654634450359578,0.4045967387707322,6.169057976742014,1.4546247333529407,2.21857351526092,3.2160320401503726,8.333578198685327,4.61423641195781,238.64,52.350705474103826,85.68,119.97599759951989,1.9216053720888147,2.4883217811520244,1.6123273050744353,2.308898218407216,1.7303586773101183,0.1308994186699719,1.4331840421783435,2.0626610559544187,0.84,0.0,0.0,0.05,0.0,0.11,0.0,0.0,0.0,0.0,0.0,0.0,0.0,0.0,0.0,0.34,0.63,0.03,0.0,5,1
1028,0.4349608726468802,0.5446163833424876,6.451912247206423,1.535588329847488,2.5958956868055294,3.4328719984365645,7.185262815809909,4.9696891556018965,227.12,66.95713689979718,95.76,122.93359626606993,2.690945351126648,2.8821420830926714,1.8677338815087463,2.429469330132602,1.7328481153769184,0.12207813544691262,1.6995896094595986,2.2643364257233447,0.8,0.0,0.02,0.02,0.01,0.11,0.0,0.03,0.0,0.01,0.0,0.0,0.0,0.0,0.0,0.38,0.5,0.12,0.0,5,1
1029,0.34752570105903174,0.4150149420463799,6.310019602230088,1.6101376171223063,3.242171617054206,3.654834040907203,6.5735205037972175,4.750993637333117,204.82,88.82673862610007,118.44,126.40661662774116,2.720045325504069,2.6828371863655978,2.1452376530032704,2.352304745018451,1.7083964246855239,0.11265972600486687,2.0451891866125713,2.269132766694536,0.82,0.0,0.01,0.01,0.0,0.09,0.0,0.0,0.0,0.07,0.0,0.0,0.0,0.01,0.0,0.46,0.5,0.03,0.0,9,1
1030,0.37472951775783686,0.33791500084641285,6.887015824062334,2.118884103712179,4.652072747354668,3.191878943758462,5.832967856197585,3.918368939443061,225.2,68.90309400626624,178.92,114.92410143616128,2.9803989639511985,2.1022076788438295,3.2261898527180644,2.2574399922425674,1.7171798084608418,0.1646378148224068,2.9940715096248947,2.060600714002309,0.78,0.0,0.01,0.01,0.02,0.14,0.0,0.02,0.0,0.02,0.0,0.0,0.0,0.0,0.0,0.71,0.28,0.01,0.0,3,1
1031,0.3013396680372547,0.32399399711156307,6.579801384212127,1.3865360155383328,4.274706568165492,3.7443529040326506,6.094642134508206,3.7993681673940993,213.68,78.5971547021438,152.4,122.8805776501574,2.7352371926054353,1.9968369608310397,2.4247172700045194,2.155153841028366,1.6990999090934047,0.11872665742985186,2.8328333140697213,2.41327629526369,0.66,0.0,0.0,0.0,0.01,0.26,0.0,0.04,0.0,0.02,0.01,0.0,0.0,0.01,0.0,0.6,0.38,0.0,0.01,4,1
1032,0.38382899236877044,0.3892344251758925,6.892736137243319,1.7410967370119736,4.057089889819669,3.8157950831887546,6.036809571484452,4.142024804495004,211.76,79.93597437949951,141.12,125.71968819560442,2.896680692419259,2.136352256674687,2.4414633398276004,2.355232090415682,1.7395891173558988,0.11289995056339563,2.6243092844006917,2.4681382521649424,0.67,0.0,0.0,0.02,0.04,0.21,0.0,0.0,0.0,0.06,0.0,0.0,0.0,0.01,0.0,0.55,0.44,0.0,0.0,8,1
1033,0.2489128277070656,0.2974875033335343,6.536087055723633,1.4686092944845264,3.566549045422184,3.832887554606135,7.81744507918635,4.388108216213158,225.2,68.90309400626624,124.08,126.15972560067007,2.1570232174275654,2.3390332213232305,2.1871560901236515,2.434901562160063,1.7566552601182976,0.12763031810509,2.3245180956415656,2.4326059829990716,0.78,0.0,0.0,0.0,0.0,0.11,0.0,0.05,0.0,0.04,0.01,0.0,0.01,0.01,0.0,0.49,0.5,0.0,0.0,10,1
1034,0.4286927468987085,0.37827197315572353,7.1819847406374295,1.902956749380815,4.329859319050659,3.3990291484180055,5.90700006454092,4.270230845423558,227.12,66.95713689979716,159.36,121.63827148931823,3.043466057593443,2.1986203409900233,2.931041271075362,2.3364111740290245,1.7816613058334676,0.14869695685609435,2.8215513966916324,2.2195659386992808,0.82,0.0,0.0,0.01,0.0,0.11,0.0,0.01,0.0,0.05,0.0,0.0,0.0,0.01,0.0,0.63,0.36,0.0,0.0,11,1
1035,0.4721922860832454,0.37938301290598003,6.8826589989866545,1.438099147906454,5.372355115439891,3.2717028677867654,4.965281143645993,3.665208639290213,202.16,85.66964032098696,192.12,107.25663361557388,3.5739609836871544,2.1438190501954053,3.500157369399093,2.231219401835166,1.727486226483662,0.1327942730334718,3.5236468552016076,2.110222345071818,0.62,0.0,0.0,0.05,0.02,0.25,0.0,0.02,0.0,0.04,0.0,0.0,0.0,0.03,0.0,0.74,0.23,0.0,0.0,8,1
1036,0.46064562152387667,0.39929331093324794,6.7195835586359,1.4603520653995026,4.540240568023293,3.1685804178268686,5.370645010381867,4.164748668111125,213.68,78.5971547021438,170.64,116.93765238559625,3.2860062362683715,2.3052841986520733,3.235076398040743,2.367321565267113,1.7220447312780025,0.13049968519917368,2.946017231713583,2.0330471535960593,0.64,0.01,0.01,0.11,0.0,0.19,0.0,0.0,0.0,0.04,0.0,0.0,0.0,0.03,0.0,0.67,0.3,0.0,0.0,11,1
1037,0.5268721362610823,0.5192152251658019,6.853284704329761,1.8992889071160048,4.004259625954047,3.6328747594698076,5.696751860635881,4.5173750241778245,221.36,72.48483226917827,142.92,124.08905892726621,3.2884203428896193,2.66157749948542,2.7641048567003805,2.530065016238564,1.7335561643788189,0.13145098613574532,2.5318390135329354,2.2401005540286625,0.73,0.0,0.06,0.02,0.02,0.11,0.0,0.01,0.0,0.05,0.0,0.0,0.0,0.04,0.0,0.55,0.38,0.03,0.0,12,1
1038,0.449051797564975,0.5310160674321848,6.79432343674718,1.917008214407857,3.5682513423988094,4.038398882986469,6.898321684298235,4.756713584569582,219.44,74.13560057575086,113.28,124.12685593229355,2.7588442506487483,2.7522248937421927,2.0035581865790393,2.3490090810512037,1.7585546420873361,0.14363113831338,2.3014641993464022,2.5364401288708205,0.73,0.01,0.0,0.01,0.04,0.18,0.0,0.0,0.0,0.03,0.0,0.0,0.0,0.05,0.0,0.43,0.49,0.03,0.0,13,1
1039,0.4890821302155881,0.5025446912273575,7.0358217587468985,1.8905294934434096,3.7612161660932255,3.6010234359569604,6.1256655374417015,4.631366057859254,219.44,74.13560057575087,138.6,126.0,3.117551127388219,2.605798506201709,2.5795114327532658,2.457937508493331,1.7647375721013179,0.14396648529320286,2.4117588536037857,2.3101911316398036,0.64,0.0,0.03,0.03,0.01,0.24,0.0,0.01,0.0,0.04,0.0,0.0,0.0,0.0,0.0,0.55,0.38,0.07,0.0,11,1
1040,0.3494078860615881,0.4860305026573197,6.523357458534146,1.686550457094088,2.8184640693966956,3.7913752727915195,7.9090774052890485,4.673625109554634,221.36,72.4848322691783,95.76,122.93359626606998,2.175618440607095,2.5949649887181536,1.7317472223734311,2.3165051868158213,1.7505004324337898,0.1278169613508978,1.7841996622855216,2.3887311120842245,0.82,0.0,0.01,0.03,0.02,0.09,0.0,0.0,0.0,0.03,0.0,0.0,0.0,0.0,0.0,0.38,0.55,0.07,0.0,13,1
1041,0.3135014405447098,0.3589879974213237,6.779982777155509,1.921192822786855,3.696955343180677,3.267982127340927,6.496892077060388,4.441369519504311,223.96,72.33646411322606,146.16,125.0033308647123,2.7846294465941464,2.4584897053096473,2.5435861959000206,2.2178359099103524,1.7502249962948162,0.1692205194449708,2.457042221223741,2.1995940031349743,0.8,0.0,0.0,0.02,0.07,0.09,0.0,0.01,0.0,0.01,0.0,0.0,0.0,0.0,0.0,0.58,0.38,0.04,0.0,6,1
1042,0.34561371921154754,0.32659480466619023,6.726953016339472,1.7647402408421573,4.019406045541473,3.408836775317874,5.5355017803868245,4.085531063775852,214.42,83.00044785080587,154.32,122.92223705919271,2.785565685643536,2.0705561362987543,2.749933324782968,2.274859449034649,1.728652672076749,0.150897440918604,2.63741433392334,2.1919353581976395,0.82,0.0,0.0,0.02,0.01,0.12,0.01,0.01,0.0,0.01,0.0,0.0,0.0,0.01,0.0,0.61,0.37,0.01,0.0,7,1
1043,0.2959752689756179,0.3179990076983209,6.239537738411247,1.760861435696202,3.4009493394645216,3.323056490113465,6.5994217567216875,4.376361789502271,236.78,59.30703877690108,136.08,126.22888302243236,2.57068139634041,2.469072968422744,2.6348733519970597,2.6048642920160163,1.6941664617195697,0.11158619560928298,2.164603670297983,2.066865378283168,0.91,0.0,0.0,0.0,0.0,0.07,0.0,0.0,0.0,0.02,0.0,0.0,0.0,0.02,0.0,0.52,0.46,0.0,0.0,7,1
1044,0.3221520514570124,0.3699807392608993,6.3095431941461015,1.5291189251401456,3.3032639014764738,3.3272823166178314,7.0554843618062675,4.6511534097846985,236.72,55.22371032281498,131.04,126.5334163553069,2.5598556039046088,2.4321072017518386,2.4115725489464013,2.375184113329357,1.7070073753983694,0.13930537099724094,2.130332972257611,2.1063409428101005,0.87,0.0,0.0,0.03,0.01,0.05,0.0,0.01,0.0,0.03,0.0,0.0,0.0,0.0,0.0,0.52,0.48,0.0,0.0,13,1
1045,0.3805282277833437,0.34181712369297534,6.181330259095271,1.2471071829763132,3.931826555652039,3.1672500067215257,5.468407234135353,4.23199487206167,235.48,59.69458970797973,158.76,122.27961994766525,3.65355969987745,2.6037003283380153,2.990661753949447,2.41406533145573,1.6696028436795363,0.09683007515436218,2.613509830707912,2.101609466844729,0.88,0.0,0.0,0.0,0.01,0.07,0.0,0.02,0.0,0.02,0.0,0.0,0.0,0.0,0.0,0.63,0.35,0.02,0.0,13,1
1046,0.2322571916550603,0.2849435917033749,6.089521065608154,1.3063390086059075,3.500069415655469,3.534952935436356,7.664039992781599,4.385909693457998,215.6,77.18690421190746,131.04,126.53341635530693,2.1220526968024003,2.094221736835597,2.20810821756319,2.1698815325759537,1.6880879727869327,0.08326831551058371,2.294821372106208,2.306930405389506,0.74,0.0,0.0,0.04,0.03,0.16,0.0,0.01,0.0,0.02,0.0,0.0,0.0,0.01,0.0,0.51,0.48,0.0,0.0,17,1
1047,0.19301066611633266,0.28149946811575616,6.312134833469095,1.52188839580452,2.6166196493796794,3.376675131358666,8.371680987993223,4.235353285718355,234.8,57.8901781589306,98.88,123.19527735930613,1.7465973823367476,2.228637216560482,1.7074474532410824,2.3116237564492175,1.7443183690535276,0.12251774979622353,1.704054966042066,2.1658966069254664,0.81,0.0,0.0,0.01,0.01,0.12,0.0,0.0,0.0,0.05,0.0,0.0,0.0,0.01,0.0,0.39,0.6,0.0,0.0,21,1
1048,0.30818844573366244,0.3568743246724996,6.343967130930354,1.5203982671421525,3.415551901278878,3.1587151532003643,6.856686808165988,4.696893645007942,223.96,72.33646411322606,138.6,126.00000000000003,2.73608242542685,2.5842918120223484,2.568914984378012,2.4026838366943144,1.7128814882754475,0.13448570864096623,2.2449085944895044,2.0822403067544584,0.83,0.0,0.01,0.01,0.04,0.08,0.0,0.0,0.0,0.03,0.0,0.0,0.0,0.0,0.0,0.55,0.42,0.03,0.0,10,1
1049,0.34226446628695384,0.41750312297670994,6.902545686549716,2.146889662297835,3.5384634876099224,3.5784024442627165,7.3660562373520335,4.613822256832931,230.96,62.70693741524936,131.04,126.53341635530693,2.2660579441428874,2.273371282086649,2.2685716484983955,2.3202236053366647,1.7717609345410779,0.15197119051907773,2.2526732043137994,2.286996818395279,0.78,0.0,0.01,0.03,0.0,0.16,0.0,0.0,0.0,0.02,0.0,0.0,0.0,0.02,0.0,0.5,0.45,0.03,0.0,13,1
1050,0.4042904769749123,0.3730860547647536,6.421655197015928,1.2401903382286306,4.283212569067941,3.1992196123254164,5.473256990954652,4.144191907934655,229.04,64.89555244600918,171.36,118.14419541006197,3.351482604655862,2.2561611278681406,3.129471722820831,2.2184330817480187,1.6905327729828077,0.09894287999186917,2.8045797602217113,2.0258761844738293,0.77,0.0,0.01,0.04,0.03,0.13,0.0,0.0,0.0,0.02,0.0,0.0,0.0,0.01,0.0,0.67,0.31,0.01,0.0,11,1
1051,0.3141309831980045,0.3770251729967587,6.494337714027194,1.702991154984628,3.3994594908070064,3.6553458836689243,6.592911335676491,4.573826619237508,214.42,83.00044785080586,124.08,126.15972560067004,2.3830913622766148,2.309407445297931,2.1793491586247336,2.27356087788001,1.731520086199539,0.13578273190209786,2.167018102365809,2.2921898609669205,0.83,0.0,0.03,0.0,0.0,0.08,0.0,0.02,0.0,0.04,0.0,0.0,0.0,0.01,0.0,0.49,0.47,0.03,0.0,13,1
1052,0.331833380157539,0.28901548823353235,6.653136807536771,1.7588140282034233,4.055064650225612,3.454228716594062,6.294185685678675,4.427238597440836,222.04,74.05866088800995,156.24,122.93359626606996,3.110604282448918,2.61618769165697,3.000669321221432,2.591757502056009,1.7303255086287195,0.15662535096972974,2.628350211762773,2.190306450795664,0.84,0.0,0.0,0.02,0.01,0.09,0.0,0.01,0.0,0.03,0.0,0.0,0.0,0.0,0.0,0.62,0.38,0.0,0.0,7,1
1053,0.26267240659886704,0.28880423200569455,6.28574748508282,1.4429228761333532,3.6243550266175792,3.4851605296770645,7.160644864066178,4.57144426192819,216.28,78.71699468682259,134.16,125.90767180033876,2.745220783709478,2.807333423423557,2.5015772632407014,2.561489346881657,1.7194247560598657,0.1474177843542481,2.4014230388436086,2.3229945257180025,0.73,0.0,0.01,0.03,0.02,0.17,0.0,0.01,0.0,0.03,0.0,0.0,0.0,0.01,0.0,0.53,0.45,0.01,0.0,10,1
1054,0.3076000693699395,0.26963156224826723,6.607369276859165,1.4877151141190241,4.6139183383825335,3.46144779036548,6.199368904637509,3.975191546173275,200.24,86.64208509200888,168.84,119.09055378156573,2.8976780855021955,2.1558514647760023,2.8073833852685595,2.045898377110486,1.7209909778281824,0.13622307629106914,3.024620097303303,2.28454404659646,0.62,0.0,0.0,0.07,0.06,0.2,0.0,0.01,0.0,0.04,0.0,0.0,0.0,0.0,0.0,0.67,0.32,0.01,0.0,10,1
1055,0.25556631995092355,0.27249401359555064,6.719819004584952,1.671732471334031,3.2853153994236943,3.404795700783615,7.239341431873258,4.2713316452525,225.2,68.90309400626624,126.0,126.63476472266073,2.20534903486337,1.9755700968155099,2.100202260349812,2.157889963639239,1.756853543404885,0.1454156531910758,2.151623392870674,2.233050122272814,0.71,0.02,0.01,0.01,0.0,0.18,0.0,0.0,0.0,0.07,0.0,0.0,0.0,0.0,0.0,0.5,0.5,0.0,0.0,11,1
1056,0.3204892151194092,0.2988344986481534,6.7207680372160326,1.5851135250932302,4.405627691658289,3.4320550782713775,6.170239985662809,3.996932723421652,207.92,82.41306163025814,163.8,120.80186633115778,2.7778694494829885,1.9895440647015448,2.7528190393295002,2.0961072333878605,1.7346940648406408,0.12857668969481245,2.902093010462679,2.2666612235029016,0.69,0.0,0.0,0.02,0.01,0.22,0.0,0.01,0.0,0.05,0.0,0.0,0.0,0.0,0.0,0.65,0.35,0.0,0.0,9,1
1057,0.2737307445622307,0.2745174210496861,6.163977437870513,1.1253017911548542,3.544723635121478,3.3958687379671257,6.671377725912105,4.507049680270215,233.56,62.130901239953765,136.08,126.22888302243233,2.7442243582473496,2.4779079958556545,2.3428806231138966,2.221206272063221,1.6954229338067706,0.07528677115702466,2.327649716542706,2.2396956131570698,0.86,0.0,0.0,0.03,0.01,0.09,0.0,0.0,0.0,0.01,0.0,0.0,0.0,0.0,0.0,0.54,0.46,0.0,0.0,20,1
1058,0.16208136147858263,0.21961501144955922,6.072280570296824,1.2245314257321238,2.602110136752182,3.2485070959687663,8.362188230270348,4.279044580378111,238.64,52.350705474103826,103.32,124.566389746775,1.706893640581186,2.010789878293475,1.6601704671217856,2.0278514371692427,1.7216651642376826,0.08431919235344955,1.724191561160274,2.1371442181039586,0.79,0.0,0.0,0.02,0.0,0.15,0.0,0.01,0.0,0.03,0.0,0.0,0.0,0.0,0.0,0.41,0.59,0.0,0.0,23,1
1059,0.26730622946177746,0.3278831180856336,6.370763843767121,1.2728860045197026,3.976476783682993,3.7439566683318124,7.230102670346108,4.494257103570484,227.12,66.95713689979719,139.2,125.47509713086498,2.426257279459504,2.2176228790989505,2.3066198581875272,2.243502082923387,1.7122458585680824,0.11348475220957817,2.5869195777789757,2.4263842624978933,0.8,0.01,0.0,0.0,0.01,0.16,0.0,0.01,0.0,0.01,0.0,0.0,0.0,0.01,0.0,0.55,0.44,0.0,0.0,18,1
1060,0.3226585843927802,0.378414956284524,6.541314475709022,1.796176786436509,3.864460211742822,3.5909086750442563,6.746457329230318,4.4829267204880745,212.44,81.44680608975543,141.12,125.71968819560443,2.735749069330883,2.5308310871115616,2.3774019486960345,2.17385940661312,1.7233697322255983,0.12828918950572055,2.479985551454495,2.300140377917847,0.66,0.0,0.02,0.02,0.01,0.19,0.0,0.02,0.0,0.08,0.0,0.0,0.0,0.0,0.0,0.56,0.42,0.02,0.0,16,1
1061,0.3698200599454418,0.42507731659282544,6.611532196159706,1.6787097108187057,3.7836851234477136,3.8703344892500184,6.978270029270958,4.461261571515769,225.2,68.90309400626626,133.56,126.40661662774116,2.5733594569704654,2.4312737195423573,2.3903842638721597,2.353812085408961,1.736407055575929,0.12974435596925651,2.375596084316919,2.3798280998500245,0.8,0.0,0.01,0.02,0.03,0.1,0.0,0.02,0.0,0.02,0.0,0.0,0.0,0.01,0.0,0.52,0.44,0.03,0.0,13,1
1062,0.2670415950278904,0.38935870825496594,6.403535423427841,1.554495648691783,2.677542202862035,3.3937330589191665,8.058594819108617,4.444530258806194,229.04,64.89555244600919,100.8,124.07622290716736,1.9710838311196992,2.3851591312559575,1.8482490034583097,2.3308933714335325,1.7576089580631007,0.1426636498187981,1.74704876941109,2.2202125106166886,0.77,0.0,0.01,0.03,0.02,0.13,0.0,0.01,0.0,0.02,0.01,0.0,0.0,0.0,0.0,0.4,0.58,0.02,0.0,9,1
1063,0.3888547167981155,0.4163703606508859,6.87658181447653,1.945563336541535,4.222559363980001,3.7913393413759464,6.7248056241184875,4.417855865480015,202.16,85.66964032098696,146.16,125.00333086471228,2.655681654345094,2.3107517236488495,2.5718047088159404,2.292120433719062,1.7483741314500143,0.1457137128384066,2.6883790968337293,2.4295052323605324,0.62,0.0,0.0,0.07,0.02,0.18,0.0,0.02,0.0,0.08,0.01,0.0,0.0,0.0,0.0,0.58,0.39,0.03,0.0,9,1
1064,0.37814137511257473,0.287968942559362,6.808986181954616,1.6975855987113533,3.9573416380795603,3.4607254820952376,5.76234331828398,4.150078050355094,223.28,70.74296624207436,148.68,124.56638974677499,3.074538265239945,2.1178940454681303,2.641061243113322,2.279041512254736,1.7340428498297726,0.14753208644615182,2.534485061751235,2.208940587799075,0.8,0.0,0.0,0.04,0.02,0.08,0.0,0.01,0.0,0.05,0.0,0.0,0.0,0.0,0.0,0.59,0.41,0.0,0.0,12,1
1065,0.2513675342197679,0.3605690760295716,6.261957605310176,1.8621261696784168,2.5509720453389257,3.459225018335139,7.003569256715304,4.9411748363282975,197.26,97.47795606798451,93.24,122.27961994766528,2.064565751472117,2.610359053073465,1.716286852291339,2.2926714186211483,1.7486139343963607,0.13434593775799197,1.6414428274161919,2.226227965834752,0.82,0.0,0.01,0.02,0.0,0.1,0.0,0.01,0.0,0.04,0.0,0.0,0.0,0.01,0.0,0.36,0.62,0.01,0.0,17,1
1066,0.35600185135294155,0.3344492997997468,6.562059856730982,1.3568837503075262,4.305469870271919,3.187051447028838,5.819857604787063,4.147880593333377,233.56,62.13090123995378,168.84,119.09055378156573,3.1992601323611227,2.4535819163189196,3.1266846386961773,2.3281145690566927,1.719350647639598,0.11674454119943475,2.767017068548627,2.026166911069445,0.68,0.01,0.0,0.2,0.0,0.1,0.0,0.0,0.0,0.01,0.0,0.0,0.0,0.01,0.0,0.66,0.33,0.0,0.0,8,1
1067,0.20429038343064143,0.359810138390891,5.7743053969499565,1.1349405558594947,1.9053189514616335,3.1430136432192897,8.951323586783245,4.50018387813558,233.56,62.13090123995377,70.56,113.71773668326169,1.752279642516667,2.6979222331305617,1.343423184337806,2.2243066456277214,1.6996269811419455,0.08183793021600047,1.2414560600364188,2.058452627435275,0.82,0.0,0.0,0.1,0.01,0.05,0.0,0.01,0.0,0.01,0.0,0.0,0.0,0.0,0.0,0.28,0.72,0.0,0.0,7,1
1068,0.2656331509804172,0.32355652320515904,5.9810328798874695,1.0891073068859223,2.8572834913245178,3.1384370928646015,7.670142409441393,4.535272447426758,242.48,45.82718526258088,115.92,126.22888302243234,2.4532971413059665,2.6573419490695454,2.1966145689795598,2.451822906447179,1.685924956185638,0.10955338101695883,1.8527685921789276,2.031511667310043,0.74,0.01,0.0,0.18,0.02,0.04,0.0,0.0,0.0,0.01,0.0,0.0,0.0,0.0,0.0,0.46,0.52,0.02,0.0,9,1
1069,0.0951327266669029,0.1900322119009923,5.893633313773498,0.9404517010665742,1.6391857443961242,2.9713788725399013,9.73779336037674,3.8986030507524077,231.64,64.41743913449575,60.48,108.1671433897138,1.203685857306845,2.251081195364321,0.9857176016008933,1.781715468533425,1.7498534600630462,0.13194268723919356,1.0839425615174196,1.9834796838506743,0.83,0.0,0.0,0.08,0.02,0.06,0.0,0.0,0.0,0.01,0.0,0.0,0.0,0.0,0.0,0.24,0.76,0.0,0.0,13,1
1070,0.24576240932879498,0.38265579847616266,5.988896647980448,1.600334627349038,2.213856921505867,3.312063725853852,6.525195023803776,4.898544747062185,201.78,97.16460884561421,83.16,119.09055378156576,3.333123865087259,3.6456445803805315,1.3669939185437863,2.0015152084106798,1.7000587754148888,0.09672711666983594,1.483571854782217,2.215259515814801,0.86,0.02,0.0,0.02,0.0,0.09,0.0,0.0,0.0,0.01,0.0,0.0,0.0,0.02,0.0,0.31,0.67,0.0,0.0,11,1
1071,0.16604679904696462,0.26340944453389853,5.941945963089906,1.34922760298245,2.6811733577965207,3.721340506635396,7.703198995279841,4.841457615857072,201.1,95.82533563465846,91.32,121.26478916366902,2.684702604018515,3.5116074793024303,1.4340869507758511,1.9992507238618116,1.7180507990923684,0.11717596768543308,1.736873156210302,2.3755094364095655,0.77,0.0,0.0,0.03,0.03,0.12,0.0,0.02,0.0,0.03,0.0,0.0,0.0,0.01,0.0,0.36,0.63,0.0,0.0,12,1
1072,0.27296397936515054,0.3267030016408671,6.427969083951256,1.3734973690597916,3.6327687471752217,3.5570797731213113,7.181568233991504,4.329475247871073,215.6,77.18690421190746,136.08,126.22888302243233,2.304585921920336,2.2183773898517423,2.303047671615104,2.2854627789788764,1.732148062922417,0.11384613189203839,2.4010353843559606,2.342080108106202,0.72,0.0,0.01,0.03,0.01,0.17,0.0,0.02,0.0,0.04,0.0,0.0,0.0,0.01,0.0,0.53,0.46,0.0,0.0,10,1
1073,0.2559325247282272,0.30901979890421694,6.116362032493498,1.0139234996596314,3.4772234572060343,3.637006554119536,7.2998857303091595,4.528979689121753,216.28,78.71699468682257,128.52,126.6094352365142,2.4568518970886477,2.5311141639730117,2.222220659396639,2.2722635968586014,1.7011145111146901,0.09081679657971906,2.2831837231775243,2.3702590765443605,0.76,0.0,0.0,0.03,0.01,0.17,0.0,0.02,0.0,0.01,0.0,0.0,0.0,0.0,0.0,0.51,0.49,0.0,0.0,16,1
1074,0.28153039334124524,0.37600289442340595,5.8895310937619705,1.3725353716015707,2.8648515835316175,3.4366031787373803,5.598832186255804,4.834496912470845,183.94,106.45944075211239,108.36,125.38760269297323,4.1089934757032305,3.8779560436284473,1.9426649430093186,2.309970421048054,1.6918159024854509,0.11565546986073584,1.8881190043645382,2.269895257260666,0.76,0.0,0.0,0.05,0.03,0.13,0.0,0.01,0.0,0.02,0.0,0.0,0.0,0.0,0.0,0.43,0.57,0.0,0.0,14,1
1075,0.22385586146540576,0.3028664445895373,6.310777791154396,1.6556346372498036,3.6972337863595306,3.9452421406013265,6.647064967105431,4.518354468269305,181.22,100.97580268199273,122.16,125.65326027677045,2.882215804315612,3.057531604984529,1.9069390612599497,2.0079000587393403,1.7175780781609888,0.12403541570949153,2.4560814022644193,2.60961969543149,0.61,0.0,0.0,0.02,0.03,0.26,0.0,0.03,0.01,0.04,0.0,0.0,0.0,0.02,0.0,0.48,0.49,0.01,0.0,14,1
1076,0.2234146785530591,0.37217393616753897,5.5052132609939415,1.4895456291861395,2.3867623645107257,3.5285240984714754,4.447062023219857,4.763579210202285,135.06,121.09148557511334,85.68,119.97599759951987,4.977162288766752,4.450060366284746,1.335119788570498,1.924501292781722,1.6627830283943144,0.09834321357099345,1.5543129596252814,2.266029327591381,0.75,0.0,0.0,0.03,0.0,0.18,0.0,0.03,0.0,0.01,0.0,0.0,0.0,0.0,0.0,0.34,0.65,0.01,0.0,9,1
1077,0.13054485195127563,0.2310523636880514,5.513239063373621,1.5609331345674742,1.929351619463626,3.045726662528363,5.618411186625004,5.210279297453009,157.98,119.33265447580735,75.6,116.06267899090327,4.671165914587903,4.615701897642596,1.275561414827777,1.9825315138282038,1.6933959313456652,0.12967464319459784,1.2926559511987994,2.0443701443149496,0.8,0.0,0.0,0.01,0.02,0.15,0.0,0.01,0.0,0.01,0.0,0.0,0.0,0.0,0.0,0.3,0.7,0.0,0.0,11,1
1078,0.3360322834319404,0.4174523739628423,6.542553379380348,1.5414270057536184,3.612070338068781,3.865728193890909,7.329650937983466,4.525562279978092,202.16,85.66964032098696,123.48,126.6094352365142,2.3987584974461753,2.391975234193216,2.141344767124913,2.266907310060638,1.740547140098432,0.1085919668940894,2.340047873002577,2.509164421712629,0.63,0.0,0.01,0.05,0.01,0.19,0.0,0.0,0.0,0.1,0.01,0.0,0.0,0.0,0.0,0.49,0.47,0.04,0.0,11,1
1079,0.2622523222976125,0.46520571479489786,5.659409216590811,2.1016819748553037,1.7527264234336852,3.34377685174325,4.839295227028199,5.220772599110419,135.74,122.52483730891365,57.96,106.58405133977598,5.074016828233915,4.741289606683895,0.9677325553832604,1.8401466423120003,1.6875247344323776,0.14503844893114579,1.104600555818321,2.123161264022874,0.85,0.0,0.01,0.01,0.0,0.1,0.0,0.02,0.0,0.01,0.0,0.0,0.0,0.0,0.0,0.23,0.75,0.02,0.0,10,1
1080,0.2113567599450319,0.41471851555278927,5.543340107549471,1.8962156994922277,1.7409852661244907,3.201286038974974,4.8197666442385785,5.2426539979373885,138.28,122.31504941392664,58.56,106.42323738049623,5.549481402847591,4.764010296521948,1.0994935906876644,2.012478351324244,1.694356113502298,0.13706111254818856,1.119727274399554,2.0709173574442095,0.81,0.0,0.01,0.0,0.02,0.11,0.0,0.01,0.0,0.04,0.0,0.0,0.0,0.01,0.0,0.23,0.72,0.04,0.0,12,1
1081,0.30184884142290025,0.4060441368900537,6.430267197242583,1.9321657529122545,3.2129103829699748,3.8701374830121305,8.145576072822434,4.474443063811124,217.52,75.70123092550322,106.44,124.63363036589207,1.9636730821740316,2.3040315209040605,1.9713298193877682,2.3370359813210855,1.7329051056236162,0.11914942896454206,2.008482020554752,2.426712056464108,0.73,0.0,0.02,0.02,0.0,0.16,0.0,0.01,0.0,0.06,0.0,0.0,0.0,0.02,0.0,0.41,0.56,0.01,0.0,19,1
1082,0.1998740011170461,0.3966530953821175,5.627189713766014,0.7384760770442034,1.0471099940181015,2.455643583149525,9.520024655903837,4.51053724338281,244.4,42.05623940305733,40.32,92.8501431927226,1.452384183496608,2.539013577875992,0.7807499403039886,1.8277100362016119,1.7070810069142786,0.05913336708600759,0.6944727725940111,1.6421102830593752,0.92,0.0,0.0,0.01,0.01,0.06,0.0,0.0,0.0,0.0,0.0,0.0,0.0,0.0,0.0,0.16,0.79,0.05,0.0,26,1
1083,0.12956766201406342,0.35728329294748423,4.918527517170833,1.2906047867033015,0.8626231014340356,2.2025876281585903,4.9017990456442755,5.567791178982027,125.7,126.68751821993861,33.36,85.15363655289077,4.88048064300187,5.156772621132432,0.6346400502900242,1.7249728028898008,1.6605433730684518,0.10570352053662642,0.5694045795591878,1.4457556423565159,0.95,0.0,0.0,0.01,0.0,0.03,0.0,0.0,0.0,0.0,0.0,0.0,0.01,0.01,0.0,0.13,0.86,0.0,0.0,22,1
1084,0.2029082462975435,0.39644299211090894,5.228403273309469,1.5952268371298939,1.3189341350250612,2.723657489926237,5.171789598727296,5.546874525542693,140.88,123.999452589212,50.4,101.30781177812857,5.067294429513107,4.879438815617393,0.9868255295304913,2.0513577252396877,1.6711010477235615,0.10897325673379366,0.8372659717925507,1.716717720039649,0.89,0.0,0.0,0.01,0.01,0.06,0.0,0.0,0.0,0.03,0.0,0.0,0.0,0.0,0.0,0.2,0.8,0.0,0.0,15,1
1085,0.15996668661067984,0.3549644328887413,5.190724781059173,1.5903103619730192,1.4203362905495802,2.966150997165887,5.802952668930504,5.503194287088414,142.74,122.30898279655204,50.4,101.30781177812857,4.67068058337323,4.926850910793244,0.9877466911006167,2.0997603404487375,1.6644984279518684,0.10919907404149143,0.9276178140563758,1.9361435708597565,0.86,0.0,0.01,0.01,0.0,0.1,0.0,0.01,0.0,0.01,0.0,0.0,0.0,0.0,0.0,0.2,0.79,0.01,0.0,15,1
1086,0.08733273615602663,0.2536159283736945,4.996110706944712,1.2800127495663027,0.8764861819748418,2.363957208147292,6.692647136755287,5.718092979910779,155.5,121.94364487439483,32.76,85.17541258538705,4.35487927083912,5.076856179925095,0.5361206653616933,1.4722031874950625,1.6599327391709937,0.09562189180604076,0.5654453502736536,1.5039189538609083,0.93,0.0,0.01,0.01,0.0,0.02,0.0,0.01,0.0,0.02,0.0,0.0,0.0,0.01,0.0,0.12,0.87,0.0,0.0,14,1
1087,0.13948749571043642,0.2971784786366657,5.331570938663934,1.4701608905961847,1.5725945788333318,2.8531653931788954,5.855103600847005,5.367489640321512,155.44,119.96972008541879,60.48,108.16714338971381,4.747020317766682,4.753065086176872,1.0427522522489001,1.8780968136662974,1.671427614033852,0.09279709478322762,1.0328746489217764,1.879863785092798,0.83,0.0,0.02,0.02,0.0,0.09,0.0,0.01,0.0,0.02,0.0,0.0,0.01,0.0,0.0,0.24,0.73,0.03,0.0,19,1
1088,0.12663247552609241,0.349368443020078,5.047803297396778,1.4448484407316937,0.9683528986002463,2.578555995977441,5.206225646444092,5.582984583595205,121.8,123.70394765999453,32.76,85.17541258538705,4.771293465463336,5.084371697458957,0.4988065102692146,1.338360072049995,1.6747073052330463,0.11210052189650577,0.6671708816461894,1.792167384850032,0.91,0.01,0.0,0.0,0.0,0.06,0.0,0.0,0.0,0.02,0.0,0.0,0.0,0.02,0.0,0.11,0.87,0.0,0.0,17,1
1089,0.11510924991454541,0.2854830479604562,5.449107214410819,1.6269158011102682,1.1350040520935993,2.5876730302672617,6.387670014974567,5.4528728114846725,163.74,119.19313077624241,42.84,95.1363423532965,3.977526758558937,4.750836903478805,0.6770708903518694,1.5299266365811084,1.706033246439554,0.1285009389885481,0.7363241862910512,1.674980498329395,0.9,0.0,0.0,0.0,0.01,0.06,0.0,0.0,0.0,0.03,0.0,0.0,0.0,0.0,0.0,0.17,0.83,0.0,0.0,16,1
1090,0.17489394802061223,0.37349041320910936,5.380757724310547,1.9872285013108677,1.6938167406066342,3.113549801724795,4.686974132925192,5.271243900422669,118.58,122.05588883785985,60.48,108.16714338971383,5.284850693185939,4.9138678744604976,0.9843873549281621,1.7865383646214368,1.6823380616994978,0.13489507640062723,1.0902622311083023,2.0123795608674024,0.82,0.0,0.0,0.0,0.0,0.12,0.0,0.0,0.0,0.06,0.0,0.0,0.0,0.0,0.0,0.24,0.76,0.0,0.0,10,1
1091,0.24244299240321912,0.4500897358111582,5.7532383452432665,1.5126339999638538,2.2017788552053035,3.2181855236801247,6.946002248591892,5.03312292547391,174.4,110.53880894431731,83.16,119.09055378156573,2.9551112792844108,3.8966240697002266,1.306553172968636,1.890442477888743,1.703147651326262,0.10707606842405658,1.4761709507407783,2.164836949166247,0.78,0.0,0.0,0.0,0.01,0.15,0.0,0.0,0.0,0.05,0.0,0.01,0.0,0.0,0.0,0.33,0.67,0.0,0.0,9,1
1092,0.06919232619264785,0.18510021125963225,5.1147032598799544,1.2625323251528109,1.0129014762825106,2.5925576501675534,6.797877806262366,5.6018892110117715,158.66,120.65647202874884,35.28,87.88124218098379,3.7894392172675215,4.852651193344829,0.6065283030168129,1.5206839818924902,1.6787426798323242,0.09810146318073436,0.6770009819683653,1.7391528160918164,0.93,0.0,0.0,0.0,0.02,0.04,0.0,0.0,0.0,0.01,0.0,0.0,0.0,0.0,0.0,0.14,0.86,0.0,0.0,11,1
1093,0.03711500675125641,0.14346776989542098,4.981083719617625,0.8956498521221521,0.5343497121134875,2.044015242768207,7.857406828961202,5.632177440022611,170.12,118.03742601138815,17.64,64.62096479401319,3.609736624840499,4.986624675801395,0.29920740703198395,1.1132933875018292,1.6774584882654986,0.06991451588632312,0.3524305414225533,1.3352224827487873,0.95,0.0,0.0,0.0,0.0,0.04,0.0,0.0,0.0,0.01,0.0,0.0,0.0,0.0,0.0,0.07,0.93,0.0,0.0,10,1
1094,0.07657836887886696,0.23892026135148897,5.4836378365095255,1.1244130853524579,0.8131653894314078,2.248197714627057,9.91122408503972,4.214085476782313,222.16,80.14717774825324,30.24,82.30285535751479,1.4552054953647222,3.208579039837687,0.5364829029689479,1.4697066394277407,1.7161528432535604,0.06991708914366922,0.5357677373166805,1.4853878620724206,0.88,0.0,0.01,0.0,0.0,0.08,0.0,0.01,0.0,0.02,0.0,0.0,0.0,0.0,0.0,0.12,0.87,0.01,0.0,13,1
1095,0.22827645090931697,0.4484528121505236,5.316591390413105,1.3492344697302294,1.455563185032173,2.7847403618654463,5.623930335422333,5.338247113703082,158.66,120.65647202874884,55.44,104.9159663730931,4.379014963198528,4.695411351427336,1.0477769258045968,2.024123643511297,1.6707752133495735,0.0863661404148991,0.9705902980857338,1.8632576281255133,0.93,0.0,0.0,0.01,0.01,0.04,0.0,0.0,0.0,0.01,0.0,0.0,0.0,0.0,0.0,0.22,0.78,0.0,0.0,7,1
1096,0.23854441675091248,0.35982937395729947,6.058340606547765,1.2162076903954333,2.510718655679833,3.4679380054293016,8.663653032033379,4.550128814350377,236.72,55.22371032281498,88.8,120.50801557648279,1.7751164282402292,2.341751594890856,1.6603887053329274,2.321641060908876,1.7253325214473665,0.07837819596143085,1.660481113464526,2.290767779910068,0.87,0.0,0.01,0.01,0.01,0.08,0.0,0.01,0.0,0.01,0.0,0.0,0.0,0.01,0.0,0.35,0.63,0.01,0.0,20,1
1097,0.10516411070703269,0.2359471890792318,5.087460374554075,1.2923541158550298,1.277804282136725,2.7810518269053377,5.879358220421791,5.549753168867132,142.74,122.30898279655206,45.36,97.30297575567303,4.905831324351274,4.98374620115427,0.8534301427648628,1.8377316357004496,1.6677130813530283,0.08721752993603184,0.8523780160451797,1.8701828551609596,0.88,0.0,0.0,0.02,0.01,0.07,0.0,0.0,0.0,0.02,0.0,0.0,0.0,0.0,0.0,0.18,0.82,0.0,0.0,16,1
1098,0.15441659857370607,0.41165512816947414,4.921436819343603,1.2118894406282104,0.6918496492402789,1.9916093959795196,5.575029344225983,5.6965726394193075,135.86,126.38093929933352,27.72,79.24544150927547,4.546670646077986,5.140022806875878,0.5075432856492559,1.4557008106961637,1.6617419346318898,0.09072383889264432,0.44754596427511784,1.2832330660878448,0.93,0.0,0.0,0.01,0.0,0.04,0.0,0.0,0.0,0.02,0.0,0.0,0.0,0.0,0.0,0.11,0.89,0.0,0.0,9,1
1099,0.14643576656667062,0.31681248904185066,5.424240112222739,0.9247521203964003,1.4918043098944898,3.0237337911833286,8.392839079352726,5.05339105319566,200.54,99.333884480879,52.92,103.15876554656374,2.162087876851317,3.6183902964850834,0.9537787116492251,1.8875607437924642,1.6933866504434048,0.06283365049673283,0.986838337343575,1.9919739025806822,0.9,0.0,0.0,0.03,0.0,0.07,0.0,0.0,0.0,0.0,0.0,0.0,0.0,0.0,0.0,0.21,0.79,0.0,0.0,12,1
1100,0.23162991723444537,0.39400221781230066,5.660603705599495,1.196804761284376,1.8639588863752652,3.131395210984639,6.757568506185065,5.097875925982054,197.38,102.2098040327054,70.56,113.7177366832617,3.468018065728915,4.077197254162037,1.3117592101282616,2.138067917039752,1.6868694920471383,0.08523717682167907,1.2058601281479167,2.0045705481281106,0.88,0.0,0.01,0.04,0.0,0.06,0.0,0.01,0.0,0.0,0.0,0.0,0.0,0.0,0.0,0.28,0.72,0.0,0.0,5,1
1101,0.22264440974531324,0.40813900103201584,5.5326667346150735,1.5781612751766638,2.2583735627699646,3.59410758516299,5.631693725847749,5.170936673586968,152.22,119.19117823772434,78.12,117.13544607535638,4.24443821915464,4.492934743407541,1.2620957312142493,1.9669089808912696,1.6747598429280757,0.09531049255737668,1.453854864562702,2.280646956956737,0.76,0.0,0.0,0.05,0.02,0.13,0.0,0.02,0.0,0.02,0.0,0.0,0.0,0.0,0.0,0.31,0.69,0.0,0.0,4,1
1102,0.122937640955648,0.2457858568367693,5.337449031084309,1.852810180252429,1.5527862247575166,3.0010249604404713,4.800243606681592,5.102546762579536,130.04,123.28991209439003,55.44,104.9159663730931,5.559854949617484,4.88815158173774,0.9093670226958401,1.7396295888329703,1.6755716363470776,0.12697089823098062,1.0004932732175522,1.941201254855573,0.83,0.0,0.03,0.03,0.01,0.07,0.0,0.0,0.0,0.03,0.0,0.0,0.0,0.0,0.0,0.22,0.78,0.0,0.0,4,1
1103,0.12308196720704333,0.25153806744882345,5.6820328782013005,1.5190923733253099,1.8804137577831725,3.3191406950193887,7.226715838885883,5.154934110958171,175.7,111.05458663252595,63.6,109.48474364453291,3.354119620548894,4.340712913675163,0.9963767362511896,1.7706959384760956,1.717075837684868,0.132551389282638,1.2358097740437253,2.1670689652225485,0.79,0.0,0.01,0.04,0.01,0.1,0.0,0.02,0.0,0.03,0.0,0.0,0.0,0.01,0.0,0.25,0.74,0.0,0.0,5,1
1104,0.17225076091415498,0.2744378787271854,5.668772994378696,1.4866764282009666,2.4116223435093413,3.663520577465972,6.345792739540665,5.112595215491642,157.18,113.87290274599124,80.64,118.14419541006197,3.9351948837481565,4.280626591421081,1.285353615617406,1.9381847981977613,1.6827425479858522,0.09820086919918385,1.5671867363936962,2.3835639945456584,0.78,0.0,0.01,0.03,0.01,0.12,0.0,0.01,0.0,0.04,0.0,0.0,0.0,0.0,0.0,0.32,0.68,0.0,0.0,5,1
1105,0.23225087005443523,0.4177065202851702,5.301609099204601,1.4216525908943556,1.884673339130633,3.19087179719518,5.217352921978022,5.28433578660161,142.06,120.91284280652555,68.04,112.44140292129538,4.207958360634995,4.556288152787451,1.1622034627960394,1.9990886698675643,1.656706111846361,0.09463593524272727,1.2527262854466599,2.1299710958378806,0.84,0.0,0.01,0.03,0.0,0.08,0.0,0.01,0.0,0.02,0.01,0.0,0.0,0.01,0.0,0.26,0.73,0.0,0.0,6,1
1106,0.18004868900358673,0.37522132941578296,5.453990093152275,1.1647722257119997,1.6899645419586509,3.1113116520019455,7.759414818210406,5.264995757701856,190.38,106.1714622388681,58.56,106.42323738049626,2.6287576214848305,3.9510726458161236,1.0009407764032692,1.86466984034707,1.6893894843468882,0.08097379624664307,1.1236829703263884,2.077981054442017,0.89,0.0,0.01,0.0,0.0,0.06,0.0,0.02,0.0,0.02,0.0,0.0,0.0,0.01,0.0,0.23,0.76,0.0,0.0,7,1
1107,0.11558301536967357,0.26275174437951754,5.071714311043284,1.1915867470035315,0.8493669143687338,2.237336887535888,6.044844688897862,5.6901259881687505,159.96,121.29968897509403,32.76,85.17541258538705,4.410904185940373,4.848452403940177,0.5936199753792646,1.5537400580424041,1.6675472082925693,0.08267085606147372,0.5703002949689457,1.5089180618405151,0.92,0.0,0.01,0.0,0.02,0.03,0.0,0.0,0.0,0.01,0.01,0.0,0.0,0.0,0.0,0.13,0.86,0.01,0.0,9,1
1108,0.25476559258294046,0.4069792551286532,5.731720553592391,1.8139883656665807,1.9513389574766762,3.0040241876598888,4.211370986526116,4.801204140452999,162.5,120.57350329558186,78.12,117.13544607535643,5.4861781640183525,4.342697361760189,1.3467809359713483,2.0457788505434578,1.6949364756020053,0.13494786184333038,1.3106785729634638,2.021524631912387,0.86,0.0,0.03,0.0,0.0,0.09,0.0,0.0,0.0,0.02,0.0,0.0,0.0,0.01,0.0,0.3,0.65,0.04,0.0,11,1
1109,0.20925784308109513,0.3911475240014486,5.47264858112292,1.3080347793181002,2.031434332046909,3.526326747560666,6.627335427829884,5.52932645320362,160.4,114.54680133888371,68.04,112.44140292129538,4.043742049175842,4.458342928080187,1.2519546893231241,2.1282486336073556,1.6717642031025586,0.08033146530085246,1.3086673660274544,2.2424135139699097,0.82,0.0,0.02,0.03,0.02,0.07,0.0,0.03,0.0,0.01,0.0,0.0,0.0,0.0,0.0,0.27,0.72,0.01,0.0,18,1
1110,0.16972109362810606,0.2851987210527794,5.083780590454681,1.6486223083527165,2.104060457776994,3.4807323114206503,2.8611877031801267,4.384197682695784,93.18,117.53257704426747,69.24,112.02408831870207,6.858001358980124,4.551067825063138,1.2582898898339872,2.112895767881245,1.6511653833181452,0.11123056275839974,1.3972023726720122,2.272786914900032,0.9,0.0,0.0,0.0,0.0,0.08,0.0,0.0,0.0,0.02,0.0,0.0,0.0,0.02,0.0,0.27,0.71,0.0,0.0,9,1
1111,0.27059789323886024,0.40165529049725623,5.537272467763678,1.6256443116343768,2.342713303770099,3.2615078196237515,4.860544583791819,5.357206405649321,151.66,121.8029722149835,88.2,120.80186633115775,5.092368977415095,4.496988024560213,1.7649457817899004,2.4952805422908324,1.6802713374622535,0.11208118423752195,1.5389163750000534,2.148831576139474,0.87,0.0,0.01,0.03,0.01,0.06,0.0,0.0,0.0,0.02,0.0,0.0,0.0,0.0,0.0,0.35,0.65,0.0,0.0,8,1
1112,0.29774261995432033,0.49815504803286464,5.4185714557141536,1.4981345715878545,1.8307161923920976,3.288506174340183,4.627904376165815,5.247723639716293,139.58,123.16706072844656,63.0,109.66892325208966,4.865711702251143,4.6798883468913335,1.251999462652063,2.217664462898692,1.6591220991475848,0.09267582208777807,1.1719284384797342,2.102721177256643,0.87,0.0,0.0,0.05,0.0,0.06,0.0,0.0,0.0,0.02,0.0,0.0,0.0,0.0,0.0,0.25,0.75,0.0,0.0,12,1
1113,0.16591922562613892,0.30972867354501965,5.298499001735123,1.2738907622342173,1.759323858951454,3.2476073497005755,6.227381503988662,5.555654914933065,158.6,118.6627510419697,60.48,108.16714338971383,4.495931015702725,4.724168593047477,1.1899371850192575,2.160080058055923,1.677473283447136,0.08626304220537397,1.1565887796418592,2.1358621077224575,0.89,0.0,0.0,0.01,0.02,0.06,0.0,0.0,0.0,0.02,0.0,0.0,0.0,0.0,0.0,0.24,0.76,0.0,0.0,11,1
1114,0.17359576509458782,0.32827604888963463,5.294971450394963,1.576607926795765,1.7858244941275632,3.067445634984206,5.2349779415358775,5.29056703714567,149.74,121.68668328493834,62.28,107.63838450191372,4.574926118080066,4.7537003006826755,1.2077398902486967,2.1901677960874437,1.6745304263162515,0.09907979680526849,1.1710931820409598,1.9898128855758506,0.83,0.0,0.02,0.01,0.01,0.1,0.0,0.0,0.0,0.03,0.0,0.0,0.0,0.03,0.0,0.24,0.73,0.0,0.0,9,1
1115,0.15312857839127988,0.3188021612072031,5.5032546766085275,1.2463092921686199,1.384036375936629,2.6601850350701692,7.872798192105673,5.167779000147003,205.68,97.76439210487818,53.52,103.02225708333835,2.6660065116451817,4.005901880104766,1.112594186762641,2.240531560926621,1.7019009707922097,0.09430428339903954,0.919890596636987,1.7655160041591347,0.92,0.0,0.01,0.0,0.01,0.05,0.0,0.0,0.0,0.01,0.0,0.0,0.0,0.01,0.0,0.21,0.78,0.0,0.0,12,1
1116,0.28050794346451896,0.5129386354961365,5.24867726482062,1.3939960974587022,1.4824005685349275,2.9756983658421796,5.315936268495405,5.730009092502264,140.82,122.05151917667122,43.32,92.46357513784942,5.199205422098991,4.857067940845276,0.7688028902798132,1.7922576795648435,1.6679182977752545,0.09034376184690078,1.0468628785300786,2.087300115468784,0.87,0.0,0.01,0.0,0.02,0.05,0.0,0.02,0.0,0.02,0.0,0.0,0.01,0.05,0.0,0.16,0.78,0.01,0.0,14,1
1117,0.17570399011785962,0.31968019339082154,5.941493604740135,1.2566932333375382,1.9230747040567457,3.2671975785005327,9.323960778712731,4.071439012949999,234.8,57.890178158930624,70.56,113.71773668326166,1.3144777947414203,2.047021464830685,1.2350800442316034,2.016749155675761,1.7241268978016049,0.08354418256663547,1.2363254490451288,2.062534557585019,0.81,0.0,0.0,0.01,0.0,0.15,0.0,0.0,0.0,0.03,0.0,0.0,0.0,0.0,0.0,0.28,0.72,0.0,0.0,23,1
1118,0.2460439737223398,0.46889982817397374,5.095367368372901,1.1192196548207902,1.5869778344806766,3.0086805543338153,5.055578787135854,5.374216616686503,134.5,123.58463341435946,57.96,106.58405133977598,4.685659874474489,4.825650388599858,1.0751788940332845,2.0397689642956682,1.6514271250403605,0.07254651914544598,1.0552125793134528,2.004535197678775,0.86,0.0,0.0,0.0,0.0,0.1,0.0,0.03,0.0,0.01,0.0,0.0,0.0,0.0,0.0,0.23,0.77,0.0,0.0,15,1
1119,0.0941870701174707,0.21853852106517538,5.181145623152734,1.574836131363171,1.531981150974851,3.246398514407887,5.593785787849392,5.493875669669843,135.12,123.05745393797552,50.4,101.30781177812854,4.726839708843193,4.948909631680725,0.7744594952776249,1.5972375445606106,1.6665002092121635,0.10485913654227172,0.964164290532315,2.005274155246425,0.89,0.0,0.0,0.01,0.01,0.05,0.0,0.01,0.0,0.02,0.01,0.0,0.0,0.0,0.0,0.2,0.8,0.0,0.0,15,1
1120,0.2218962320740289,0.26867306027712,5.96628228720357,1.286112303040289,3.0020970629435215,3.6936181557101033,6.788880991034672,4.686460199334641,192.74,97.57904022334453,105.84,125.00333086471227,2.843966080279411,3.1556841151701316,1.7172783391836912,2.1285585207866022,1.6870900553364963,0.08610443253264695,2.0038484940327566,2.470516061821272,0.73,0.0,0.01,0.03,0.04,0.13,0.0,0.01,0.0,0.04,0.0,0.0,0.01,0.01,0.0,0.41,0.58,0.0,0.0,14,1
1121,0.1689317833722966,0.36294628936932954,5.022232031818446,1.5266255579957417,1.5064230334323006,2.829740772616659,3.6900551554682903,4.970201537069944,107.86,123.29000221617585,57.96,106.58405133977597,6.450746734668639,4.81001718662233,1.014706624390237,1.8805246135281386,1.6509434310618838,0.11006845019472584,1.00383933070355,1.8964609104864174,0.88,0.0,0.0,0.01,0.0,0.1,0.0,0.0,0.0,0.01,0.0,0.0,0.0,0.0,0.0,0.23,0.77,0.0,0.0,9,1
1122,0.3119648445381096,0.5017769162273978,5.590053123761918,1.8211956356446124,1.8858255136086775,3.3321245227130936,4.654115590909451,5.109115413457925,147.2,122.138520466797,65.52,111.09268857375561,5.085146755723049,4.635878054299598,1.2168652909582682,2.2424369330575398,1.6829501008041674,0.11674930397015736,1.209040176291243,2.123200368232977,0.86,0.0,0.01,0.03,0.0,0.06,0.0,0.01,0.0,0.03,0.0,0.0,0.0,0.01,0.0,0.25,0.74,0.0,0.0,10,1
1123,0.13368705716102494,0.26191876055415486,4.955818080001265,1.4994378900794982,1.5086437068073715,2.9229841257107636,3.3496014297796246,4.773916318245738,104.7,123.24120227989475,55.44,104.91596637309307,6.644343649626166,4.763150538095938,1.0744029002853381,2.0439105361348306,1.6503038971966626,0.10508706194958141,0.9991128211556477,1.9334465432738033,0.94,0.0,0.0,0.0,0.01,0.03,0.0,0.01,0.0,0.01,0.0,0.0,0.0,0.0,0.0,0.22,0.78,0.0,0.0,8,1
1124,0.4106956085141611,0.4216416741621061,6.280350128547346,1.1536532387865865,3.6176939035496036,3.616843670726645,6.733971459231255,4.757144581677702,229.04,64.89555244600916,131.04,126.53341635530694,2.8614715151735255,2.626532931829108,2.6105969534371978,2.55062244373453,1.7085416034290386,0.08893900502140752,2.3788234895111717,2.382357915988362,0.78,0.0,0.0,0.04,0.03,0.11,0.0,0.03,0.0,0.01,0.0,0.0,0.0,0.0,0.0,0.52,0.48,0.0,0.0,12,1
1125,0.372983529622759,0.5169668054138657,5.443704845014493,1.6958821289108772,2.3235155331723782,3.273741152246949,3.9100245219565597,4.772603259896195,135.12,123.05745393797554,86.28,119.69287971531743,5.770548299749092,4.526788494010285,1.770534027474005,2.553918945051993,1.6648910959420888,0.10378749462864797,1.5010143652461039,2.098745796890078,0.83,0.0,0.0,0.0,0.0,0.14,0.0,0.0,0.0,0.03,0.0,0.0,0.0,0.01,0.0,0.34,0.64,0.01,0.0,7,1
1126,0.2449755402783468,0.3749235764753194,5.484210693723484,1.5116161145846876,2.375161364216622,3.3095939322410275,5.140229109505546,5.045577525320145,161.76,117.25523571691927,86.88,119.40604522537222,4.7939485254351135,4.430419989423978,1.6996316726774776,2.404225771843253,1.665315950479996,0.08609304411831728,1.5528785064005086,2.1280900543473065,0.79,0.0,0.02,0.02,0.03,0.11,0.0,0.0,0.0,0.03,0.0,0.0,0.0,0.02,0.0,0.34,0.64,0.0,0.0,11,1
1127,0.4262756829185964,0.5051508647884606,6.443443559232858,1.8168111487856797,3.0246088752724116,3.669955523107795,6.706624905050521,4.966952956681096,214.42,83.00044785080586,104.52,123.84500577151043,3.056204497459705,3.235022033443064,2.0636220629591833,2.6116022216712955,1.7306918036553456,0.1359165930288945,1.9307180749492365,2.3314925706044067,0.8,0.0,0.01,0.04,0.0,0.08,0.0,0.03,0.0,0.04,0.0,0.0,0.0,0.04,0.0,0.39,0.57,0.0,0.0,10,1
1128,0.6940256726813127,0.4297198903639777,7.284303314088757,1.8693687755597277,5.5935800141451235,3.441854469260061,3.9386000532954597,3.3089789818971735,194.48,89.2460541526525,194.04,106.584051339776,4.333003654020434,2.0114831960010107,3.7628591117170163,2.1687666434583535,1.7310454611174424,0.14870234898231569,3.525335267768927,2.1183433207034694,0.56,0.0,0.01,0.07,0.01,0.21,0.0,0.02,0.0,0.12,0.0,0.0,0.0,0.01,0.0,0.76,0.19,0.04,0.0,5,1
1129,0.6186854757202715,0.4660147674819006,7.044252960900195,1.7378475142214402,4.985906714220744,3.4032935161463507,4.462158945519128,3.880545299935827,188.72,91.41028388534849,171.84,115.46434317768647,3.917909199026106,2.3309812490660455,3.342371840225263,2.4466276363734973,1.733420123719097,0.1404430249265475,3.25959974121552,2.2050203192784537,0.47,0.01,0.08,0.04,0.05,0.26,0.0,0.02,0.0,0.07,0.0,0.0,0.0,0.06,0.0,0.66,0.26,0.02,0.0,4,1
1130,0.6037382986657273,0.5756033053733068,7.234772252822141,2.038286924604302,3.356390389689953,3.7092478090646193,5.920814358982441,4.819634261395429,225.2,68.90309400626624,117.12,125.39531671695502,3.3949126160048793,2.92410060053123,2.3247030782669587,2.591410137314282,1.7907212344890693,0.15746146697247046,2.1193723756847227,2.3201794538835077,0.64,0.0,0.07,0.04,0.02,0.18,0.0,0.01,0.0,0.04,0.0,0.0,0.0,0.03,0.0,0.45,0.4,0.12,0.0,10,1
1131,0.4660732632961226,0.5300578623430066,6.712436155943984,1.8678514623607156,2.928546515436346,3.5170512468895474,6.807657999557038,4.854442035099808,225.2,68.90309400626624,108.36,125.38760269297323,2.8523825174605157,2.812440164109815,2.1017417527725457,2.4994538766952026,1.7425557999703458,0.13836136734046775,1.8573275715878748,2.2257727043968165,0.78,0.0,0.01,0.03,0.02,0.1,0.0,0.02,0.0,0.04,0.0,0.0,0.0,0.0,0.0,0.43,0.49,0.08,0.0,4,1
1132,0.3766945673932558,0.4498925017699233,6.144351033958181,2.029852749689633,3.1726589238370324,3.75149625362902,4.921334511074035,4.808727691709522,170.56,111.0457472386853,105.12,123.47831609418128,4.6807774146374745,3.9023394601409414,1.9534703911473665,2.4280671021124145,1.6894672668848758,0.12894391843294356,2.0761192548224923,2.4589958455054246,0.8,0.0,0.0,0.04,0.0,0.13,0.0,0.0,0.0,0.03,0.0,0.0,0.0,0.03,0.0,0.41,0.52,0.04,0.0,7,1
1133,0.21927397019946773,0.3415713486064215,5.77338777542844,1.990053150550002,2.444615428708716,3.6831220930184227,5.008585919704063,5.212104941221098,140.76,120.0719582230387,83.16,119.09055378156572,4.053326663163884,4.318123813291857,1.515033930693635,2.236085318014957,1.708064177602526,0.1427494067961954,1.5496406223599164,2.3209855274762488,0.74,0.0,0.02,0.01,0.01,0.18,0.0,0.0,0.0,0.04,0.0,0.0,0.0,0.0,0.0,0.33,0.67,0.0,0.0,8,1
1134,0.30690672186010476,0.4104373091131216,6.408110642025023,1.7759722469652834,3.300671336789689,4.030281972859125,7.9599105581282705,4.426009794098711,215.6,77.18690421190749,110.88,125.71968819560443,2.2534513555362388,2.6781542570901506,2.100762039640109,2.5426195814386725,1.734938515678078,0.13862673005844525,2.0833940378748284,2.4925185575035314,0.81,0.0,0.0,0.01,0.01,0.12,0.0,0.02,0.0,0.03,0.0,0.0,0.0,0.0,0.0,0.44,0.55,0.01,0.0,4,1
1135,0.25540080236180046,0.40465138611756446,5.5587369808867075,1.7636505871530423,2.4216771736438285,3.633775043276759,5.753690025121852,5.250922447264313,145.72,115.29357170617831,83.16,119.09055378156572,4.145258309730829,4.331606687223259,1.4892185005926597,2.2201551909693977,1.657456056476221,0.10688212090893312,1.5161962899722687,2.2473747865629825,0.75,0.01,0.04,0.05,0.03,0.03,0.0,0.02,0.0,0.06,0.01,0.0,0.0,0.01,0.0,0.32,0.64,0.03,0.0,4,1
1136,0.2878560309118328,0.32822969133240154,6.189566326542024,1.9121756427856833,3.443976929185469,3.6115815119720063,5.227525603778949,4.681609194003253,171.18,110.25410320131981,126.0,126.63476472266072,4.35223639894901,3.807208119389959,2.3030631917860362,2.3454517632642506,1.715972247801542,0.15029901376007174,2.2627608404538906,2.380283691221129,0.75,0.0,0.01,0.01,0.01,0.17,0.0,0.0,0.0,0.05,0.0,0.0,0.0,0.0,0.0,0.5,0.49,0.01,0.0,4,1
1137,0.509096406053813,0.41613246918848046,6.9538522335075434,1.620400965193612,4.8410306587404754,3.4321300213173638,4.929097083163519,4.000094788122361,207.92,82.41306163025814,164.88,117.5213094796777,3.704643838055807,2.202922649822775,3.1249319884735045,2.3833495638459103,1.7439363232249132,0.13838497738876535,3.2972321350365315,2.340075961115077,0.57,0.01,0.05,0.01,0.01,0.29,0.0,0.02,0.0,0.03,0.01,0.0,0.0,0.06,0.0,0.64,0.27,0.03,0.0,5,1
1138,0.2880547280412224,0.3930090590401163,5.674864528286744,1.8588371448244463,2.579858657610593,3.1820948048898905,2.738379450443383,3.538477982189865,130.66,122.78421739134077,103.32,124.56638974677499,6.180456566880771,4.070531481561367,1.8566186313398598,2.328631382809786,1.6622588547766552,0.12641085030762952,1.7150919427179394,2.127027808491172,0.78,0.0,0.01,0.02,0.01,0.15,0.0,0.0,0.0,0.03,0.0,0.0,0.0,0.01,0.0,0.4,0.59,0.0,0.0,4,1
1139,0.35820370473177177,0.36221258960208697,6.514047285244417,1.9730870831214655,4.114550741533365,3.433278426295822,3.5321581949966956,3.2423261307803566,166.1,112.17532273322432,154.32,122.92223705919268,4.9218433966673025,3.411696230879808,2.6566558193621024,2.24979136969139,1.7181844001642563,0.1476479291632149,2.670825407186788,2.191531288558536,0.71,0.0,0.01,0.03,0.01,0.17,0.0,0.02,0.0,0.05,0.0,0.0,0.0,0.02,0.0,0.6,0.38,0.0,0.0,5,1
1140,0.24287680606216686,0.3291206713594625,6.024779156029853,1.877972779824241,3.5923507902322456,3.754167889006049,4.34680228881169,4.117013088615495,143.8,115.07064145668316,120.84,124.6756373372703,4.639646556915438,3.869651066623626,1.8973251708317438,2.1081938801620095,1.6850283065205454,0.12201625623943378,2.410242514223475,2.4881170187611112,0.72,0.0,0.0,0.0,0.02,0.16,0.0,0.02,0.0,0.08,0.0,0.0,0.0,0.04,0.0,0.47,0.48,0.01,0.0,7,1
1141,0.354893669690492,0.24933567062838188,7.196110176055873,1.762404730259123,5.762747844054918,2.947619162185654,5.080566203934413,3.0880577268313556,196.4,88.42870780259292,211.68,92.8501431927226,3.140413021763129,1.550711256446191,3.380157844954512,1.635905612861711,1.747534872016114,0.14753333647551956,3.747759386003862,1.8603041226263088,0.47,0.0,0.04,0.05,0.02,0.33,0.0,0.0,0.0,0.09,0.0,0.0,0.0,0.01,0.0,0.83,0.16,0.0,0.0,2,1
1142,0.41606031574314395,0.38807101395144067,6.903363732393009,1.6415496516951977,5.002501229099131,3.6640976486924415,5.4452665822333595,3.696114379628498,194.5,89.25963717315251,170.04,117.66275381939536,3.0943607084230855,1.9976557803008221,2.7707284766602736,2.031704832330784,1.720773282788235,0.14136450091049865,3.256215175862481,2.3586670450605087,0.52,0.01,0.05,0.05,0.04,0.22,0.0,0.04,0.0,0.06,0.01,0.0,0.0,0.03,0.0,0.66,0.31,0.0,0.0,3,1
1143,0.39511116589894996,0.464517994936706,6.095038868090233,2.2258092974322032,3.4530986981537537,3.809097008214749,2.760949385234767,3.3638026704464985,120.38,118.67303183473695,120.96,126.53341635530693,6.3894363883261045,3.882200414050045,2.133192024747301,2.3177567319877586,1.6889744472887926,0.14528223800932044,2.184093964096304,2.3761876386143217,0.73,0.0,0.02,0.02,0.0,0.13,0.0,0.01,0.0,0.09,0.0,0.0,0.0,0.0,0.0,0.48,0.5,0.02,0.0,4,1
1144,0.28025423223252255,0.29957083287705294,6.34650073171111,1.7580437583937338,3.1957688138031086,3.5500332819534974,7.026661025462261,4.759680863934341,211.82,82.82784629103983,118.44,126.40661662774113,2.672559541798396,2.678092368015327,2.0644555584697746,2.2477469330313773,1.7234295380119937,0.12336080664220471,2.059272633619134,2.2705782819463174,0.73,0.0,0.02,0.02,0.01,0.13,0.0,0.02,0.0,0.07,0.0,0.0,0.0,0.0,0.0,0.47,0.53,0.0,0.0,19,1
1145,0.17345775794059082,0.3338350165517864,5.818679682876899,1.6819906920019658,1.8443618063045122,3.0163014152101906,8.124599513782949,5.203180405315366,212.0,90.95320141965783,64.8,109.10545357588684,2.6941623121514704,3.7558916570825054,1.189070622799922,2.1217962402310606,1.7182692927790586,0.10677993392943061,1.2317874904169828,2.0170907105746836,0.84,0.0,0.02,0.01,0.0,0.1,0.0,0.0,0.0,0.02,0.01,0.0,0.0,0.03,0.0,0.25,0.7,0.02,0.0,21,1
1146,0.13220796581180974,0.3556550979043718,5.0541354604902455,1.5647555394051722,0.9278902247568542,2.349055135890613,5.017128229271085,5.575824503944379,124.4,125.7144431325264,35.28,87.88124218098382,5.4167441574943265,5.15542147273211,0.6275192043207991,1.57295172805794,1.6789523397852115,0.14113439712156656,0.6140760102047094,1.5660462483247732,0.94,0.0,0.0,0.0,0.02,0.03,0.0,0.0,0.0,0.01,0.0,0.0,0.0,0.0,0.0,0.14,0.86,0.0,0.0,10,1
1147,0.2060523960422568,0.34724295123354976,5.619997300358709,1.7773425653364145,1.9637544307863326,3.266815329172578,5.297414922821114,5.085840790841191,159.9,119.3173766206598,70.56,113.71773668326168,4.853345420708926,4.568792940899518,1.19729003892102,1.9560520839096736,1.682902793114759,0.11525396746434664,1.242711175445611,2.0440492029858635,0.86,0.0,0.0,0.02,0.0,0.05,0.0,0.04,0.0,0.03,0.0,0.0,0.0,0.0,0.0,0.28,0.72,0.0,0.0,12,1
1148,0.14077427124800335,0.2592392814419043,5.348911705671588,1.297762139286604,1.8453236964852269,3.0374471285355176,6.198704301560911,5.314263600588424,168.14,116.19011067290458,70.56,113.71773668326168,4.235470431164064,4.518055203364459,1.2018497310361098,1.9604288136813046,1.6645954910972989,0.0792145089170395,1.2361136221595732,2.0437359393443564,0.86,0.0,0.0,0.0,0.03,0.09,0.0,0.0,0.0,0.02,0.0,0.0,0.0,0.0,0.0,0.28,0.72,0.0,0.0,12,1
1149,0.33035172760967585,0.4206881604432158,6.4497119855634795,1.7096926971471595,3.8271723426417985,3.958104490358465,6.61460713288493,4.459257659260449,205.44,87.59045194955482,131.04,126.53341635530694,2.8806079457258047,2.8073628521794802,2.1360564875603596,2.151596779614299,1.712335822428611,0.10878538837570033,2.45454836005147,2.5007838541862846,0.67,0.0,0.03,0.03,0.01,0.18,0.0,0.04,0.0,0.04,0.0,0.0,0.0,0.0,0.0,0.52,0.46,0.02,0.0,10,1
1150,0.09417863026516875,0.19370519746781764,5.1896465035850206,1.1557505129788703,1.6049162712714795,3.1350381571316186,6.23518112348384,5.3778584608065065,149.68,119.70560521208654,55.44,104.91596637309308,4.416930459421852,4.794506593012561,0.8558633109101631,1.6591224203223605,1.6613282569968753,0.07175563709405236,1.0486843604385567,2.049086031258214,0.85,0.0,0.01,0.04,0.01,0.08,0.0,0.01,0.0,0.0,0.0,0.0,0.0,0.0,0.0,0.22,0.78,0.0,0.0,12,1
1151,0.17840740156849397,0.2676350325301346,5.116534785890438,1.3420696636164715,2.21247240225163,3.1140807037252705,3.3603642596419276,4.471822216262686,121.8,123.70394765999453,84.36,118.54211372871977,6.125379733774654,4.521713021922825,1.5539165226425546,2.2392458883105397,1.6401189882226292,0.08552562846218635,1.4732941372721857,2.067991688693249,0.81,0.0,0.0,0.02,0.01,0.14,0.0,0.02,0.0,0.0,0.0,0.0,0.0,0.02,0.0,0.33,0.65,0.0,0.0,10,1
1152,0.24096591407649207,0.39292840647247024,5.691856520963963,1.79768615184483,2.4000284899970747,3.360878514590864,4.799400341764974,4.870362868427789,158.6,118.66275104196973,90.72,121.56937413375432,5.095805577815995,4.371852974701826,1.6107468824771671,2.2546819505397644,1.6807075017644149,0.11526097334166131,1.5611145335953478,2.170717970697442,0.83,0.0,0.0,0.01,0.01,0.09,0.0,0.02,0.0,0.03,0.0,0.0,0.01,0.0,0.0,0.36,0.64,0.0,0.0,11,1
1153,0.15052626188457785,0.2884433737090217,5.33852958176554,1.92182380757115,1.7704495499575241,3.1262271650684093,4.670594666403309,5.299578870652859,125.58,122.83101473902337,61.08,107.99454531679744,4.939066134541781,4.81403290866473,1.1657429653863922,2.0640785043489713,1.679267769897708,0.12513953307864595,1.157876622600258,2.053197731148704,0.88,0.0,0.0,0.0,0.01,0.06,0.0,0.0,0.0,0.04,0.0,0.01,0.0,0.01,0.0,0.24,0.75,0.0,0.0,7,1
1154,0.4371875386983992,0.43825194374669163,6.443856853339344,1.4922224166624638,3.8580169089784158,3.775944453948874,6.673874500166319,4.688053561374243,221.36,72.48483226917827,136.08,126.22888302243233,3.0018889564089917,2.71622370621203,2.7514029964629163,2.630219887826842,1.7128755226177503,0.10471332682872049,2.482341928083705,2.40496716942104,0.77,0.0,0.02,0.02,0.01,0.1,0.0,0.03,0.0,0.05,0.0,0.0,0.0,0.0,0.0,0.54,0.44,0.02,0.0,8,1
1155,0.41060403924377664,0.3597862443127355,6.536906081853633,1.9538955073099906,4.55324291792314,3.1884884576661543,4.306592647908053,3.7846765049382105,185.12,102.3475244330597,162.36,118.3333350405463,3.9145917971904782,2.8854067923790874,2.9970626660009496,2.3373408603071986,1.7108521385076574,0.13731734884792657,3.043281353273715,2.1448595928460485,0.65,0.0,0.02,0.06,0.04,0.2,0.0,0.0,0.0,0.03,0.0,0.0,0.0,0.06,0.0,0.63,0.31,0.0,0.0,5,1
1156,0.21969539085098588,0.39085948821341543,4.957999658614088,1.5675608330200328,2.0523878092667776,3.25303405352688,1.7141698195797408,3.045679829773322,74.78,111.06314338331063,75.6,116.06267899090327,7.9004937254288805,3.9986902300369347,1.3934585324982571,2.228506248154131,1.6229643196789874,0.09642392637731617,1.3504900605342696,2.140870217004337,0.81,0.0,0.01,0.04,0.02,0.09,0.0,0.02,0.0,0.01,0.0,0.0,0.0,0.0,0.0,0.3,0.69,0.01,0.0,3,1
1157,0.4360426814960448,0.5289520963482238,5.997447297080603,2.264693830668995,3.058799057903089,3.668430587995576,2.778508824457974,3.606737683733359,112.76,117.9946172372693,102.6,123.02106249818287,6.225260663618393,4.129808876115435,1.933289919819233,2.338372777492379,1.6904779900329359,0.164513156578758,1.9659102178779457,2.3629953674858015,0.74,0.0,0.01,0.02,0.0,0.15,0.0,0.04,0.0,0.04,0.0,0.0,0.0,0.04,0.0,0.39,0.56,0.01,0.0,6,1
1158,0.30477904283991536,0.40389271336226296,5.78415619435011,2.1180985511344916,2.9417118876756074,3.7693911285635937,3.035237379734103,3.903599170167292,124.9,121.34378076899173,99.48,122.85447414800086,6.134016987816872,4.153972798815798,1.7594694605202208,2.2531327144794533,1.6740922027866123,0.12998755885314528,1.8859150333903139,2.3747888870156126,0.83,0.01,0.0,0.01,0.01,0.08,0.0,0.01,0.0,0.04,0.01,0.0,0.0,0.02,0.0,0.39,0.56,0.03,0.0,5,1
1159,0.5163212529750911,0.48263584361561424,6.604797345858686,1.5990564988768103,4.105342899674484,3.60987920612102,4.948956042594337,4.385577212439578,194.66,96.86690024789873,148.68,124.56638974677503,3.6902833778380466,2.988982435100121,2.8041751470102025,2.542782729085992,1.7233163054788128,0.12282231715685964,2.706231732821047,2.373710805869126,0.74,0.0,0.03,0.05,0.01,0.12,0.0,0.01,0.0,0.04,0.0,0.0,0.0,0.02,0.0,0.57,0.36,0.05,0.0,5,1
1160,0.34092927204664164,0.3967641777021243,6.477776224246725,2.1028138690395055,3.43653951216029,3.6214063892810846,7.168072524675088,4.720156949350876,217.58,78.74433505357896,126.0,126.63476472266072,2.4070881389186862,2.5120916089449348,2.378662526678349,2.4392675501381347,1.7239740583025123,0.14006507428802067,2.1432031061387096,2.21608006032773,0.78,0.0,0.0,0.03,0.02,0.1,0.0,0.0,0.0,0.07,0.0,0.0,0.0,0.0,0.0,0.5,0.49,0.01,0.0,10,1
1161,0.2660524851032651,0.35726888993875083,6.206678704084571,1.6409198963683294,2.799393137095421,3.4993513042010402,7.463820757911071,4.7104707413668,212.5,84.28636852535477,103.32,124.56638974677502,1.9698614162297061,2.3306873615583252,1.930450043693202,2.408362243404528,1.7245316196606106,0.12041334086681849,1.794239428677313,2.2435970440855537,0.79,0.0,0.0,0.02,0.01,0.13,0.0,0.01,0.0,0.04,0.0,0.0,0.0,0.0,0.0,0.41,0.59,0.0,0.0,13,1
1162,0.18479431080924505,0.2572126071064973,6.31551875673832,1.2196951029411802,3.0320822359558464,3.6676788823212156,8.289136015683907,4.184250168092987,217.52,75.7012309255032,108.36,125.38760269297323,1.7270458914131623,1.9709550016812347,1.700595163581788,2.027297541528273,1.7430137018130318,0.12406451034612373,1.9856704846707975,2.3905384223743944,0.7,0.0,0.0,0.06,0.03,0.16,0.0,0.01,0.0,0.04,0.0,0.0,0.0,0.02,0.0,0.41,0.57,0.0,0.0,15,1
1163,0.2815551125895841,0.3722010214006774,6.518677686800224,1.397656898398369,3.480834182408395,3.826995563227085,7.008356692801201,4.211742180347625,209.84,81.20689625887691,121.56,126.09554818758383,2.3337092745757864,2.1890408031317814,1.815795750320521,2.004213137929194,1.7376932541455228,0.10555358780045976,2.3389056730754634,2.535893822444277,0.71,0.0,0.01,0.0,0.01,0.24,0.0,0.0,0.0,0.03,0.0,0.0,0.0,0.02,0.0,0.47,0.48,0.03,0.0,13,1
1164,0.285825960619169,0.30832075014073523,6.8025889827689365,1.9606026557268401,4.346822389945445,3.6198908349396612,6.583826658858519,3.9726823909309514,202.16,85.66964032098697,156.24,122.93359626606997,2.478314525635886,1.971041547788495,2.5478799662340204,2.0453143822372017,1.7431092729100603,0.14708648394215573,2.849339036106725,2.3740793389935764,0.64,0.01,0.02,0.02,0.04,0.2,0.0,0.03,0.0,0.04,0.0,0.0,0.0,0.0,0.0,0.62,0.37,0.01,0.0,6,1
1165,0.3709585377512217,0.32308330356058007,7.210222296482741,1.754854991599686,5.505449720241326,3.457201526864081,5.5622407331428905,3.555473341798929,190.64,90.73566002405009,188.28,108.48637953888286,2.993966211195716,1.8817187690716775,3.0313975876222985,1.947626244922398,1.7601575134708107,0.1495568609888702,3.530657288268622,2.1635261905742125,0.44,0.0,0.06,0.03,0.02,0.26,0.0,0.04,0.0,0.15,0.0,0.0,0.0,0.04,0.0,0.73,0.22,0.01,0.0,3,1
1166,0.33765548215659,0.2520216599738206,6.900190456878018,1.4760040378476702,5.116712961837291,3.3678826690971135,5.71072460698478,3.8175704287951318,186.8,92.03951720469162,183.96,112.44140292129534,2.960702763423571,1.7915477187931448,2.988389560825853,1.937506139168287,1.730849324956227,0.1391873273996474,3.372060700646861,2.2290671274882694,0.49,0.0,0.01,0.03,0.04,0.34,0.0,0.01,0.0,0.08,0.0,0.0,0.0,0.01,0.0,0.72,0.27,0.0,0.0,4,1
1167,0.2570894824066517,0.2801055348233196,6.115179405143206,1.053234108201133,3.389332622337739,3.9340216141255264,7.260481750372325,4.46392665181364,211.76,79.9359743794995,114.0,125.5967573408862,2.3774193540609487,2.2797407093902327,1.8414121141320632,2.092254883999669,1.7037259641347402,0.08303067148233331,2.2362556029165033,2.570710459421661,0.71,0.0,0.0,0.03,0.0,0.19,0.0,0.06,0.0,0.01,0.0,0.0,0.0,0.01,0.0,0.45,0.54,0.0,0.0,11,1
1168,0.1436443380066168,0.2934498499593186,5.689221139940977,0.8221105493817742,1.4684058687536699,2.96066079282966,9.485528194832648,4.006227390318429,236.72,55.22371032281498,52.92,103.15876554656374,1.2417375362682095,2.16041509366179,0.9394918403016875,1.901831431497609,1.7156747576325246,0.07295061686283023,0.9778886849985348,1.9691293772356806,0.87,0.0,0.0,0.0,0.02,0.1,0.0,0.0,0.0,0.01,0.0,0.0,0.0,0.0,0.0,0.21,0.79,0.0,0.0,21,1
1169,0.1338381303930495,0.24585621059514928,5.873495083072883,1.0106086428116756,1.6416192270291692,2.831300389636543,9.630088681985649,4.093055587069926,240.56,49.23502079543862,65.52,111.09268857375564,1.2279736033315276,2.036143922805158,1.1880654654764087,2.0302620927062933,1.7382612592032098,0.10535595754715243,1.09130180511158,1.8855942120500109,0.81,0.0,0.03,0.01,0.0,0.13,0.0,0.0,0.0,0.02,0.0,0.0,0.0,0.0,0.0,0.26,0.74,0.0,0.0,21,1
1170,0.2657127463648865,0.3442459128551517,6.115318766566836,1.3850153058906347,2.886148491382566,3.490874421170819,7.9756451086752636,4.509318491272291,215.6,77.18690421190749,105.84,125.00333086471228,2.0516898881871697,2.3972333782390742,1.9792289541351267,2.3684846329880953,1.7191343409038913,0.08896533986252984,1.8939756760442201,2.308738418425975,0.74,0.0,0.0,0.03,0.02,0.18,0.0,0.0,0.0,0.03,0.0,0.0,0.0,0.0,0.0,0.42,0.58,0.0,0.0,18,1
1171,0.2911802118357832,0.3436954186794026,6.520781323777666,1.7578035857264374,3.518494236444218,3.757445848070626,7.541998711731853,4.356172342488432,207.92,82.41306163025813,115.8,124.36164272724197,2.128515062272306,2.257754409221499,2.037305413685896,2.3312574363882947,1.746931120332465,0.13167611962778053,2.318878591760921,2.478720795763869,0.71,0.0,0.0,0.01,0.03,0.15,0.0,0.01,0.0,0.09,0.0,0.0,0.0,0.04,0.0,0.44,0.51,0.0,0.01,18,1
1172,0.07350953478317426,0.28312539145173155,5.2131118925461,1.4249855729977419,0.5815513261982147,1.8761721100658153,11.03138625241092,2.614271011380134,252.08,19.2,16.92,60.56929915394432,0.4092792248597491,1.2942382691103709,0.4517504799360433,1.4643536273181907,1.6574357718429278,0.1046167327890685,0.3616222300869232,1.1576256560594935,0.18,0.0,0.8,0.01,0.0,0.01,0.0,0.0,0.0,0.0,0.0,0.0,0.0,0.03,0.0,0.06,0.91,0.0,0.0,4,1
1173,0.06769525443108743,0.20809798882482866,5.136895615909973,1.2125430371879946,0.83668985814932,2.315397833765528,10.928855823779543,2.849261375490926,240.56,49.23502079543861,30.24,82.30285535751477,0.5066672792168753,1.410751946160131,0.5421891726036406,1.502035837594886,1.6438233125568977,0.082760461530277,0.5426986494400496,1.5026544340383612,0.05,0.0,0.85,0.0,0.01,0.06,0.0,0.01,0.0,0.02,0.0,0.0,0.0,0.0,0.0,0.12,0.88,0.0,0.0,3,1
1174,0.08581423444577008,0.22658969470385493,5.17965123404554,1.2281476016266795,1.0899607341780067,2.533210853022522,10.626372276738419,3.309883576955038,238.64,52.35070547410382,38.4,90.38101168236209,0.7027407201857347,1.617458506168042,0.7487112655637425,1.7390860436820366,1.6416995617006742,0.07796577626363313,0.7388896797512275,1.728480413813346,0.05,0.0,0.83,0.0,0.01,0.11,0.0,0.0,0.0,0.0,0.0,0.0,0.0,0.01,0.0,0.15,0.84,0.0,0.0,3,1
1175,0.5457782829765144,0.41475343288247174,6.90209679181243,1.4587034037235742,4.734298583394019,3.5798890376138948,4.864957099051113,3.9629156213174523,186.8,92.03951720469162,168.84,119.09055378156573,3.7665871252059806,2.2463386473431504,3.1451552954805884,2.287527712096203,1.727040060536821,0.12619066099712856,3.0466047236937395,2.275167009470248,0.54,0.0,0.03,0.04,0.04,0.24,0.0,0.02,0.0,0.09,0.0,0.0,0.0,0.0,0.0,0.67,0.25,0.08,0.0,5,1
1176,0.3912995404138408,0.3791751122346451,6.598642865301437,1.658810959870973,3.914474477373601,3.514499719465393,6.5045786726283765,4.562508286170654,196.4,88.42870780259295,143.64,125.38760269297325,2.9178212315025123,2.543189156412042,2.6400744306532578,2.3924142733414286,1.7317758504802716,0.13856557371157358,2.5418385249304025,2.279854607646593,0.61,0.0,0.03,0.06,0.03,0.19,0.0,0.0,0.0,0.08,0.0,0.0,0.0,0.01,0.0,0.56,0.39,0.04,0.0,5,1
1177,0.44683191357267144,0.48573563381968626,6.931597307779132,1.8847666194111914,3.6857204563048303,3.6881067310081193,6.535698168313202,4.556494609124373,209.84,81.20689625887692,129.12,126.13551154503345,2.8208677161489613,2.49485409196589,2.4773019808663563,2.4716056126037174,1.7638007573784882,0.14281815742973217,2.3668829866993986,2.3812201051999,0.68,0.0,0.0,0.06,0.0,0.17,0.0,0.02,0.0,0.06,0.01,0.0,0.0,0.01,0.0,0.51,0.48,0.0,0.0,4,1
1178,0.15269055745218693,0.36295686758876083,5.516629781231522,1.4490532824753544,1.3357054997710174,2.8623169082613873,10.055865188959425,4.002372611003291,240.56,49.235020795438615,47.88,99.35786558972296,1.0812721382275614,2.077813021420598,0.8048805535136699,1.6879169371585012,1.671792276166128,0.1063933961393026,0.8793526622452036,1.885454365592945,0.19,0.0,0.7,0.01,0.01,0.06,0.0,0.01,0.0,0.02,0.0,0.0,0.0,0.0,0.0,0.19,0.79,0.02,0.0,4,1
1179,0.1877378208743228,0.35840923922614526,5.535384890352029,1.3916564425074907,1.8123299451565835,3.244751891313613,9.532569285487506,4.23094595952075,232.88,60.37747924516227,61.08,107.99454531679744,1.3034433639990612,2.212816849623994,1.1108137232043467,2.0043405216823564,1.6624576756351674,0.11077819130985014,1.2055256592470216,2.1741757789044573,0.21,0.0,0.64,0.01,0.01,0.09,0.0,0.0,0.0,0.04,0.0,0.0,0.0,0.01,0.0,0.24,0.75,0.0,0.0,3,1
1180,0.4154966739915726,0.41196345224255715,6.738707383246042,1.5337394358420915,3.8531386629069595,3.331328914177311,6.156449051454106,4.522328593813828,221.36,72.4848322691783,141.0,123.86943272509309,3.2716405532342656,2.480388134694916,2.658143743118026,2.489808405839358,1.7499574127215038,0.13850209330459687,2.5516833393098217,2.206357330153939,0.7,0.0,0.01,0.0,0.02,0.17,0.0,0.02,0.0,0.08,0.0,0.0,0.0,0.04,0.0,0.55,0.37,0.04,0.0,6,1
1181,0.3891469940072351,0.4742977428013106,6.585446801427593,1.964608151301512,3.4446458608614643,3.8700662225321403,7.257097128888543,4.649125160345466,215.6,77.18690421190749,112.68,124.53135421177345,2.4713674469361098,2.471783756771558,2.1461647690873193,2.371793491159226,1.7259258556154984,0.13740133131201795,2.191257490052701,2.4582526679691656,0.7,0.0,0.0,0.07,0.02,0.18,0.0,0.0,0.0,0.03,0.0,0.0,0.0,0.04,0.0,0.43,0.53,0.0,0.0,6,1
1182,0.4696394331978165,0.4401412670954349,7.003384493059284,1.7934062806708702,4.384029271080225,3.474899196983913,5.3965185537814895,4.073578539391158,206.0,83.55727485873494,161.28,121.56937413375432,3.2987858851701692,2.2643960454468237,2.8325953808024553,2.24923534575616,1.7473597246964212,0.14132778003525895,2.8845501875268313,2.295503077088855,0.57,0.0,0.06,0.0,0.03,0.23,0.0,0.02,0.0,0.09,0.0,0.0,0.0,0.01,0.0,0.63,0.32,0.04,0.0,5,1
1183,0.10661460447934236,0.3138974191756588,5.3162410109635285,1.162657638480766,0.9147051944452838,2.558929991731648,10.746419820063979,3.42838049097438,242.48,45.82718526258087,30.24,82.30285535751477,0.7403996912239154,1.7997941347955795,0.5200958271976293,1.425067471294191,1.6661792011215721,0.10020197381905206,0.6257400636981412,1.7483630887543051,0.18,0.02,0.73,0.0,0.01,0.06,0.0,0.0,0.0,0.0,0.0,0.0,0.0,0.0,0.0,0.12,0.85,0.03,0.0,4,1
1184,0.08082120740866276,0.242115863813285,5.207987858758982,1.178909994936138,0.9799531256630106,2.625581084855261,10.927832611222389,3.010700232937339,238.64,52.350705474103826,32.76,85.17541258538704,0.5756030534155695,1.5306446219744612,0.5733798429608304,1.545253228045166,1.6513949772945582,0.08585646547107323,0.6134747524788565,1.6360002908813749,0.14,0.0,0.78,0.0,0.02,0.02,0.0,0.01,0.0,0.03,0.0,0.0,0.0,0.0,0.0,0.13,0.87,0.0,0.0,3,1
1185,0.05340033632738468,0.16806042479596903,5.167586291127118,1.3351075372478112,0.7935146163512863,2.4994837706715343,11.314908648656075,2.5350796663890725,246.32,37.81370602885101,25.2,75.98085883359646,0.37362934543001586,1.1268639190785754,0.3885110741588848,1.2104435075487847,1.6479464837634508,0.09490543759035043,0.4901400458858176,1.543758639587264,0.12,0.0,0.84,0.0,0.0,0.03,0.0,0.01,0.0,0.0,0.0,0.0,0.0,0.0,0.0,0.1,0.9,0.0,0.0,3,1
1186,0.36750838216593207,0.4412135401916189,6.720781975204837,1.8180886637420632,3.442398214775047,3.8028154448100238,7.086554017086175,4.53321075700168,217.52,75.70123092550322,120.96,126.5334163553069,2.487032167053775,2.3727551028042186,2.1151309438653443,2.2546551583633283,1.7478075944237919,0.13919318684484994,2.2345288799480367,2.4495280965362674,0.64,0.0,0.12,0.02,0.0,0.16,0.0,0.0,0.0,0.06,0.0,0.0,0.0,0.0,0.0,0.48,0.52,0.0,0.0,5,1
1187,0.6066870047884148,0.4749897942887114,7.5459471641882745,1.6283914611801757,4.893952039396232,3.4402163181283156,4.126796434882479,3.292109422023828,206.0,83.55727485873494,175.08,115.6306974026283,4.012206572219728,1.9687586356189717,3.13754824526294,2.210739140523099,1.7767466237404386,0.154853359670075,3.208158676448102,2.2119604890359827,0.69,0.01,0.01,0.03,0.03,0.14,0.0,0.03,0.0,0.06,0.0,0.0,0.0,0.02,0.0,0.69,0.23,0.06,0.0,4,1
1188,0.45931943261602903,0.39153382687587074,7.154813236505403,1.4790798300733572,5.036474720082913,3.4497420106303123,4.953708038769546,3.5901610858113835,198.32,87.56122014183717,181.44,113.7177366832617,3.4904029356943447,2.000908127346735,3.0943308133322707,2.0244981571539387,1.7555898895809787,0.14751209962706663,3.3132301562377444,2.2402515248313035,0.57,0.01,0.0,0.02,0.03,0.3,0.0,0.0,0.0,0.07,0.0,0.0,0.0,0.01,0.0,0.71,0.26,0.02,0.0,4,1
1189,0.11281326602599231,0.25669741136044205,5.400844196510755,1.3559066141367393,1.3386461872671085,2.6490011945331084,10.007209971330722,3.664632242531434,242.48,45.82718526258087,52.92,103.15876554656377,0.9929587629564218,1.9061329731935697,0.9087417096205173,1.8319460091590012,1.663289133560372,0.10175794894327758,0.8933142520489968,1.767798011033926,0.19,0.0,0.74,0.0,0.0,0.04,0.0,0.0,0.0,0.03,0.0,0.0,0.0,0.01,0.0,0.2,0.77,0.02,0.0,3,1
1190,0.07726521734615509,0.269391770204169,5.054320552270628,0.9626079577305303,0.554257128008057,1.7841711083703264,10.93938960710075,2.9859785614614736,252.08,19.2,22.68,72.48111979869466,0.5499058483150162,1.5955398226298916,0.42791613558417974,1.380816202827884,1.6372804942725434,0.058714174749819846,0.3719785216377465,1.2027879200808225,0.1,0.0,0.86,0.0,0.0,0.04,0.0,0.0,0.0,0.0,0.0,0.0,0.0,0.0,0.0,0.09,0.89,0.02,0.0,3,1
1191,0.06803286844755964,0.1802545940404877,5.091179526496393,0.800613093942267,0.938828055495502,2.3811184765856157,10.752667499188453,3.1605252308515417,246.32,37.813706028851016,35.28,87.8812421809838,0.6727225171829235,1.71663354448316,0.6889757032999633,1.7803444709262133,1.6406620545437811,0.0660688236946818,0.6358673777725525,1.6285598676477624,0.08,0.0,0.83,0.01,0.0,0.08,0.0,0.0,0.0,0.0,0.0,0.0,0.0,0.0,0.0,0.14,0.86,0.0,0.0,2,1
1192,0.03580105323391082,0.12265690793383337,5.062594471249597,1.0046096367651889,0.6163525190529218,2.035072807044446,11.160344655938172,2.3674555485260007,246.32,37.813706028851016,22.68,72.48111979869466,0.3464785994835822,1.0973450569936307,0.36876299156660053,1.1905351567083078,1.6441508032734853,0.08623775839256546,0.409876255691882,1.3447653665240125,0.07,0.0,0.87,0.0,0.0,0.06,0.0,0.0,0.0,0.0,0.0,0.0,0.0,0.0,0.0,0.09,0.91,0.0,0.0,2,1
1193,0.08042151646986057,0.21182456158804153,5.118694286212994,1.0938368116943316,0.8906121506512997,2.3379500981186783,10.826261946117945,3.207107857871162,242.48,45.82718526258087,32.76,85.17541258538704,0.6299459110729075,1.5676504457148768,0.6173772246740233,1.6084277953924575,1.6379262032261568,0.06748560154998812,0.5976325055096734,1.5745774881297547,0.11,0.0,0.82,0.0,0.02,0.04,0.0,0.0,0.0,0.01,0.0,0.0,0.0,0.0,0.0,0.13,0.86,0.01,0.0,2,1
1194,0.3633579690324551,0.34115758895462783,6.719394811291913,1.7108326139380257,4.62900778805465,3.5642616229470736,6.091775748432372,4.073311068507517,209.84,81.20689625887694,166.92,119.28386311651713,2.928637170302281,2.099764409221777,3.0092345301458754,2.20949095389018,1.7199415307642465,0.13679067774582035,2.9990820543777836,2.255315582341746,0.59,0.0,0.11,0.01,0.02,0.2,0.0,0.01,0.0,0.06,0.0,0.0,0.0,0.02,0.0,0.65,0.33,0.0,0.0,4,1
1195,0.2431415239279453,0.31492114568002505,6.221456139860753,1.3450886624121374,3.0471548186613986,3.672503547808706,8.13648630915767,4.344779846763215,217.52,75.7012309255032,104.52,123.84500577151044,1.9108150792611422,2.2437656354376343,1.8408015851563413,2.257049735817666,1.7324714670129282,0.11116162452443046,1.9980189562002844,2.388249017993809,0.74,0.0,0.0,0.06,0.03,0.15,0.0,0.0,0.0,0.02,0.0,0.0,0.0,0.02,0.0,0.41,0.57,0.0,0.0,17,1
1196,0.2995593829265296,0.4679786472934616,6.3855886136065685,1.8875071375315127,2.345862676709267,3.2833167416861135,8.13797328905833,4.661837147566003,227.13,66.96126650625132,84.36,118.54211372871977,2.0474711373311747,2.5993410632421305,1.6303566339560787,2.256981857401361,1.7441165378699406,0.11770733835164333,1.5059768730245073,2.1053487521895753,0.83,0.0,0.0,0.02,0.01,0.1,0.0,0.01,0.0,0.03,0.0,0.0,0.0,0.02,0.0,0.33,0.58,0.07,0.0,5,1
1197,0.12448462384099539,0.34675923557585375,5.310214981545435,1.641364759685394,0.9461574167078847,2.4258346446007133,10.967713531962747,3.5348549153326614,248.24,32.91774873557093,29.52,79.27709746085675,0.710253316762983,1.7197733738815173,0.6993090898883177,1.7680219703430136,1.649374812790387,0.09620102786551607,0.5935427175372484,1.5101676889500075,0.15,0.0,0.81,0.0,0.0,0.02,0.0,0.01,0.0,0.01,0.0,0.0,0.0,0.03,0.0,0.11,0.85,0.01,0.0,5,1
1198,0.08933662146101774,0.31566253430301355,5.164993621854324,1.0684832906261377,0.5185723096596913,1.9908386066465706,11.016252024356316,3.0447284717060294,250.16,27.015416474167623,17.64,64.62096479401318,0.5225466516559546,1.6028764202649053,0.31186126501194933,1.1524573404172156,1.6523042520890374,0.07685011991436336,0.3379952459573022,1.2833712188372497,0.23,0.0,0.75,0.0,0.0,0.01,0.0,0.01,0.0,0.0,0.0,0.0,0.0,0.0,0.0,0.07,0.9,0.03,0.0,5,1
1199,0.06212626966713277,0.18574850872162,5.0613219450961875,0.7139026934693954,0.8282979439637682,2.310888064650179,11.036447797803888,2.9312388603587665,246.32,37.813706028851016,30.24,82.3028553575148,0.5299502085656467,1.4450131779452304,0.5279077577273467,1.4660423581225184,1.6394205203013124,0.04150046738609437,0.5354042854448942,1.4953036468424643,0.17,0.0,0.76,0.01,0.0,0.04,0.0,0.01,0.0,0.01,0.0,0.0,0.0,0.0,0.0,0.12,0.88,0.0,0.0,3,1
1200,0.04755960966893995,0.18284473451164257,5.026301027038151,0.8748321225963772,0.6143511093392654,2.208370791470508,11.329818331493977,2.414079126693097,248.24,32.91774873557094,20.16,68.71030093476126,0.34527393462533257,1.1691096265916217,0.3474053158304267,1.2086237019107215,1.6397867562129034,0.057970919427717336,0.3930797645606205,1.382762479020299,0.13,0.0,0.8,0.0,0.0,0.06,0.0,0.01,0.0,0.0,0.0,0.0,0.0,0.0,0.0,0.08,0.92,0.0,0.0,3,1
1201,0.03687427761075659,0.14480622667765622,4.983364367192742,0.8493960162965911,0.5176280142010251,1.9502558344573866,11.267888690540374,2.2138549751029695,248.24,32.91774873557093,17.64,64.62096479401319,0.3040550012606117,1.1099322311133404,0.3129842472847046,1.1624577503850544,1.6383354664764134,0.06432198568436279,0.3478977127675087,1.319633529448531,0.07,0.0,0.88,0.0,0.0,0.05,0.0,0.0,0.0,0.0,0.0,0.0,0.0,0.0,0.0,0.07,0.93,0.0,0.0,3,1
1202,0.25793194332492264,0.41904398268578696,5.894799734072104,1.5814072374261823,2.6027097451384806,3.774749431453206,8.700399621693885,4.455463129194386,223.28,70.74296624207437,88.2,120.80186633115775,1.7560965867992866,2.399399370763895,1.6232562218027917,2.3325264424344465,1.6851612798931506,0.0957899503361622,1.6653192688172205,2.376667721430075,0.52,0.0,0.31,0.0,0.0,0.14,0.0,0.02,0.0,0.01,0.0,0.0,0.0,0.0,0.0,0.35,0.63,0.02,0.0,4,1
1203,0.321323827974806,0.3685395637001666,6.50927207792879,1.3021998716543193,4.307167936662466,3.593166053240526,6.602476740972886,4.42050961140274,200.24,86.64208509200888,154.32,122.92223705919268,2.6805983504020623,2.2209867063723556,2.653747765593618,2.2563949586031,1.720688408066111,0.11747239246543477,2.8876805923989326,2.4092815959058065,0.68,0.0,0.0,0.02,0.03,0.22,0.0,0.02,0.0,0.03,0.0,0.0,0.0,0.01,0.0,0.61,0.36,0.02,0.0,4,1
1204,0.43588774124621543,0.4692188662842454,7.301773352760515,2.2518002838981634,4.563553080412735,3.6080280148397597,6.121484012146479,4.214102694871943,213.68,78.59715470214381,148.44,120.81727751217768,2.8789106467948846,2.1658890317559063,2.901138325955572,2.3001892368312586,1.7759807373515464,0.16382112027618906,2.9117556620754352,2.2873041089885797,0.69,0.0,0.03,0.02,0.01,0.18,0.0,0.01,0.0,0.06,0.0,0.0,0.0,0.08,0.0,0.57,0.35,0.0,0.0,5,1
1205,0.5540530559673167,0.3801309610193987,7.098746506835555,1.4356696391863764,5.5751033261124245,3.2621183134161833,4.482653638112204,3.4600462199280075,207.92,82.41306163025814,199.08,103.15876554656374,3.9510397579624645,2.111392700334956,3.782822620297034,2.210162228495753,1.7327351236067876,0.14468921518732933,3.5812305533128583,2.047370500399458,0.6,0.0,0.04,0.07,0.04,0.17,0.0,0.03,0.0,0.05,0.0,0.0,0.0,0.0,0.0,0.79,0.21,0.0,0.0,4,1
1206,0.19368853810060047,0.32684447595877797,5.89726846184684,2.0888508977704485,2.1931773420045744,3.4592030464976986,9.506671335967756,4.075836878691196,225.2,68.90309400626624,75.6,116.06267899090325,1.2486768353853284,1.9598150444004725,1.354849310912729,2.115014046635712,1.6877493129802934,0.1388994950138638,1.3620036613161906,2.1432517651695115,0.16,0.0,0.63,0.03,0.0,0.11,0.0,0.01,0.0,0.06,0.0,0.0,0.0,0.0,0.0,0.3,0.7,0.0,0.0,2,1
1207,0.18358877870352175,0.347277696103589,5.491612203593092,1.166297184862023,1.9605634775622005,3.2983469294856844,9.561452043680726,4.21205235353796,225.2,68.90309400626626,68.04,112.44140292129538,1.352755751730382,2.299910000541337,1.2687658395545274,2.1941242506833327,1.6569532287805089,0.09512455845121807,1.27194023157851,2.162148157603383,0.18,0.0,0.64,0.05,0.02,0.08,0.0,0.01,0.0,0.02,0.0,0.0,0.0,0.0,0.0,0.27,0.73,0.0,0.0,3,1
1208,0.11497636460483418,0.20050732879921251,5.533454417534334,1.3951185132297357,2.105610673545452,3.3598399026681505,9.629997787378203,3.996226863245831,221.36,72.48483226917828,67.92,110.28848122496333,0.9948325598198019,1.710052423257246,1.0200533680417814,1.7628053742062757,1.6685482955279651,0.09981932789466043,1.4244628661250769,2.2701339454192575,0.2,0.0,0.58,0.03,0.03,0.13,0.0,0.0,0.0,0.03,0.0,0.0,0.0,0.04,0.0,0.26,0.7,0.0,0.0,4,1
1209,0.22941573844221758,0.3638776283621185,5.96783063461783,1.7383016119146273,2.360451824917076,3.5973022516513384,9.01871055864507,4.407535021419899,227.12,66.95713689979718,76.8,115.57917396549196,1.5307458068197772,2.1153319444601277,1.3643436161138107,2.0809679578789892,1.684066117937717,0.11085371686660454,1.5106804894091255,2.2791058174423884,0.39,0.0,0.45,0.03,0.01,0.08,0.0,0.01,0.0,0.03,0.0,0.0,0.0,0.02,0.0,0.3,0.67,0.01,0.0,4,1
1210,0.36400617014593556,0.46153135609400603,6.745279097388657,2.095702829403042,3.510292130876508,4.134356125027658,7.121340119959663,4.357358049263943,207.92,82.41306163025813,107.64,123.88211405129549,2.365754207352872,2.3348510620250438,1.7419845845929485,2.1143644551875207,1.7329440222469337,0.14657278954320677,2.2533289445566553,2.6184851160634115,0.55,0.0,0.16,0.01,0.02,0.13,0.0,0.02,0.0,0.09,0.02,0.0,0.0,0.04,0.0,0.41,0.55,0.0,0.0,5,1
1211,0.3338735733569156,0.3620210689056199,6.978970028968704,1.8712736561118017,4.021086172577332,3.9307120584427144,6.364258695877647,4.040225996130175,204.08,84.64204843714718,141.12,125.71968819560443,2.6380383607888502,2.013667431698262,2.213254468573032,2.0451301150566152,1.7505621165808345,0.14979519321219625,2.541541011888408,2.3866544540684838,0.54,0.0,0.01,0.03,0.02,0.27,0.0,0.04,0.0,0.08,0.01,0.0,0.0,0.02,0.0,0.54,0.42,0.02,0.0,11,1
1212,0.2120028516770849,0.32262957716611873,5.970275265579631,1.0689505923572078,2.4551708746525254,3.444933136554763,8.469456379396375,4.452987850963556,227.12,66.95713689979718,90.72,121.5693741337543,1.7882413550869865,2.2368240854393675,1.501718221026269,2.031336438982395,1.705741271321271,0.08005561460189921,1.5990103507459947,2.2216872536857286,0.85,0.0,0.0,0.0,0.01,0.07,0.0,0.02,0.0,0.05,0.0,0.0,0.0,0.0,0.0,0.36,0.64,0.0,0.0,16,1
1213,0.3354257480173167,0.3646599546020573,6.481633412211773,1.6171330633689098,3.775461220651257,3.810020757381261,6.912866860505725,4.550523919474016,215.6,77.18690421190749,131.64,126.0470907673362,2.683099879896365,2.5531467583922347,2.4660076928047845,2.567903836203943,1.7290786520500412,0.11473394664325041,2.464064278925626,2.45457564212266,0.74,0.01,0.0,0.02,0.01,0.14,0.0,0.02,0.0,0.06,0.0,0.0,0.0,0.01,0.0,0.52,0.47,0.0,0.0,14,1
1214,0.41965178292932476,0.4348639527872884,6.62822108762602,1.6352942109179023,3.5409918939883585,3.8920733447726503,6.772163036005297,4.752278732175469,211.76,79.93597437949948,120.96,126.53341635530695,2.790584765973661,2.537622988921028,2.2768008363634573,2.4445528111296984,1.7409129862590353,0.1141987406713487,2.251845762604028,2.457369506568347,0.69,0.0,0.01,0.02,0.02,0.11,0.01,0.04,0.0,0.09,0.01,0.0,0.0,0.0,0.0,0.48,0.48,0.04,0.0,13,1
1215,0.44396126237260475,0.4532904735034644,6.945328698758773,1.9353426485262804,3.524186659397035,3.532535727104084,6.679674487860052,4.59278449171659,238.64,52.350705474103826,131.04,126.53341635530693,2.7447119041969263,2.5102168771772897,2.594212125564586,2.527739233034413,1.7695044530597561,0.1411769415207483,2.228647247992239,2.23679112862586,0.7,0.0,0.0,0.08,0.0,0.2,0.0,0.01,0.0,0.01,0.0,0.0,0.0,0.0,0.0,0.52,0.43,0.05,0.0,12,1
1216,0.3954048533574516,0.4747662134695487,6.700098374826646,1.9922459632153122,2.898011416670197,3.3743985001070738,7.013306939912142,4.716144938450209,234.8,57.890178158930624,110.88,125.71968819560443,2.5684729670260027,2.5325193749146466,2.0876251803331836,2.3894981452009354,1.7476889943391647,0.13771485776996967,1.8964488680134193,2.21836227511644,0.61,0.0,0.15,0.01,0.02,0.18,0.0,0.0,0.0,0.03,0.0,0.0,0.0,0.0,0.0,0.44,0.51,0.05,0.0,6,1
1217,0.17099003042362,0.3386556939250221,5.5656037247788115,1.6025461926552205,1.697780603337563,3.13799034236452,9.781614516079253,3.972220800567671,234.8,57.89017815893061,60.48,108.16714338971383,1.156755076947664,2.0819150205324712,1.1480613450188428,2.116591725622802,1.6643886868684807,0.11395581536494832,1.0856247482944523,2.0104643671411537,0.19,0.0,0.71,0.03,0.0,0.05,0.0,0.0,0.0,0.02,0.0,0.0,0.0,0.0,0.0,0.24,0.75,0.01,0.0,4,1
1218,0.08567628416372891,0.20202356034961114,5.228764297392655,1.009225401340644,1.2303495649836338,2.6948819198924183,10.676262363769897,3.4926043880027646,242.48,45.82718526258086,45.36,97.302975755673,0.7606679835899368,1.6377959219016305,0.7853695535368419,1.7062013297647964,1.648214864321043,0.06091435003729459,0.8191281014895254,1.7999418214448244,0.24,0.0,0.67,0.0,0.0,0.07,0.0,0.01,0.0,0.01,0.0,0.0,0.0,0.0,0.0,0.18,0.82,0.0,0.0,4,1
1219,0.10935133996323101,0.229732373728484,5.250534843671415,0.9071896346281718,1.3580389862714832,2.768255043650748,10.353696661541909,3.7508728237843876,238.64,52.35070547410381,50.4,101.3078117781286,1.0147813265815981,2.117450576720624,1.0509968627767696,2.2113276795415038,1.6503740263122282,0.06352394303642597,0.9257616376351924,1.899436240230649,0.23,0.0,0.68,0.0,0.01,0.08,0.0,0.0,0.0,0.0,0.0,0.0,0.0,0.0,0.0,0.2,0.8,0.0,0.0,4,1
1220,0.13522718898536756,0.2816168571070602,5.5403955186588645,1.3337129837728097,1.6476644954299327,3.1390573110666318,9.854440066122194,3.765884593946497,236.72,55.22371032281497,57.96,106.58405133977598,1.0554079133653251,1.9091498220853351,1.0113621685858516,1.8738248581983317,1.6756349632566716,0.09959104899121902,1.0842473306200093,2.0582199946280104,0.31,0.0,0.58,0.0,0.0,0.09,0.0,0.0,0.0,0.02,0.0,0.0,0.0,0.0,0.0,0.23,0.76,0.01,0.0,8,1
1221,0.1953747637299632,0.38603188438356156,5.655845529102404,1.4946313982531454,1.6424527457121352,3.2056904996523237,9.5408046761628,4.288910973606999,244.4,42.05623940305733,52.2,100.92481449979576,1.351315325399823,2.3104245766842024,0.9274931625007811,1.9093776561279185,1.685488952095995,0.11823456906264414,1.0898446663149655,2.068096118696934,0.37,0.0,0.55,0.01,0.01,0.04,0.0,0.0,0.0,0.01,0.0,0.0,0.01,0.03,0.0,0.2,0.77,0.0,0.0,10,1
1222,0.3145766577387123,0.4623102342661701,6.093417703647719,1.6279189007826096,2.218934129003995,3.309891812559196,8.231193616831826,4.813656605597784,227.12,66.95713689979718,72.96,112.823981976754,2.063873873174548,2.6302398718791675,1.3423624163864434,2.178227801763309,1.7122917652950451,0.11816768106932857,1.4813689628814688,2.2139885199256106,0.53,0.0,0.3,0.05,0.01,0.08,0.0,0.0,0.0,0.03,0.0,0.0,0.0,0.05,0.0,0.27,0.64,0.04,0.0,13,1
1223,0.12286528322315977,0.29125945928471314,5.403275441645413,1.2537965125925503,1.3671617467442456,2.9400823469520336,10.40471565938888,3.5859630005434773,232.88,60.377479245162256,47.88,99.35786558972296,0.8636004259004282,1.8141897708306778,0.8823492463182493,1.8607793215638402,1.6666490873394837,0.07960698792169922,0.8663234945470513,1.8504429066353918,0.38,0.0,0.48,0.03,0.03,0.06,0.0,0.01,0.0,0.01,0.0,0.0,0.0,0.0,0.0,0.19,0.81,0.0,0.0,14,1
1224,0.12366743215968488,0.2791715676265708,5.556922104736392,1.3308229931462476,1.5075248849247975,3.1643634000456173,10.096035291049965,3.5264706651057027,236.72,55.22371032281498,50.4,101.30781177812858,1.2592723475567675,2.232881664567998,0.845425225327523,1.7294990052110375,1.6838706373342724,0.1059171518191391,0.9695456587927239,2.028488486528865,0.36,0.0,0.54,0.0,0.01,0.07,0.0,0.0,0.0,0.02,0.0,0.0,0.0,0.0,0.0,0.2,0.74,0.06,0.0,10,1
1225,0.12376325261144448,0.2803209586949985,5.414083262067562,1.462995757241389,1.4083289377468913,2.7925713796904974,10.136054679293997,3.642873696102426,240.56,49.23502079543863,52.92,103.15876554656374,0.9152269857175306,1.8368711633908126,0.9927753821928329,1.9900229523782822,1.6587866419485786,0.09947414110001832,0.9065506190028689,1.7967168205061252,0.24,0.0,0.66,0.0,0.0,0.05,0.0,0.01,0.0,0.04,0.0,0.0,0.0,0.0,0.0,0.21,0.79,0.0,0.0,4,1
1226,0.1456029190594361,0.31989375064784115,5.564086989577252,1.3545593731960994,1.528599244916947,2.918098524554078,10.296007480639128,4.051350037836011,238.64,52.35070547410382,57.96,106.58405133977598,1.0549061212565698,1.9986656486362606,1.1167456987799178,2.118885108491064,1.6808356278811953,0.11318280770255673,0.973617906153042,1.8304885969253246,0.38,0.0,0.51,0.03,0.03,0.03,0.0,0.0,0.0,0.02,0.0,0.0,0.0,0.0,0.0,0.23,0.77,0.0,0.0,5,1
1227,0.14090263700232789,0.2895369272331064,5.396747722918411,1.1865908910368954,1.5211693376546354,2.815296253120262,8.931416225008476,4.814653431039677,217.7,84.50228614443733,57.96,106.58405133977598,1.0823026294328746,2.0096044896116343,1.139156622763916,2.1231651267138965,1.671350521389944,0.08856685222022932,1.0055311172557366,1.8636610026468166,0.39,0.0,0.49,0.03,0.0,0.08,0.0,0.0,0.0,0.01,0.0,0.0,0.0,0.0,0.0,0.23,0.77,0.0,0.0,9,1
1228,0.2586715675250436,0.4161301332100502,5.968751199048593,1.65437094892638,1.7970222634382538,3.128798706188559,8.559076405166007,4.797644706616484,231.64,64.41743913449575,63.6,109.48474364453291,1.7001226936683904,2.446652565886862,1.203092685483125,2.1208609144700543,1.7116116278043583,0.11709474515506271,1.1746419749876227,2.047399129961591,0.55,0.0,0.34,0.0,0.0,0.08,0.0,0.0,0.0,0.02,0.01,0.0,0.0,0.01,0.0,0.25,0.7,0.04,0.0,12,1
1229,0.13631434880173413,0.2749494213706371,5.470059902744897,1.3035609041381437,1.2517140713719244,2.613754694274006,9.974258920238418,3.903534053143457,242.48,45.82718526258087,45.96,97.20538705610545,1.0583172571924557,2.1227236614238367,0.923282538950249,2.0331551166312942,1.6788642265131273,0.10145561642558724,0.8345560401984226,1.7547342186151784,0.4,0.0,0.53,0.0,0.0,0.05,0.0,0.0,0.0,0.02,0.0,0.0,0.0,0.01,0.0,0.18,0.78,0.03,0.0,11,1
1230,0.20956764434795905,0.3354104663565982,6.032273127600295,1.762370277552388,2.3589383561911546,3.4465869212934135,9.006745716118333,4.192594463975387,238.64,52.35070547410381,85.68,119.9759975995199,1.4714314599180378,2.0784592089905636,1.5712078496631199,2.227224315239691,1.711611872824306,0.12176551938340936,1.486451143087155,2.1418069417132584,0.6,0.0,0.32,0.02,0.0,0.04,0.0,0.0,0.0,0.02,0.0,0.0,0.0,0.01,0.0,0.33,0.66,0.0,0.0,8,1
1231,0.25908893877212913,0.42903076995963674,5.703043591504749,1.3532253854041787,1.8532318724189576,3.0543250382109517,8.817763057311854,4.565696806037527,242.48,45.827185262580876,70.56,113.71773668326166,1.7289788100600105,2.5604436857430217,1.3770950150858727,2.3152392868275555,1.6773084490619048,0.1044528491206426,1.2156067494200409,2.0058094778082336,0.45,0.0,0.46,0.0,0.0,0.07,0.0,0.0,0.0,0.02,0.0,0.0,0.0,0.01,0.0,0.27,0.72,0.0,0.0,8,1
1232,0.19604852579991047,0.32222745981455675,5.655613629117267,1.1892249044813092,2.004412436803035,3.038371868548891,9.063361288157644,4.288166307833007,246.32,37.813706028851016,78.12,117.13544607535638,1.502529463942777,2.2247232776234664,1.4959837200045112,2.2576090478826587,1.6765887703531277,0.08583141263974009,1.3048154990058567,1.9777354263284812,0.54,0.0,0.36,0.03,0.0,0.07,0.0,0.0,0.0,0.0,0.0,0.0,0.0,0.0,0.0,0.31,0.68,0.01,0.0,13,1
1233,0.16987709462324843,0.3140078238299622,5.648319719361255,1.452948102780306,1.8502962931452063,3.223038613861269,9.810263827581089,4.11919382752421,232.88,60.37747924516226,65.52,111.09268857375564,1.2037456169277225,2.0692119293583873,1.2645208047628709,2.1678885893363358,1.6858451240539827,0.10415473828138581,1.2097820684173903,2.113116584546239,0.49,0.0,0.4,0.01,0.0,0.07,0.0,0.01,0.0,0.02,0.0,0.0,0.0,0.0,0.0,0.26,0.74,0.0,0.0,17,1
1234,0.1070019780986883,0.2531184532148712,5.40361838914965,1.317112819494347,1.3299421188297322,3.064239009802309,10.554334315970605,3.3617759542618892,230.96,62.70693741524935,42.84,95.13634235329648,0.759218576038799,1.6901906873506922,0.7537264436401756,1.6893813010151697,1.6708529416419047,0.10100474085449956,0.8521847430443791,1.9574924104147131,0.28,0.0,0.61,0.0,0.0,0.07,0.0,0.01,0.0,0.03,0.0,0.0,0.0,0.0,0.0,0.17,0.83,0.0,0.0,9,1
1235,0.09566216228568945,0.26796913837165404,5.240032767044385,1.2340720850346358,1.009583964083309,2.5774614437965453,9.442973339951179,4.8234069907370305,208.16,93.14772887161229,33.36,85.15363655289077,0.6384657998970205,1.707097174977732,0.6591121010394968,1.7714167081242675,1.6734823239387009,0.1003116973473452,0.6690330031348423,1.7139010537293695,0.42,0.0,0.48,0.0,0.01,0.05,0.0,0.02,0.0,0.02,0.0,0.0,0.0,0.01,0.0,0.13,0.86,0.0,0.0,15,1
1236,0.16312533212077085,0.3048420251279036,5.7729406144692135,1.516618776362788,1.4944610172774497,2.790982459084288,9.498330035737418,4.1438314720415965,236.72,55.22371032281497,57.96,106.58405133977598,1.2517239906793873,2.047359502919626,1.0934635783439435,2.035715386949507,1.701807076051988,0.12053751672705922,0.9591592329194681,1.7879048724806754,0.55,0.01,0.34,0.02,0.0,0.03,0.0,0.0,0.0,0.03,0.01,0.0,0.01,0.0,0.0,0.23,0.77,0.0,0.0,16,1
1237,0.16059850958837646,0.2818218866590173,5.676313981366945,1.5338319681991834,1.9456706640503967,3.348647387627416,9.574487465424987,3.9195536909664384,234.8,57.890178158930624,68.04,112.44140292129538,1.1876926063280155,1.9677125797960284,1.2267592709304522,2.046659920611876,1.682671421931613,0.11696049939221663,1.2473974319412855,2.13245340206109,0.39,0.0,0.49,0.01,0.01,0.08,0.0,0.0,0.0,0.02,0.0,0.0,0.0,0.0,0.0,0.27,0.73,0.0,0.0,10,1
1238,0.23891355864469907,0.46334864796519415,5.556639258236905,1.5668438592148717,1.5158611593930373,3.3059454762310003,9.57695846277058,4.275462140997647,236.72,55.22371032281497,47.88,99.35786558972296,1.3641504619623221,2.5397711798466114,0.9872471302093665,2.0836184927650083,1.6723500553055726,0.10536860988774853,0.9446871118663439,2.032214036989295,0.28,0.0,0.59,0.0,0.01,0.05,0.0,0.01,0.0,0.04,0.0,0.0,0.02,0.0,0.0,0.19,0.8,0.01,0.0,10,1
1239,0.19273437281834263,0.3759242487475323,5.791142583408482,1.85875673178816,1.5900860814458126,2.9081667537312623,9.711073675247455,4.117949732415298,238.64,52.35070547410382,58.56,106.42323738049625,1.2077012141613586,2.10857368420209,1.1149812287867962,2.066284977095827,1.6933469981770513,0.12710365766643023,1.0014653370517888,1.8164825506943216,0.44,0.0,0.43,0.01,0.01,0.05,0.0,0.01,0.0,0.05,0.0,0.0,0.0,0.02,0.0,0.22,0.76,0.0,0.0,16,1
1240,0.21676152582586705,0.4215546400137134,5.855008907692003,1.7463429949652294,1.7128079405786312,3.0221657477161137,9.346632520442842,4.303322580609143,232.88,60.37747924516226,63.0,109.66892325208964,1.3937005098561925,2.2550936347984276,1.1249732298234418,1.992966063711518,1.6937466699366244,0.11455871424244862,1.1140282737973572,1.9808086805707827,0.36,0.0,0.44,0.04,0.0,0.12,0.0,0.0,0.0,0.03,0.0,0.0,0.01,0.0,0.0,0.25,0.72,0.03,0.0,12,1
1241,0.18950768479675348,0.3735540068495975,5.7373212228000146,1.5097158498885388,1.8125385851784772,3.294621892544757,9.622207586734412,4.1104100104270795,232.88,60.37747924516226,63.0,109.66892325208966,1.2614245378475228,2.1119035251669995,1.0850644854258393,1.9117921139257426,1.6847408238174362,0.09819182040672697,1.1498138637566413,2.077375794654096,0.39,0.0,0.43,0.02,0.0,0.12,0.0,0.01,0.0,0.03,0.0,0.0,0.0,0.0,0.0,0.25,0.72,0.03,0.0,10,1
1242,0.12344380368109509,0.24455778072497708,5.681214859627816,1.241031966349796,1.5980267240501285,3.059857952904345,9.890610160901765,3.830206477293514,238.64,52.35070547410383,57.96,106.58405133977598,1.0506790459459854,1.8775064794078635,0.9756197802053017,1.85160540333012,1.7004900042354907,0.10811307681931052,1.0456283726620983,1.9888193647478998,0.48,0.0,0.39,0.02,0.0,0.11,0.0,0.0,0.0,0.0,0.0,0.0,0.0,0.0,0.0,0.23,0.76,0.01,0.0,10,1
1243,0.16321035635451153,0.29835460090332755,5.811315915394224,1.6050374003068117,1.9970867106254488,3.270027472490512,9.521294769008266,4.072673215348409,234.8,57.890178158930624,69.24,112.02408831870213,1.266162063088266,2.0690899927326503,1.2132708238677026,2.0698701616457535,1.702995183505908,0.12576414771554803,1.2991132820287856,2.1114828843440585,0.44,0.0,0.43,0.0,0.02,0.07,0.0,0.01,0.0,0.03,0.0,0.0,0.0,0.02,0.0,0.27,0.71,0.0,0.0,7,1
1244,0.15576087483114365,0.30406367231693454,5.646202458401559,1.500363769088265,1.6811744239603899,3.119058602034214,9.597791631496003,4.007003659653127,234.8,57.89017815893061,60.48,108.16714338971383,1.1900536812251432,1.9558612566894993,1.0094715244436008,1.8387863655913221,1.6763288575723378,0.104964352919799,1.1100018745880162,2.048045692709373,0.28,0.0,0.59,0.02,0.0,0.09,0.0,0.01,0.0,0.01,0.0,0.0,0.0,0.0,0.0,0.24,0.76,0.0,0.0,8,1
1245,0.09776984754571488,0.1969954741553988,5.490752172162234,1.0120043303323105,1.6320748488241912,2.883290330481335,9.999523599424053,3.7617378100331336,236.72,55.22371032281498,63.0,109.66892325208966,0.9960012558661876,1.760152180470144,1.053997386437813,1.8563075262510695,1.6757716988033535,0.0947714709362522,1.0909121705623435,1.9327832176702677,0.34,0.0,0.5,0.03,0.0,0.12,0.0,0.0,0.0,0.01,0.0,0.0,0.0,0.0,0.0,0.25,0.75,0.0,0.0,8,1
1246,0.13685130019105785,0.22500358897911485,5.440836856582441,1.2474957403901892,1.8484455449827562,3.0420758750330523,8.43252041288959,4.727551540336164,214.48,85.78720207818903,70.56,113.71773668326169,1.27363206821637,1.9355606911207743,1.190628378619732,1.9392688442414903,1.6540168066624017,0.07366257509165322,1.218553985521549,2.007665511110953,0.44,0.0,0.45,0.03,0.0,0.08,0.0,0.0,0.0,0.0,0.0,0.0,0.0,0.0,0.0,0.28,0.72,0.0,0.0,9,1
1247,0.17680488011585646,0.27856882044582415,5.82520671573866,1.6235627975517513,2.699790832568023,3.600948164078638,8.720211308103812,4.2564614886284655,221.36,72.48483226917828,95.76,122.93359626606996,1.5498416171634164,2.034303250310388,1.5312329126042703,2.100338437455953,1.6732649486188371,0.11449882263308554,1.7938949539821996,2.4078875983420884,0.31,0.01,0.47,0.01,0.0,0.15,0.0,0.01,0.0,0.03,0.0,0.0,0.01,0.01,0.0,0.37,0.62,0.0,0.0,6,1
1248,0.1774060844941865,0.2686124106647536,5.842031436776104,1.699443082886498,2.454594556230966,3.5464300701713976,9.214621813481136,4.232008058353551,225.2,68.90309400626626,88.2,120.80186633115778,1.419669877989367,1.9847158656039599,1.4862860630962305,2.090100715738856,1.6823923390621547,0.11457683111435694,1.5561115041597364,2.205223808231507,0.32,0.0,0.48,0.01,0.02,0.11,0.0,0.0,0.0,0.06,0.0,0.0,0.0,0.0,0.0,0.35,0.65,0.0,0.0,7,1
1249,0.1331558447143439,0.24515620820123843,5.5070035698802124,1.2446660358975965,1.991006895270434,3.3297093195001124,9.568383742282462,3.8594025958933678,230.96,62.70693741524935,70.56,113.71773668326169,1.168737531355798,1.8978140555961385,1.199116479929239,1.9738103109094696,1.661784924489568,0.09036200259542744,1.316887388005887,2.1968722746415406,0.39,0.0,0.51,0.01,0.01,0.06,0.0,0.0,0.0,0.02,0.0,0.0,0.0,0.0,0.0,0.28,0.72,0.0,0.0,9,1
1250,0.08543253652723584,0.19654925229403936,5.217605806326739,0.8244227241683911,1.2014905227339923,2.6476657386871167,10.517150485000991,3.475179405804834,238.64,52.35070547410381,45.36,97.302975755673,0.7925571732433134,1.7041236364405965,0.8118590357941674,1.764863979849212,1.652083520537773,0.058218377832246954,0.8066546056557246,1.7728900096986664,0.3,0.0,0.6,0.01,0.03,0.05,0.0,0.0,0.0,0.01,0.0,0.0,0.0,0.0,0.0,0.18,0.82,0.0,0.0,8,1
1251,0.08411224428936089,0.22292822818368666,5.325167551713498,1.1624783275207684,1.4049742730887322,3.0065488964870655,10.51048789119289,3.363025566031944,236.72,55.22371032281498,47.88,99.35786558972295,0.7579530627101764,1.6302963588974824,0.7707638356313521,1.6688362034565392,1.6583176617896607,0.08059721992089149,0.9285118787393755,1.981428321834267,0.23,0.0,0.65,0.0,0.0,0.1,0.0,0.0,0.0,0.02,0.0,0.0,0.0,0.0,0.0,0.19,0.81,0.0,0.0,9,1
1252,0.06650882810427286,0.1707203185215789,5.397686235300995,1.1960745899527776,1.016423501201174,2.463675313167621,10.732590652590787,3.0436726230474282,242.48,45.82718526258087,37.8,90.43531088322445,0.5976305166346666,1.4293709071239806,0.6271611589926469,1.5085734164972555,1.6822065936454018,0.10413617786143732,0.650956363742411,1.580597959975863,0.4,0.0,0.53,0.01,0.0,0.02,0.0,0.0,0.0,0.04,0.0,0.0,0.0,0.0,0.0,0.15,0.85,0.0,0.0,12,1
1253,0.20901632155713404,0.3281157180613934,5.927944632079703,1.8778599017273376,2.7494205816874984,3.8462660511542284,9.067033609001744,4.302036717653557,215.6,77.18690421190749,90.72,121.56937413375432,1.5282502491627201,2.092239550390122,1.5629361945464502,2.1569225059594825,1.6858590267341027,0.12834962786000298,1.758455601292406,2.451680324402577,0.23,0.0,0.51,0.03,0.06,0.12,0.0,0.0,0.0,0.05,0.0,0.0,0.0,0.0,0.0,0.36,0.64,0.0,0.0,6,1
1254,0.08095439883493485,0.19710851896249715,5.183502778189266,1.0527581984290344,1.0958060524161959,2.616468813461874,10.575414502741436,3.2033579739975244,246.32,37.813706028851016,40.32,92.8501431927226,0.6848913662257351,1.5758226197256204,0.7011613754667276,1.6367887590724255,1.6426261629860281,0.08317602708449008,0.7054719881297405,1.6607211168531486,0.15,0.0,0.78,0.02,0.03,0.02,0.0,0.0,0.0,0.0,0.0,0.0,0.0,0.0,0.0,0.16,0.84,0.0,0.0,5,1
1255,0.09340467272894362,0.33324424066533287,5.108008843959545,1.0663881567289004,0.4584630063601531,1.693249430013101,11.029285543067672,3.1207359838017754,252.08,19.2,17.64,64.62096479401319,0.5756762376206371,1.7000344237101601,0.3073922000328998,1.131069377483738,1.6415982114157206,0.05992170397240856,0.3120809613735081,1.1581880816503218,0.14,0.0,0.84,0.0,0.0,0.02,0.0,0.0,0.0,0.0,0.0,0.0,0.0,0.0,0.0,0.07,0.89,0.04,0.0,5,1
1256,0.06129469331314298,0.1652368778409991,5.181212878603862,0.9633238151614044,1.0077795342377884,2.593653214497219,10.741228445263392,2.9634209862799192,242.48,45.82718526258087,33.36,85.15363655289079,0.5801760911633519,1.4511974824044906,0.5232677309092243,1.3737781283540382,1.6519534232970714,0.08216680697130681,0.6714190700065599,1.7180109267471535,0.21,0.0,0.71,0.0,0.02,0.03,0.0,0.01,0.0,0.02,0.0,0.0,0.0,0.01,0.0,0.13,0.86,0.0,0.0,7,1
1257,0.09754963629644525,0.2784016772099426,5.4493099038088175,1.2013533680484603,0.905661429095632,2.270519448571569,10.491149757412456,3.300895207959822,250.16,27.01541647416762,35.28,87.8812421809838,0.7227985656042349,1.7134239406003342,0.6091031283078732,1.5269312332095686,1.6859215008876398,0.10631798250595463,0.5806998751728599,1.4529919033357228,0.41,0.0,0.52,0.02,0.0,0.03,0.0,0.0,0.0,0.02,0.0,0.0,0.0,0.0,0.0,0.14,0.84,0.02,0.0,12,1
1258,0.05887786987782041,0.17393606783128573,5.210812156348353,1.0230728738455215,0.7553165451005597,2.36217843635812,10.812895712716406,2.8629870394177463,248.24,32.917748735570925,25.2,75.98085883359643,0.5196951914811957,1.3702485434409502,0.37104257059036067,1.1516440081745891,1.6581671891228824,0.07458254936948717,0.5041262073061837,1.568705023103451,0.24,0.0,0.7,0.0,0.0,0.04,0.0,0.01,0.0,0.01,0.0,0.0,0.0,0.0,0.0,0.1,0.9,0.0,0.0,8,1
1259,0.02531537851614949,0.14503353491815588,5.013335668704843,0.8671367542762287,0.22348575840858845,1.2835440046130484,11.789966814637102,1.6942075966408663,252.08,19.200000000000006,7.56,43.20454521543685,0.13924192977239871,0.7641864985981756,0.1474102576339997,0.8450955767765745,1.654009616345984,0.07056057263144712,0.13286266348674264,0.760573169667862,0.25,0.0,0.74,0.0,0.0,0.0,0.0,0.0,0.0,0.01,0.0,0.0,0.0,0.0,0.0,0.03,0.97,0.0,0.0,11,1
1260,0.10337893015274739,0.24716995052982518,5.506749716990131,1.4915335365351465,1.4204706282020403,2.8113922780887535,10.415541557953583,3.6247256901938534,234.8,57.890178158930624,52.92,103.15876554656374,0.8335001448790359,1.6629505087077365,0.9079552586573003,1.8150895882948008,1.67690236167305,0.1032937615802245,0.9279269638391368,1.8408145856985323,0.26,0.0,0.58,0.01,0.0,0.12,0.0,0.0,0.0,0.03,0.0,0.0,0.0,0.0,0.0,0.21,0.79,0.0,0.0,10,1
1261,0.10434716257867283,0.2400859841901419,5.43947632635286,1.2023647347276918,1.6614954540195408,3.2391282092004148,10.206023339877198,3.7675061015990154,225.2,68.90309400626624,55.44,104.91596637309308,0.9644021396761603,1.8032510090586018,0.878028449572198,1.6977837158558924,1.6682961660171214,0.09673495179831247,1.1349194310843065,2.222215256122441,0.23,0.0,0.57,0.0,0.04,0.15,0.0,0.0,0.0,0.01,0.0,0.0,0.0,0.0,0.0,0.22,0.77,0.01,0.0,7,1
1262,0.062357427250058085,0.1741210894840806,5.336030978195079,1.2306564785051335,1.065330243078728,2.594790397212659,10.806155798641676,2.977724606222125,236.72,55.223710322814995,37.8,90.43531088322445,0.5630251879896366,1.3599052809562382,0.5914271937226688,1.4436983187152905,1.6703991645733054,0.09560789374428665,0.688630053681178,1.6786294933638672,0.22,0.0,0.66,0.01,0.0,0.06,0.0,0.0,0.0,0.04,0.0,0.0,0.01,0.0,0.0,0.15,0.85,0.0,0.0,9,1
1263,0.09009420295970676,0.18945769431598453,5.353270506080138,0.9519093791879341,1.4652980984670547,2.944188487537093,10.31941403838642,3.586806092624367,238.64,52.35070547410382,52.92,103.15876554656376,0.8698174111959428,1.7037676615833457,0.885915732326369,1.751951885373832,1.6631928291804647,0.07612952227226515,0.9786328219843569,1.9688399512512178,0.31,0.0,0.56,0.0,0.01,0.11,0.0,0.0,0.0,0.01,0.0,0.0,0.0,0.0,0.0,0.21,0.79,0.0,0.0,7,1
1264,0.09280907107868719,0.2203641080214948,5.484058709450087,1.2944052296285478,1.3849301094516226,3.0872946428978354,10.640260711851294,3.419793922200958,236.72,55.22371032281498,45.36,97.30297575567303,0.7502347572986622,1.6129288244484388,0.7373604658272085,1.6229861652802657,1.6823510867947917,0.13170008153248616,0.8943057244955303,1.9945983224832162,0.24,0.0,0.66,0.01,0.0,0.06,0.0,0.01,0.0,0.02,0.0,0.0,0.0,0.0,0.0,0.18,0.82,0.0,0.0,3,1
1265,0.07472648701608237,0.17707500387654676,5.2466644727356,1.048474479534104,1.3249070070447886,2.903598833070744,10.608539739677123,3.300343238968005,234.8,57.8901781589306,45.36,97.302975755673,0.7949875302320946,1.831044991294521,0.8040439502601326,1.860822979447169,1.6493007498150558,0.07925517824357399,0.8821611580375347,1.9389223005545708,0.23,0.0,0.67,0.0,0.0,0.09,0.0,0.0,0.0,0.01,0.0,0.0,0.0,0.0,0.0,0.18,0.82,0.0,0.0,4,1
1266,0.21505184632114713,0.3748573952826987,5.766886980313147,1.559411720503372,2.0030791009271898,3.1760377393438426,8.971503378787485,4.519916404233127,236.72,55.22371032281498,71.76,113.27816125883146,1.606390833186646,2.2336694101362204,1.1889764077262521,1.9422318861098138,1.6723088931941283,0.10440689444243344,1.3417477808965688,2.113687234551635,0.2,0.0,0.65,0.0,0.02,0.09,0.0,0.01,0.0,0.03,0.0,0.0,0.0,0.02,0.0,0.28,0.68,0.02,0.0,4,1
1267,0.1189992282544536,0.24627066260640712,5.413339106428652,1.1478080580091998,1.630240079905187,3.0811027305576935,9.993334813252016,4.02459454589103,236.72,55.223710322814995,57.96,106.584051339776,1.1107975505391985,1.9520949072357348,0.9546515002573882,1.8278712930294736,1.6597374018344409,0.07886875053147871,1.0683685904381413,2.0255474442163095,0.23,0.0,0.63,0.02,0.01,0.09,0.0,0.0,0.0,0.02,0.0,0.0,0.0,0.0,0.0,0.23,0.77,0.0,0.0,7,1
1268,0.14334296968961968,0.22797457219880307,5.586726432117021,1.184373550415269,2.0806764983146055,3.238145899591086,9.118017650732265,4.114351364366025,227.12,66.95713689979719,73.68,114.69510570520119,1.3913676712617982,2.044969891512335,1.2590963062724416,1.966697547346318,1.6702643721890305,0.08562743046873014,1.386356269512762,2.169753984816206,0.3,0.0,0.51,0.02,0.0,0.12,0.0,0.01,0.0,0.04,0.0,0.0,0.0,0.01,0.0,0.29,0.7,0.0,0.0,9,1
1269,0.11690660568777121,0.26395317413424674,5.422970560750453,0.9062227093552775,1.6783371341687472,3.0580614055023845,9.925701576576438,3.826318153890162,238.64,52.350705474103826,63.0,109.66892325208966,1.043344039024217,1.8687078727469304,1.0702092579369007,1.9295598525227313,1.6619981868408615,0.07330783588495154,1.1063583241382213,1.993936150456086,0.38,0.0,0.5,0.02,0.0,0.09,0.0,0.01,0.0,0.0,0.0,0.0,0.0,0.0,0.0,0.25,0.75,0.0,0.0,7,1
1270,0.09098995197930326,0.23145109594520955,5.217815402791493,0.8507302500706522,1.1389658003758267,2.591721865049736,10.631213319219665,3.6250608472239585,242.48,45.82718526258087,42.84,95.13634235329648,0.809725313545064,1.7686077818790666,0.7700050269783116,1.7351516512474086,1.6517972341973843,0.06529888569847536,0.762626918916679,1.7385849868665504,0.27,0.0,0.65,0.01,0.0,0.07,0.0,0.0,0.0,0.0,0.0,0.0,0.0,0.0,0.0,0.17,0.83,0.0,0.0,8,1
1271,0.05500209768934366,0.1493580264627685,5.132766113676284,0.8500419719315017,0.9785150141773821,2.503524328754719,10.97753654041603,3.0640135266000743,244.4,42.05623940305734,33.36,85.15363655289077,0.586684583924982,1.5932113915771262,0.5914039928338463,1.6237095121320084,1.6501837011239928,0.06812544417350958,0.6742235267558959,1.7309771432244945,0.2,0.0,0.71,0.0,0.01,0.07,0.0,0.0,0.0,0.01,0.0,0.0,0.0,0.01,0.0,0.13,0.86,0.0,0.0,5,1
1272,0.1626634890529955,0.38306868073706835,5.565340816212353,1.3444516295422355,1.238647525500643,2.5138481257897918,9.746261201683694,4.048721160169537,244.4,42.05623940305734,50.4,101.30781177812857,1.1640479517689788,2.11087107640828,0.8687990110850881,1.759088518366769,1.6759017905872986,0.08834982363009022,0.8264620067803825,1.6773191105790863,0.31,0.0,0.58,0.03,0.0,0.08,0.0,0.0,0.0,0.0,0.0,0.0,0.0,0.0,0.0,0.2,0.75,0.05,0.0,9,1
1273,0.06726210950837014,0.17039544597267287,5.321036563608342,1.1099337064117127,1.2896193317045594,2.7656244703137047,10.510306375936045,3.2795186289997886,238.64,52.350705474103826,47.88,99.35786558972298,0.7003617023202995,1.476546717164202,0.7487960087789226,1.5846997953420476,1.6608074146909308,0.07571846486882831,0.8582519623887661,1.8278661392525797,0.25,0.0,0.6,0.02,0.0,0.11,0.0,0.01,0.0,0.01,0.0,0.0,0.0,0.0,0.0,0.19,0.81,0.0,0.0,9,1
1274,0.10558734348719875,0.24879086615630844,5.509076606191591,1.6097274505374393,1.3861820956420214,2.978993664591183,10.273400158936262,3.448804279220322,236.72,55.22371032281498,47.88,99.35786558972296,0.8214920697660233,1.672002947320749,0.8060513047722654,1.7042252343071433,1.6757124320732066,0.11872810141066356,0.870344971726952,1.8648868374603604,0.33,0.01,0.56,0.0,0.01,0.05,0.0,0.01,0.0,0.03,0.0,0.0,0.0,0.0,0.0,0.19,0.81,0.0,0.0,10,1
1275,0.11151645273490797,0.3053573500423459,5.463618017798831,1.4158261838884865,1.038022518439467,2.6741180127206765,10.501873628558247,3.2970431916031377,242.48,45.82718526258087,35.28,87.8812421809838,0.8341757439937781,1.9547653942024668,0.6146395097205406,1.553526691326014,1.6815546532265526,0.102935049093796,0.6754807061731678,1.7362528141460642,0.4,0.0,0.51,0.0,0.0,0.06,0.0,0.01,0.0,0.02,0.0,0.0,0.0,0.0,0.0,0.14,0.85,0.01,0.0,12,1
1276,0.13478746655691634,0.29554814339543906,5.476002162508179,1.4280150414265584,1.407645000901301,2.985625931318048,10.16261181991595,3.7211254860564553,234.8,57.890178158930624,47.88,99.35786558972298,0.9623111849415951,1.965232225330431,0.832262154664647,1.7644643746731434,1.6715835632209914,0.10291915098015267,0.8974618056407424,1.9022177436383334,0.23,0.0,0.65,0.03,0.0,0.04,0.0,0.01,0.0,0.04,0.0,0.0,0.0,0.0,0.0,0.19,0.81,0.0,0.0,8,1
1277,0.08978556866413856,0.2971489808655709,5.35154807914046,1.1739891379443916,0.7646360685205608,2.4203254579048696,10.994869830304767,3.1325236423921075,244.4,42.05623940305734,25.2,75.98085883359643,0.5943796084176229,1.6084700503159814,0.3761964487603937,1.1600598638589708,1.6765946510725036,0.08715025379168741,0.4889063472592087,1.525568478651625,0.38,0.0,0.55,0.01,0.0,0.05,0.0,0.0,0.0,0.01,0.0,0.0,0.0,0.0,0.0,0.1,0.9,0.0,0.0,9,1
1278,0.09699712984581105,0.2687216371390881,5.194984046719712,0.8023808661672508,1.077196139795765,2.6512090748489405,10.704854938685019,3.4037876094327233,242.48,45.82718526258087,37.8,90.43531088322443,0.7552084030223287,1.8387948992147074,0.7509299880666037,1.8328698571806419,1.656714196521038,0.07690214058466524,0.7292405192696079,1.8094159049385163,0.29,0.0,0.64,0.0,0.03,0.04,0.0,0.0,0.0,0.0,0.0,0.0,0.0,0.0,0.0,0.15,0.85,0.0,0.0,7,1
1279,0.07997536640130137,0.2596253293930259,5.1332637261507195,0.9745181903398233,0.6197584937033356,2.010353765583721,11.00115182380671,3.003210913299927,244.4,42.05623940305734,22.68,72.48111979869466,0.49154558127004416,1.4867657278064863,0.41548104641758093,1.4406348594808298,1.650557460087835,0.06881485427949026,0.4169844761099008,1.351783137245375,0.32,0.0,0.64,0.0,0.01,0.01,0.0,0.01,0.0,0.01,0.0,0.0,0.0,0.01,0.0,0.08,0.91,0.0,0.0,6,1
1280,0.08514152869479302,0.25121655305103635,5.237473774049537,0.8336932326061995,0.993172814671114,2.6481362432905806,10.914657900648148,3.141843825186003,242.48,45.82718526258087,32.76,85.17541258538704,0.9490223755017864,2.19188302367134,0.6559012961606995,1.8095977071728886,1.6644765137191937,0.07533089821757344,0.6519955686281385,1.7442793027212569,0.31,0.0,0.62,0.0,0.0,0.04,0.0,0.01,0.0,0.02,0.0,0.0,0.0,0.0,0.0,0.13,0.83,0.04,0.0,5,1
1281,0.05037678576002538,0.23974630998563343,4.935578892931869,0.5232052838486401,0.40046216947841773,1.6058952888471498,11.410692849100414,2.415998160231838,250.16,27.015416474167623,15.12,60.148180657137395,0.3427204644871598,1.393591441911168,0.35225346571937616,1.4685769242488123,1.6365512222256973,0.037038904948175036,0.2670281474596949,1.0785955764722526,0.17,0.0,0.8,0.0,0.01,0.02,0.0,0.0,0.0,0.0,0.0,0.0,0.0,0.0,0.0,0.06,0.94,0.0,0.0,3,1
1282,0.022033631415053597,0.11593287763356867,4.955402917217477,0.45233010825434344,0.28259654688307256,1.4170786108729991,11.703425243253857,1.8952839344712766,250.16,27.01541647416762,10.08,49.630489162866944,0.19444836196668264,0.9328303669074058,0.18910889893055874,0.9364563625173172,1.6483755796671544,0.045484261928611276,0.19310458738814204,0.9722174415785368,0.25,0.0,0.72,0.0,0.0,0.03,0.0,0.0,0.0,0.0,0.0,0.0,0.0,0.0,0.0,0.04,0.96,0.0,0.0,6,1
1283,0.04532991332074467,0.14414159681091837,5.095182991647179,0.9711051051303873,0.622565207732179,1.8966679606433585,11.235721508373809,2.695839970363547,252.08,19.2,25.2,75.98085883359643,0.4127485623320226,1.2486923970778272,0.4611042782046619,1.4027092695305963,1.6498020107198943,0.06993222627414092,0.4174036462304043,1.276799688730909,0.18,0.0,0.77,0.0,0.0,0.05,0.0,0.0,0.0,0.0,0.0,0.0,0.0,0.0,0.0,0.1,0.9,0.0,0.0,5,1
1284,0.053715251742991035,0.20208032133595416,4.998915010443022,0.7332084438813258,0.4165716033150703,1.5432873365583069,11.237605002902091,2.659216061282467,254.0,0.0,15.72,60.29491158992078,0.3521140173590878,1.2671108038182055,0.3038854494239381,1.21171192216307,1.6421676480713947,0.06098072247431878,0.28647418708300143,1.0615072909764283,0.18,0.0,0.82,0.0,0.0,0.0,0.0,0.0,0.0,0.0,0.0,0.0,0.0,0.01,0.0,0.06,0.93,0.0,0.0,5,1
1285,0.059525773101219634,0.1925210579730221,5.0542137430124185,0.7447082838968513,0.7666432012301965,2.3452399934142014,11.131983137393068,2.814138140052955,248.24,32.91774873557093,27.72,79.24544150927547,0.48200766281845003,1.37475767823212,0.48352481599987884,1.4159536967398976,1.6391346175944617,0.040224214161942246,0.48539173153257187,1.427780602930333,0.17,0.0,0.77,0.0,0.0,0.06,0.0,0.0,0.0,0.0,0.0,0.0,0.0,0.0,0.0,0.11,0.89,0.0,0.0,4,1
1286,0.10831776588779572,0.2753776871870581,5.30445206761309,1.2400653499228484,1.537022349229014,3.222586653247078,10.517381603328623,3.4889281050561127,229.04,64.89555244600918,50.4,101.3078117781286,0.7609538701710302,1.6371751198475193,0.8121790423423204,1.7139780947869705,1.648637302924293,0.08036849603504313,0.9639218636963339,2.0014139028098157,0.14,0.0,0.72,0.02,0.02,0.08,0.0,0.02,0.0,0.0,0.0,0.0,0.0,0.01,0.0,0.19,0.8,0.0,0.0,3,1
1287,0.08239781014825916,0.2040886833842362,5.159684708050549,1.025417836634235,1.2870074099111906,3.124994693395673,10.643938846521808,3.131429257000778,238.64,52.35070547410382,40.32,92.8501431927226,0.6687971202889077,1.5399546840172225,0.6412316534898133,1.5264635654037595,1.6362045012451865,0.06073299610718656,0.8338764211617808,2.0004117986379972,0.12,0.0,0.81,0.0,0.0,0.05,0.0,0.01,0.0,0.01,0.0,0.0,0.0,0.0,0.0,0.16,0.84,0.0,0.0,3,1
1288,0.09932509124738143,0.2510215102613891,5.465154895718373,1.4669645294395157,1.4143902727645419,3.1181561276512744,10.460687482227643,3.3482594251434143,240.56,49.23502079543863,45.96,97.20538705610545,0.7264624411664208,1.6002414103616436,0.7383119542085592,1.6739008325140659,1.672664529615036,0.11731962651152797,0.8889092554890554,1.9165898988438732,0.22,0.0,0.67,0.0,0.01,0.07,0.0,0.0,0.0,0.03,0.0,0.0,0.0,0.01,0.0,0.18,0.81,0.0,0.0,3,1
1289,0.15666535651843447,0.25652781474350084,5.69042048745788,1.3714675407727366,2.0793808591916045,3.5781539450465254,9.195584615723558,4.030554597373651,225.2,68.90309400626627,66.12,110.89710218363359,1.3219150368339896,1.8787980974818947,1.008070994791825,1.755387444190263,1.6609733917894622,0.09578016450588178,1.3772485362679359,2.360951046647841,0.25,0.0,0.54,0.02,0.03,0.12,0.0,0.01,0.0,0.03,0.0,0.0,0.0,0.0,0.0,0.26,0.73,0.0,0.01,4,1
1290,0.10577932869003367,0.20132718426752963,5.562146119745439,1.3511038075961974,1.8879298184511242,3.3369348451285097,9.556925608235357,3.560821499334075,229.04,64.89555244600916,65.52,111.09268857375564,1.0237032252930698,1.6245428588883069,0.9477935048310607,1.6385915873593155,1.658104756213094,0.08567591708332319,1.239273853051019,2.172022581802416,0.25,0.0,0.57,0.03,0.01,0.11,0.0,0.0,0.0,0.03,0.0,0.0,0.0,0.0,0.0,0.26,0.74,0.0,0.0,4,1
1291,0.10109513162160244,0.20636929684266678,5.526242390300126,1.4356683419958747,1.4711260295446165,2.745273880159073,10.047922952417045,3.5940687255967547,244.4,42.05623940305733,57.96,106.58405133977598,0.9521974174822978,1.8278261500018282,1.0341334688577744,1.9790287922188468,1.6766765148210034,0.1120096378758408,0.9582166987106637,1.784442407559584,0.21,0.0,0.64,0.0,0.0,0.12,0.0,0.0,0.0,0.03,0.0,0.0,0.0,0.0,0.0,0.23,0.77,0.0,0.0,3,1
1292,0.11804515749250406,0.23235578434370222,5.535741446333524,1.474683817248398,1.8844854172920935,3.3473961580373666,9.763536183450755,3.617044111253522,232.88,60.37747924516226,65.52,111.09268857375564,1.0058346167108316,1.7075364138796914,1.0401929518787194,1.781906697408567,1.6628530081541035,0.10369154175435016,1.217499012809826,2.146895004514552,0.2,0.0,0.65,0.0,0.0,0.08,0.0,0.03,0.0,0.04,0.0,0.0,0.0,0.0,0.0,0.26,0.74,0.0,0.0,3,1
1293,0.14561752726601715,0.24785401312849817,5.547805117442531,1.1359868753782245,1.883574544428146,3.1404528095701556,9.606383600624333,4.0827919878242085,242.48,45.82718526258086,70.56,113.71773668326169,1.2931407222178957,2.135702521625221,1.3300316240337136,2.2127358492338063,1.6741050854832935,0.09986216456034162,1.2459170244925588,2.0681167583293387,0.35,0.0,0.55,0.0,0.0,0.08,0.0,0.01,0.0,0.0,0.01,0.0,0.0,0.0,0.0,0.28,0.72,0.0,0.0,4,1
1294,0.20633221737193513,0.349478333214646,5.6699819694001805,1.474290927690899,2.0400680804801987,3.171097583432062,9.390313209320986,4.3668131501172835,240.56,49.23502079543861,75.6,116.06267899090325,1.554606145652814,2.522619047748157,1.6482473124386035,2.6608029647649083,1.6751933726663655,0.10182885476611847,1.3254163686755465,2.0595006579704234,0.38,0.0,0.52,0.02,0.01,0.05,0.0,0.01,0.0,0.01,0.0,0.0,0.0,0.0,0.0,0.3,0.7,0.0,0.0,6,1
1295,0.21076902951245505,0.31128844247346404,5.727630244887277,1.5822272723835862,2.308944740566406,3.4045250316526605,9.26457676515155,4.477661928578361,238.64,52.35070547410381,83.16,119.09055378156573,1.5648092448961577,2.2935317072255783,1.6331193140630484,2.391778410495959,1.6755514196760712,0.10605071613493892,1.499319121266292,2.2037694958865903,0.3,0.0,0.58,0.01,0.01,0.08,0.01,0.0,0.0,0.01,0.0,0.0,0.0,0.0,0.0,0.33,0.67,0.0,0.0,3,1
1296,0.12876563747265102,0.26964442873353583,5.372956105286118,1.337709604445475,1.3997681310563794,2.889097211414622,10.332202332763563,3.715445036013641,242.48,45.827185262580876,50.4,101.30781177812858,0.9515278182985799,1.9706535390996662,1.0043394806493768,2.073239737250911,1.656106615340966,0.09594743941508921,0.9045645185343417,1.8729218192789192,0.19,0.0,0.72,0.03,0.0,0.03,0.0,0.01,0.0,0.01,0.0,0.01,0.0,0.0,0.0,0.2,0.8,0.0,0.0,5,1
1297,0.1327139694069966,0.32607050306522545,5.382519196086333,1.3658267384322973,0.8937629972091611,2.2376022503102613,10.420457755423765,3.5842519144820186,252.08,19.2,35.28,87.88124218098382,0.8374750394903708,1.8984084279554774,0.7027732446661976,1.757631808134696,1.6659178008649311,0.09562738230010268,0.575250058629758,1.4384899837030183,0.26,0.0,0.7,0.01,0.0,0.03,0.0,0.0,0.0,0.0,0.0,0.0,0.0,0.0,0.0,0.14,0.86,0.0,0.0,7,1
1298,0.15609113155017124,0.31402409738852916,5.616579200265411,1.3387037327302906,1.5971997968517897,2.977101994353833,9.950366314249672,3.9349054815202447,240.56,49.23502079543863,57.96,106.58405133977595,1.1000386391518435,2.04016799210913,1.1432349127605783,2.131514220221441,1.6933214212681327,0.1032780937256601,1.0334092101294337,1.9271490179104105,0.35,0.0,0.52,0.01,0.0,0.07,0.0,0.0,0.0,0.05,0.0,0.0,0.0,0.0,0.0,0.23,0.77,0.0,0.0,7,1
1299,0.07954527778825332,0.2208016490047759,5.244945704266906,0.8452810157639653,0.8663046668748694,2.2750813160745182,10.83234318338919,3.163327277417466,244.4,42.05623940305734,32.76,85.17541258538704,0.6288723604025332,1.634598063219443,0.6573577704412393,1.7212405089722722,1.6705623088180963,0.0747835464808067,0.587854013068087,1.5515062403037756,0.41,0.0,0.54,0.0,0.01,0.03,0.0,0.0,0.0,0.01,0.0,0.0,0.0,0.0,0.0,0.13,0.87,0.0,0.0,6,1
1300,0.1379827509489285,0.2903239003745509,5.549961843768382,1.5027765971438065,1.578107167085158,2.9036277164395674,9.919084121227966,3.89767174215853,238.64,52.350705474103826,58.56,106.42323738049627,0.9622555168007244,1.8398908940945913,1.0274260615714708,1.9603631653284452,1.6793256590046233,0.10262376227986557,1.0211630487802958,1.8656101411944612,0.4,0.0,0.5,0.02,0.02,0.05,0.0,0.0,0.0,0.01,0.0,0.0,0.0,0.03,0.0,0.21,0.76,0.0,0.0,10,1
1301,0.2084383494312362,0.40827467775841647,5.656080831293098,1.6899858909978263,1.6426268076754804,3.1570213299219967,9.680269703076307,4.3001561843652825,236.72,55.22371032281498,56.04,104.7671704304359,1.2985520321583675,2.30148392795826,1.06802294965187,2.081997171036943,1.669620804761515,0.1131559294366139,1.038158753733962,1.9695460135212532,0.25,0.0,0.65,0.0,0.0,0.04,0.0,0.0,0.0,0.05,0.0,0.0,0.01,0.01,0.0,0.22,0.76,0.01,0.0,7,1
1302,0.19118574403806124,0.37764694564595647,5.551342723059622,1.5444556625920856,1.71555488044375,3.2799238969420212,9.859198389126345,4.158213462508789,236.72,55.223710322814966,54.12,102.882033063469,1.22508640140386,2.19064111903092,0.9745963150488758,1.9456426605173547,1.66507946988173,0.1021666401948167,1.1148801900672056,2.121084100065594,0.18,0.0,0.69,0.01,0.0,0.09,0.0,0.0,0.0,0.03,0.0,0.0,0.0,0.02,0.0,0.21,0.77,0.0,0.0,5,1
1303,0.15892096375461345,0.32546763144926666,5.653887941313799,1.8048548864855718,1.414472227120246,2.774615281412111,10.242150911278024,3.9160751897597708,244.4,42.05623940305734,52.92,103.15876554656374,0.976420900461101,1.8907726883631935,1.0124944595250898,1.9844225679269134,1.6798158113450805,0.1299560469449741,0.8724184995477586,1.708655656930203,0.23,0.0,0.7,0.02,0.0,0.02,0.0,0.0,0.0,0.03,0.0,0.0,0.0,0.0,0.0,0.21,0.78,0.01,0.0,6,1
1304,0.072664851771954,0.21865821530371798,5.06367542774862,0.8669626870141298,0.7559552498362333,2.1786423930948065,11.10013868374837,2.979147087079083,244.4,42.05623940305734,27.72,79.24544150927548,0.6364584021089497,1.8127894898451022,0.5468187449457643,1.5805720283954465,1.6396434350507596,0.06625203623116384,0.4897032473181702,1.4150145727180898,0.11,0.0,0.83,0.02,0.01,0.02,0.0,0.01,0.0,0.0,0.0,0.0,0.0,0.0,0.0,0.11,0.88,0.01,0.0,4,1
1305,0.1021403856882909,0.30534283432118803,5.336380823775675,1.5069892068645885,0.7349621297957796,2.11852568425142,10.939342950866138,3.2437308729736025,248.24,32.91774873557093,27.72,79.24544150927548,0.5821426742382848,1.6385001214611405,0.4917212988472148,1.4903159981617522,1.6677215956387301,0.1204505626275325,0.47779162933111946,1.3919862833067869,0.19,0.0,0.77,0.01,0.01,0.02,0.0,0.0,0.0,0.0,0.0,0.0,0.0,0.01,0.0,0.1,0.87,0.02,0.0,5,1
1306,0.17321985101834095,0.3013858371263083,5.598155686926626,1.4652357149585786,1.8289294745801115,3.2115327252553194,9.516498445617367,4.151955554364948,234.8,57.89017815893062,65.52,111.09268857375565,1.2972766049845985,2.119963068946521,1.2129715408032438,2.08458329813508,1.6726834012979999,0.113401956722343,1.1894046533035032,2.0874338819687153,0.2,0.0,0.65,0.01,0.0,0.07,0.0,0.02,0.0,0.05,0.0,0.0,0.0,0.0,0.0,0.26,0.72,0.02,0.0,4,1
1307,0.09733198246550497,0.2239383082374376,5.291728834143717,1.1876895450222393,1.24835809132893,2.7407730934642216,10.470070864053113,3.4505655593458755,240.56,49.23502079543861,45.36,97.30297575567302,0.7904065053926815,1.8178958716415465,0.8190169937005232,1.89022443798434,1.656077180004783,0.08787734019310411,0.8189305282134488,1.8078845769971947,0.17,0.0,0.72,0.01,0.0,0.06,0.0,0.0,0.0,0.03,0.0,0.01,0.0,0.01,0.0,0.17,0.82,0.0,0.0,5,1
1308,0.08253503149132703,0.23345221136520125,5.114184589594693,1.0247151310835076,0.944154038998865,2.6161427596357143,10.910958249806045,3.086428875057328,246.32,37.813706028851016,32.76,85.17541258538704,0.6045763432314654,1.568081882707414,0.6083337110833283,1.6041458343159634,1.6388115646887784,0.0702427443845218,0.6024445174482209,1.6299985695111507,0.15,0.0,0.79,0.0,0.01,0.05,0.0,0.0,0.0,0.0,0.0,0.0,0.0,0.0,0.0,0.13,0.87,0.0,0.0,6,1
1309,0.07117467741243497,0.1841295235592609,5.199922935290548,1.0136189467242598,0.8929104267205986,2.259064761018334,10.851868609595913,3.1801328366507433,246.32,37.81370602885102,35.28,87.88124218098378,0.6207733374192469,1.5381094584008004,0.6553856291951721,1.6398511898735055,1.6552347419221431,0.09698693387327686,0.5901557002382797,1.4950955321542128,0.2,0.0,0.73,0.01,0.0,0.04,0.0,0.0,0.0,0.02,0.0,0.0,0.0,0.0,0.0,0.14,0.86,0.0,0.0,6,1
1310,0.11525598269858245,0.26824873307406477,5.3900627385540485,1.5296821006577024,1.3260672006176233,3.1061746592888144,10.715774957602013,3.4037633731574335,236.72,55.22371032281498,42.84,95.13634235329647,0.739885049416307,1.6509898458421617,0.7511219933539682,1.7084252541538987,1.6598380422875616,0.10514627466774952,0.8176167247776932,1.8906242037082377,0.17,0.0,0.73,0.0,0.0,0.05,0.0,0.01,0.0,0.04,0.0,0.0,0.0,0.0,0.0,0.17,0.83,0.0,0.0,5,1
1311,0.04134603372471988,0.15493150578380926,4.943611369900843,0.6573984059681145,0.5596645427753016,2.0204427658612003,11.455012035706694,2.511216422288942,250.16,27.015416474167623,20.16,68.71030093476128,0.353307965013568,1.190057653148489,0.34970996361396783,1.2112868926802,1.629642848650414,0.04733537867700365,0.35995636912627715,1.2712895952780303,0.07,0.0,0.9,0.0,0.0,0.02,0.0,0.01,0.0,0.0,0.0,0.0,0.0,0.0,0.0,0.08,0.92,0.0,0.0,2,1
1312,0.13173939416645894,0.3294155248921723,5.381104393028097,1.289946202120401,1.076943125922903,2.521825510966603,10.190190192931125,3.6862460514942814,240.56,49.235020795438615,40.32,92.8501431927226,0.9281898163673516,1.9753189216454143,0.7396709433325431,1.726338886342329,1.6649119105256938,0.10758523604543471,0.7176272898221043,1.6871492591781918,0.16,0.0,0.74,0.0,0.01,0.07,0.0,0.01,0.0,0.01,0.0,0.0,0.0,0.0,0.0,0.16,0.84,0.0,0.0,3,1
1313,0.07826871148071496,0.19942388557132903,5.207459536766567,1.22714902088004,1.0083804190599548,2.4588376507622622,9.986811005273012,4.18997936996672,227.24,73.62683963848724,33.96,85.12758339425272,0.6726871071087933,1.6314819851235056,0.5891883727731346,1.5562798037035614,1.6592583254020101,0.10844471482222044,0.692362027391447,1.6945853049967314,0.19,0.01,0.7,0.01,0.0,0.07,0.0,0.0,0.0,0.02,0.0,0.0,0.0,0.02,0.0,0.13,0.85,0.0,0.0,6,1
1314,0.14477921983443165,0.2477612338590033,5.438489129514107,1.2771628919290008,1.5514401318906612,2.8619542154917346,9.237904584203056,4.382314990805817,239.32,54.29081437271435,54.72,102.73807827321244,1.295407596337611,2.1093651773890425,0.9692573661505297,1.9107137483205185,1.6623830729990305,0.10187258200565873,1.0696759165848697,1.9700920472345713,0.29,0.0,0.64,0.0,0.0,0.06,0.0,0.0,0.0,0.01,0.0,0.0,0.0,0.03,0.0,0.21,0.76,0.0,0.0,6,1
1315,0.2335518981937199,0.39465662664028134,5.772933937305193,1.8001288748886908,2.1197514500080343,3.387581763202672,9.073998115825372,4.388051180365419,225.2,68.90309400626626,75.6,116.06267899090324,1.6120449084304864,2.4549735551969243,1.4584424811012826,2.308532957155491,1.673298786185855,0.12260005749498473,1.3696382371106466,2.171702512506854,0.27,0.0,0.56,0.01,0.03,0.07,0.0,0.01,0.0,0.05,0.0,0.0,0.0,0.01,0.0,0.29,0.7,0.0,0.0,5,1
1316,0.10795059019658405,0.26792184459278146,5.332916616506559,1.0853513405884594,1.3943270495471771,2.8722757454191283,10.312472594444868,3.750576177029821,236.72,55.22371032281497,50.4,101.3078117781286,0.9273147412188176,1.8152553196214067,0.8000010535781528,1.6232063056737849,1.6515937977483657,0.08210433420827433,0.92387011681131,1.904171642244003,0.23,0.0,0.66,0.02,0.01,0.07,0.0,0.0,0.0,0.01,0.0,0.0,0.0,0.0,0.0,0.2,0.8,0.0,0.0,6,1
1317,0.17771523690950267,0.3842296370210517,5.3484676001817135,1.1315072393719519,1.398440904382938,2.866614652376714,9.830820410005176,4.171234530198973,236.72,55.22371032281499,50.4,101.30781177812857,1.2162407935917583,2.178744387720568,0.8842288506606693,1.7939101615988033,1.636135726307011,0.046864840178576096,0.923284502895438,1.894241667113914,0.14,0.0,0.74,0.02,0.01,0.08,0.0,0.0,0.0,0.01,0.0,0.0,0.0,0.0,0.0,0.2,0.79,0.01,0.0,4,1
1318,0.1346140257964414,0.3042992435877913,5.485457413620486,1.1565984616874916,1.127854800973288,2.5555349275014887,9.91445819126621,3.9339433831422617,244.4,42.05623940305734,42.84,95.13634235329648,1.0728460639154975,2.0614650115867463,0.75589976018568,1.7413856438136839,1.6777541936372808,0.11590264495822916,0.7580670604036438,1.7311171443782378,0.26,0.0,0.64,0.01,0.0,0.09,0.0,0.0,0.0,0.0,0.0,0.0,0.0,0.0,0.0,0.17,0.8,0.03,0.0,3,1
1319,0.09713958226243782,0.23406905011026,5.313838477324318,1.1786206392128424,1.2918656368825583,2.996855791028691,10.54446888381064,3.4370080658835174,244.4,42.05623940305734,45.36,97.302975755673,0.7702563906631161,1.7817523807781983,0.7698465976486581,1.812827553553992,1.657111043186055,0.10185705630405348,0.8227839956037858,1.8444450064028637,0.18,0.01,0.75,0.0,0.0,0.06,0.0,0.0,0.0,0.0,0.0,0.0,0.0,0.01,0.0,0.17,0.82,0.0,0.0,2,1
1320,0.08124023509271443,0.1964129216213305,5.352235938628562,1.3875834904250794,1.2799595894736107,2.705774222798833,10.559654683537149,3.478907812735097,238.64,52.35070547410382,47.88,99.35786558972298,0.7605422384508507,1.5506997330443224,0.7568700453296742,1.5866082582318537,1.6566754996542326,0.0953604721815213,0.845941347895601,1.7979136286525415,0.11,0.0,0.77,0.0,0.0,0.09,0.0,0.0,0.0,0.03,0.0,0.0,0.0,0.0,0.0,0.19,0.81,0.0,0.0,3,1
1321,0.08764904943289294,0.19148242338496663,5.307120066985889,1.2026187455686492,1.5052794364109678,2.928619680936721,10.242337900319615,3.550291413927924,236.72,55.22371032281498,55.44,104.91596637309308,0.8547019522019614,1.654427379720808,0.9025271970425598,1.7346478293143937,1.6474420317503495,0.0739691332631218,1.0021188618493155,1.9483757242402033,0.12,0.0,0.74,0.0,0.01,0.11,0.0,0.0,0.0,0.02,0.0,0.0,0.0,0.0,0.0,0.22,0.78,0.0,0.0,2,1
1322,0.16909668980000173,0.2837792639647991,5.591864026321275,1.5152510878700334,2.1517638806461843,3.342075355563032,9.522043710183265,4.227619654822915,232.88,60.37747924516226,78.12,117.13544607535638,1.368921996856797,2.1453067722595676,1.4217443931391507,2.2248077408435583,1.656758128823987,0.10381125845757413,1.3761324421720713,2.13786917494298,0.2,0.0,0.67,0.02,0.0,0.06,0.0,0.01,0.0,0.04,0.0,0.0,0.0,0.0,0.0,0.31,0.69,0.0,0.0,3,1
1323,0.15710976793341871,0.266740854946591,5.6381890533661165,1.3984459166647427,2.3702526850132157,3.5387662082354447,9.264936197964426,4.130656316063115,227.12,66.95713689979718,85.68,119.9759975995199,1.3744836623380214,1.9516778691438241,1.4110044515456712,2.0249178989220376,1.659766805219749,0.09992336932016964,1.5265424535075638,2.2182611694151273,0.21,0.0,0.63,0.0,0.0,0.11,0.0,0.0,0.0,0.05,0.0,0.0,0.0,0.0,0.0,0.34,0.66,0.0,0.0,2,1
1324,0.07397222616569689,0.1882869769590598,5.2158154117915805,1.1091614777814705,1.0611450989171565,2.5486015349676037,10.596340283013268,3.159411417226723,248.24,32.91774873557093,40.32,92.85014319272258,0.6570300426337112,1.5167185768618296,0.689702583043325,1.6184993471143228,1.6499823539229785,0.07689995167678418,0.6877588258858423,1.6385313068126623,0.22,0.0,0.74,0.0,0.0,0.02,0.0,0.01,0.0,0.01,0.0,0.0,0.0,0.0,0.0,0.16,0.84,0.0,0.0,5,1
1325,0.07668910477187149,0.1830052655083548,5.363253515875047,1.1196023871939549,1.1673909054997498,2.5641845271547146,10.46838066151285,3.3229291854091603,248.24,32.91774873557094,45.36,97.302975755673,0.834427877802395,1.8726873848157244,0.786442385959101,1.7109056231931765,1.6708742936303767,0.09960049142784065,0.7786958934671081,1.71259826957755,0.31,0.0,0.61,0.0,0.0,0.06,0.0,0.02,0.0,0.0,0.0,0.0,0.0,0.0,0.0,0.18,0.81,0.01,0.0,9,1
1326,0.1258359585141065,0.24247545157105516,5.501155959044988,1.4610493000831142,1.78891406109358,3.191190407362499,9.77968494510229,3.7371159014611868,230.96,62.70693741524936,63.0,109.66892325208966,1.03764873723589,1.8496355177844397,1.086662647563874,1.932439274459028,1.6629941669688726,0.10467419980799587,1.1739011022713832,2.09729920714273,0.21,0.0,0.66,0.01,0.02,0.06,0.0,0.01,0.0,0.03,0.0,0.0,0.0,0.0,0.0,0.25,0.75,0.0,0.0,4,1
1327,0.06085209666567782,0.1722327934594359,5.045450184637034,0.7075157083331965,0.9306204832493097,2.508551611619594,11.09385807070697,3.0346605045745645,244.4,42.05623940305733,32.76,85.17541258538704,0.5458178397831559,1.4217928718726707,0.5474031987343742,1.462067449580672,1.6323295823778872,0.032561429903494386,0.6094009153324123,1.6329165260940535,0.11,0.0,0.81,0.01,0.01,0.05,0.0,0.01,0.0,0.0,0.0,0.0,0.0,0.0,0.0,0.13,0.87,0.0,0.0,5,1
1328,0.17763228013363094,0.3199842840514957,5.65951975087075,1.469846544611346,2.0597072064590574,3.4257111142591654,9.401792446298941,4.168150520034931,229.04,64.89555244600919,70.56,113.71773668326169,1.3551932995510014,2.129477967796818,1.2440780565002512,2.0662529427899035,1.6749801827775384,0.11188926471614834,1.354064874703585,2.2542442060001324,0.25,0.0,0.57,0.02,0.04,0.12,0.0,0.0,0.0,0.0,0.0,0.0,0.0,0.0,0.0,0.28,0.72,0.0,0.0,5,1
1329,0.12305547611046493,0.29409174379130876,5.345952198670911,1.2040189753497332,1.543295078689922,2.9391010826879738,9.956452771090902,3.8071153523765457,234.8,57.89017815893062,54.12,102.882033063469,0.9641942900578954,1.8810854407279858,0.9143238149753575,1.8252277226860736,1.651744076634366,0.08239701489376244,1.0195624053398378,1.9247499404534094,0.14,0.0,0.71,0.03,0.03,0.07,0.0,0.0,0.0,0.02,0.0,0.0,0.0,0.03,0.0,0.2,0.77,0.0,0.0,4,1
1330,0.08032985826962616,0.16967400156192536,5.232479449897609,1.022548714512437,1.6084619978919488,3.0342317510657195,10.26206450645026,3.5993906550005406,229.04,64.89555244600918,56.04,104.76717043043588,0.8512042682626383,1.6275380869754585,0.8743875080802097,1.6819735322106586,1.6384339526834495,0.057018360029821816,1.095597822901843,2.0789107501958224,0.09,0.0,0.75,0.02,0.02,0.11,0.0,0.0,0.0,0.01,0.0,0.0,0.0,0.01,0.0,0.22,0.77,0.0,0.0,2,1
1331,0.10198679490920753,0.31215154281594854,5.395959146088768,1.6777420236383618,0.9947173347707166,2.689265208924209,10.887331843722174,3.028883344212852,244.4,42.05623940305734,27.0,76.07412652980464,0.564072891140242,1.492600257887685,0.5947190702162569,1.6106849941669723,1.6674198389140966,0.12413360276252611,0.613607681434679,1.652438390431246,0.19,0.0,0.74,0.0,0.0,0.05,0.0,0.01,0.0,0.01,0.0,0.0,0.0,0.03,0.0,0.1,0.87,0.0,0.0,3,1
1332,0.08558090584112117,0.2394351857877591,5.308186934942778,1.4205038782027917,1.0737323811655408,2.6037079337762514,10.706495520697032,3.1567036009312206,238.64,52.350705474103826,35.88,87.84275206816491,0.6339503866229337,1.530943832060591,0.6710805789751147,1.6362274065578493,1.6598747361405257,0.10792583649355801,0.7033123003366826,1.7267549722880082,0.12,0.0,0.79,0.01,0.0,0.07,0.0,0.0,0.0,0.01,0.0,0.0,0.0,0.01,0.0,0.14,0.85,0.0,0.0,3,1
1333,0.12500993617895312,0.2229208384513734,5.458436543438977,1.2316876775968972,2.0618142454331623,3.4002748163896395,9.811720054634767,3.9583796643451503,223.28,70.74296624207435,70.56,113.71773668326169,1.142402838407302,1.85775875794833,1.148873275664738,1.8737394926793574,1.6518569825872236,0.08557129093861128,1.364623558291536,2.2606162942698345,0.2,0.0,0.63,0.03,0.04,0.08,0.0,0.01,0.0,0.01,0.0,0.0,0.0,0.0,0.0,0.28,0.72,0.0,0.0,2,1
1334,0.18060011022420625,0.32183566519273954,5.548216179615515,1.2808985783896818,1.6745318881496385,3.195285413014384,9.386133004258639,4.051029128307119,236.72,55.22371032281497,57.96,106.58405133977598,1.2791576014343036,2.026845014036348,1.0031048342464584,1.9220394806265437,1.6423848357132453,0.07867473020463052,1.07744872882059,2.0399440382589225,0.23,0.0,0.67,0.01,0.01,0.03,0.0,0.03,0.0,0.02,0.0,0.0,0.0,0.0,0.0,0.23,0.77,0.0,0.0,3,1
1335,0.1474623810514196,0.2866723614481628,5.531083597407205,1.6177523790421433,1.7867799265733402,3.410063164046395,9.843026177683234,3.649839381959139,229.04,64.89555244600918,57.96,106.58405133977597,1.0584973793462686,1.9233103004341692,1.0341942098622487,1.969906096897618,1.6587484868947897,0.10504869946404319,1.1372304012148151,2.1624730832312387,0.14,0.0,0.72,0.0,0.01,0.08,0.0,0.0,0.0,0.05,0.0,0.0,0.0,0.0,0.0,0.23,0.77,0.0,0.0,3,1
1336,0.12986907642628884,0.3046257655243405,5.320762846146908,1.1693607315342087,1.2881667152690581,2.734414243022055,10.17867533826448,3.7708568416512893,242.48,45.82718526258087,47.88,99.35786558972295,0.9684151783243726,1.9212539756879865,0.8466866612336258,1.7674764159422043,1.6485211758338545,0.08936755735252826,0.8366216763130552,1.7719319588749716,0.19,0.0,0.72,0.01,0.01,0.04,0.0,0.02,0.0,0.01,0.0,0.0,0.0,0.0,0.0,0.19,0.81,0.0,0.0,4,1
1337,0.1387594342305472,0.34919060116624256,5.411793330013808,1.3832481896669744,1.2045922343867832,2.8069790800097394,10.083065469005858,3.755904830142024,238.64,52.35070547410382,40.92,92.78079738629305,0.943076247684612,1.9550335402204695,0.6681680217606385,1.566776796332381,1.6605258171440562,0.10466349824931213,0.796479858149871,1.8386706989177803,0.17,0.0,0.76,0.0,0.0,0.05,0.0,0.0,0.0,0.02,0.0,0.0,0.0,0.01,0.0,0.16,0.82,0.01,0.0,4,1
1338,0.13625811394761558,0.38364476503960215,5.3705183294269645,1.3390887615411675,0.6843930509355313,2.0785137497711377,10.689054126887266,3.583231873771115,242.48,45.82718526258087,25.2,75.98085883359643,0.7874213208120545,1.9321354669888933,0.4528449062804167,1.3699626263590234,1.6658055986659934,0.09304295717412481,0.43538204717518425,1.3196641108495373,0.29,0.0,0.62,0.02,0.02,0.01,0.0,0.01,0.01,0.01,0.01,0.0,0.0,0.0,0.0,0.1,0.85,0.05,0.0,7,1
1339,0.0469945459743461,0.20782048824162025,5.031048778206658,1.0312688464835316,0.30533622403250676,1.5666524663224966,11.456507753807262,2.541466307468585,250.16,27.015416474167623,10.08,49.630489162866944,0.33592011908706176,1.2642732727274661,0.15281614437017912,0.7681811734426118,1.6443858216874252,0.08464842794412168,0.1896269463777235,0.9685363578361935,0.08,0.0,0.88,0.0,0.0,0.02,0.0,0.01,0.0,0.01,0.0,0.0,0.0,0.0,0.0,0.04,0.95,0.01,0.0,5,1
1340,0.10071279471568495,0.28444585437007114,5.352822653531584,1.416385903362268,0.9382162601031955,2.4908865485536045,10.526603974618169,3.36756362822584,242.48,45.82718526258087,32.76,85.17541258538704,0.7308707556123052,1.750055025238525,0.5566576522832017,1.4704228117020932,1.6664874091401807,0.10900068565128908,0.6194090351513755,1.6570668231816608,0.16,0.0,0.74,0.01,0.0,0.07,0.0,0.0,0.0,0.02,0.0,0.0,0.0,0.0,0.0,0.13,0.87,0.0,0.0,7,1
1341,0.1705871783141244,0.3774492077940852,5.438882881738809,1.248775443064363,1.2168567392618195,2.6795116542722903,10.006692595354885,3.9653474057896827,240.56,49.23502079543862,45.36,97.302975755673,1.103566926919861,2.213831096423849,0.9098621697336878,1.9925156524897527,1.6674222168034896,0.08597513099816849,0.7846571024168711,1.726615892820957,0.33,0.0,0.57,0.04,0.01,0.04,0.0,0.01,0.0,0.0,0.0,0.0,0.0,0.0,0.0,0.18,0.82,0.0,0.0,10,1
1342,0.13453509945766282,0.2872046039022087,5.4117245366677444,1.1003876038632887,1.5786312277669987,2.9548348585178346,10.028001315644183,3.921372405174522,234.8,57.8901781589306,57.96,106.58405133977597,1.0797274792307552,2.028233303139203,1.1139583572383451,2.101738755465708,1.6664195495145784,0.08389889274227726,1.057308781717201,1.9973082728213278,0.31,0.0,0.54,0.0,0.03,0.1,0.0,0.0,0.0,0.02,0.0,0.0,0.0,0.0,0.0,0.23,0.77,0.0,0.0,7,1
1343,0.10225328336688945,0.2854797037232607,5.188340853380023,1.000769846385896,0.7834284715432028,2.1596579281704362,10.737824545643534,3.385906461575925,248.24,32.91774873557093,30.24,82.30285535751479,0.7126258362997301,1.802743119492088,0.5893685510557343,1.610839843369291,1.6505260559770307,0.09137099192870489,0.5127317920405529,1.4179069753023334,0.15,0.0,0.78,0.03,0.01,0.02,0.0,0.0,0.0,0.01,0.0,0.0,0.0,0.0,0.0,0.12,0.88,0.0,0.0,6,1
1344,0.10851278358891163,0.34341177021383973,5.170006083215732,1.0392449596929139,0.636931437799497,2.1237670348864013,10.742183916706578,3.2559912726772238,248.24,32.91774873557093,22.68,72.48111979869465,0.6777534251433986,1.824039065816235,0.3825028810686789,1.26520145640644,1.646332948807733,0.06920098378382168,0.4152031904395833,1.381598664178612,0.22,0.0,0.74,0.0,0.0,0.03,0.0,0.0,0.0,0.01,0.0,0.0,0.0,0.0,0.0,0.09,0.88,0.03,0.0,6,1
1345,0.07927943413904816,0.1842658136911363,5.275104283097999,1.0465075015177987,1.1482861186304936,2.6338417766797932,10.651378017774386,3.3846653611423587,246.32,37.813706028851016,42.84,95.13634235329648,0.8015504367570027,1.7590865818935337,0.7619534679218697,1.7070232619110153,1.6612697786318333,0.08566750715427583,0.774285745677982,1.794104424764377,0.31,0.0,0.59,0.0,0.02,0.08,0.0,0.0,0.0,0.0,0.0,0.0,0.0,0.0,0.0,0.17,0.82,0.01,0.0,8,1
1346,0.09559607319884134,0.25693493732694067,5.276940024655511,1.0291535727323629,1.340507438423444,2.9535985310048405,10.541334930693521,3.5282790329319687,236.72,55.22371032281498,45.36,97.30297575567302,0.698270748138583,1.6949406549662251,0.6978527124099934,1.7245007754095911,1.6634459945263138,0.0818450039110613,0.9326973704879701,2.0559676485438576,0.24,0.0,0.65,0.01,0.0,0.07,0.0,0.01,0.0,0.02,0.0,0.0,0.0,0.03,0.0,0.15,0.82,0.0,0.0,9,1
1347,0.07483834997090794,0.2249767149120288,5.240718168641149,1.233029439492629,0.6517882658676695,1.9766110564775998,10.95019054017407,2.9428062633895515,246.32,37.813706028851016,25.2,75.98085883359643,0.5266918885925097,1.5228225319484636,0.48651598962093245,1.481814153710384,1.6665003239593674,0.10754742547908125,0.4090408898420536,1.2401665628723284,0.18,0.01,0.75,0.01,0.0,0.03,0.0,0.0,0.0,0.02,0.0,0.0,0.0,0.0,0.0,0.1,0.89,0.01,0.0,6,1
1348,0.04198586601567586,0.1757171392222653,5.053311123209506,0.788388091345113,0.5475512247990233,2.1605129100283276,11.407004053288086,2.321791140703691,246.32,37.813706028851,15.72,60.29491158992079,0.29400816907013305,1.1259073838002858,0.2589371103826582,1.0580442424110976,1.6516629050758067,0.08099023846963838,0.35074773662186387,1.3362281258786382,0.17,0.01,0.78,0.01,0.0,0.02,0.0,0.01,0.0,0.0,0.0,0.0,0.0,0.01,0.0,0.06,0.93,0.0,0.0,8,1
1349,0.08298332524546397,0.24070319327458115,5.261469388878393,1.1792046319615295,1.0905337831841642,2.815336823088433,10.773757391391145,3.2486691686031945,232.88,60.37747924516228,33.36,85.15363655289079,0.6035987835887269,1.6312151210959018,0.4949411638708184,1.3582586550666431,1.663674816212975,0.10597829201975524,0.7408983845250771,1.8936215274238537,0.16,0.0,0.74,0.0,0.0,0.06,0.0,0.02,0.0,0.02,0.0,0.0,0.0,0.02,0.0,0.12,0.86,0.0,0.0,6,1
1350,0.04960481558593438,0.1691328652742798,5.0362729322699495,0.6434124722725654,0.7751172115245974,2.2907361742146866,10.986631958433204,2.782470030540745,248.24,32.91774873557093,20.04,65.03828243287319,0.49003895256428864,1.3914729240211765,0.33011787758450056,1.2194402707899088,1.6445645752558036,0.056864313064915795,0.5662833032226797,1.6511718178991817,0.21,0.0,0.76,0.0,0.0,0.02,0.0,0.01,0.0,0.0,0.0,0.0,0.0,0.04,0.0,0.07,0.89,0.0,0.0,5,1
1351,0.03999759620383611,0.19422521547877228,4.995551530967421,0.7221198549472303,0.343150164844677,1.5971430965343205,11.594671776054675,2.307464256868555,252.08,19.200000000000003,12.6,55.198814216512766,0.2903199903575342,1.1686370297885975,0.21788479486439208,0.9913484047041402,1.645103322413104,0.053316022325750445,0.2243065971328195,1.026846234922982,0.18,0.0,0.79,0.0,0.0,0.03,0.0,0.0,0.0,0.0,0.0,0.0,0.0,0.0,0.0,0.05,0.94,0.01,0.0,9,1
1352,0.10475168341004969,0.28806490519813216,5.065213087935843,0.7563963160747148,0.7781521328394163,2.261965262968125,10.485150228023793,3.4607705053181363,246.32,37.813706028851016,27.72,79.24544150927547,0.8202801570923909,2.065894997217399,0.49041310669912597,1.4212671587094616,1.6395301850665587,0.0567994352541152,0.5219376827627861,1.5259037441172612,0.11,0.0,0.81,0.01,0.01,0.06,0.0,0.0,0.0,0.0,0.0,0.0,0.0,0.0,0.0,0.11,0.89,0.0,0.0,4,1
1353,0.10909283476382443,0.27881461208127584,5.396552311195405,1.3300424434050837,0.9635705054031023,2.377818550442499,10.450813388000133,3.463189613677949,252.08,19.2,37.8,90.43531088322446,0.7903996427872229,1.8049869280764554,0.6970916248824816,1.6789784114209758,1.6722479695423333,0.10761628310733373,0.6194099862129712,1.5144052782924753,0.27,0.0,0.67,0.0,0.0,0.05,0.0,0.0,0.0,0.0,0.0,0.0,0.01,0.0,0.0,0.15,0.85,0.0,0.0,7,1
1354,0.06948251256107658,0.2546947856927669,5.166977932459303,1.231617663344176,0.5929000176548392,1.930836605269251,11.113016512195102,2.8071971954055073,246.32,37.81370602885102,22.68,72.48111979869465,0.4190354848366523,1.3728488110918415,0.37947132735413114,1.3071122009818263,1.656822276509169,0.0844619629494147,0.38201870088983353,1.232283478521628,0.21,0.0,0.73,0.01,0.0,0.04,0.0,0.0,0.0,0.01,0.0,0.0,0.0,0.01,0.0,0.08,0.91,0.0,0.0,8,1
1355,0.10226315279899292,0.23124735226093113,5.225744644923082,1.0530431576700099,1.2350765843357703,2.707476529681002,10.42714396990775,3.4978210046663554,244.4,42.05623940305734,45.36,97.302975755673,0.8184826549822537,1.750516662171679,0.8405667560099279,1.815658886758526,1.6458301839240832,0.07583754126498564,0.8080525150003264,1.7750955099456975,0.18,0.0,0.72,0.01,0.0,0.07,0.0,0.0,0.0,0.02,0.0,0.0,0.0,0.0,0.0,0.18,0.82,0.0,0.0,2,1
1356,0.11613229907781453,0.26134074042513405,5.367723248206562,1.1370227812373694,1.3194112464014265,2.6086873092982277,10.070960419057796,3.7970715399909687,242.48,45.827185262580876,51.0,101.18390098321876,1.037002309568494,2.0454839279219383,1.0044305749668927,2.0369528078612347,1.6624203855249433,0.08757877109937677,0.8958280973998086,1.7856943788089243,0.3,0.0,0.59,0.03,0.02,0.04,0.01,0.0,0.0,0.01,0.0,0.0,0.0,0.01,0.0,0.2,0.78,0.01,0.0,9,1
1357,0.09270265168948194,0.25972255818252116,5.283898440746032,1.2614371674603728,0.8525088199389486,2.4289408225926103,10.802888000620001,3.1489818003048233,248.24,32.91774873557093,30.24,82.30285535751479,0.6123573818059951,1.4688759908847653,0.4987724978529002,1.377656193553435,1.649824962793025,0.07516601151552198,0.5456562097097314,1.535984293035886,0.21,0.0,0.76,0.0,0.0,0.02,0.0,0.0,0.0,0.01,0.0,0.0,0.0,0.0,0.0,0.12,0.87,0.01,0.0,5,1
1358,0.12165918700064765,0.29635146399440926,5.490912511799925,1.4128666696031693,1.472653908982962,2.9637607727993545,10.09965461325889,3.8311745189015487,236.72,55.22371032281498,52.92,103.15876554656374,0.9931337955858933,1.8840565366157938,0.8100047497542604,1.6168724060115867,1.6653167150923955,0.11132700451987117,0.9699467695426475,1.946573013615302,0.28,0.0,0.6,0.0,0.01,0.08,0.0,0.01,0.0,0.02,0.0,0.0,0.0,0.0,0.0,0.21,0.79,0.0,0.0,5,1
1359,0.09812646413895781,0.23364754432120355,5.498209746032632,1.38797994192442,1.6707365180260323,3.254809283797473,10.164895361850506,3.6224943505350655,232.88,60.37747924516227,57.96,106.58405133977597,0.8988867586065402,1.6484099654144968,0.8936437324628947,1.6816609809613736,1.6656365018921233,0.1053071659742325,1.0900520944446304,2.0659148574495476,0.22,0.0,0.61,0.01,0.04,0.09,0.0,0.01,0.0,0.01,0.0,0.0,0.01,0.01,0.0,0.22,0.77,0.0,0.0,4,1
1360,0.0643374751157423,0.16132825410853346,5.283552987947615,1.0906554051796884,1.0210898494692093,2.520894515441704,10.728606657195787,3.115119398430943,246.32,37.813706028851016,35.88,87.84275206816493,0.5676297545106652,1.411553728262037,0.5878424773973903,1.482317775687357,1.666191378202685,0.1091929071503562,0.6779418066379924,1.6594565816144105,0.26,0.0,0.67,0.01,0.01,0.03,0.0,0.01,0.0,0.01,0.0,0.0,0.0,0.01,0.0,0.14,0.85,0.0,0.0,6,1
1361,0.05085149516244533,0.203282821210827,5.0763306308354945,0.8242812961626875,0.5054979416084087,1.9631573769732806,11.389593110977112,2.5667578535531006,250.16,27.01541647416762,17.64,64.62096479401318,0.3788572780831476,1.2999342239255516,0.2995322960359123,1.1195733804173509,1.6518194523919576,0.07526945663452339,0.3254942792260503,1.2306508696031913,0.23,0.0,0.75,0.0,0.01,0.01,0.0,0.0,0.0,0.0,0.0,0.0,0.0,0.0,0.0,0.07,0.93,0.0,0.0,7,1
1362,0.07368997433437269,0.1936471883224893,5.374866151297442,1.2607084257039354,1.288967558618307,3.0292655855463333,10.581638679534553,3.0768233981896786,236.72,55.22371032281498,39.0,90.32265395891453,0.6416710253871577,1.4464425893365842,0.5708380305414797,1.4126846280393788,1.6696846275864496,0.09715017348822866,0.8431602861541296,1.957630980321973,0.28,0.0,0.61,0.01,0.01,0.07,0.0,0.0,0.0,0.02,0.0,0.0,0.0,0.0,0.0,0.15,0.83,0.0,0.02,3,1
1363,0.09267488906018986,0.18913850684757183,5.381043596912667,1.223795224240051,1.1966165777779028,2.7118350162651153,10.359190449399483,3.7015196309664984,236.72,55.22371032281498,42.84,95.13634235329651,0.8556123087545136,1.5906180053923613,0.6696799839986332,1.5123335870991355,1.648964617687213,0.08050137601159424,0.7877149731980678,1.7979741967718956,0.25,0.0,0.61,0.03,0.02,0.08,0.0,0.0,0.0,0.01,0.0,0.0,0.0,0.0,0.0,0.17,0.83,0.0,0.0,5,1
1364,0.028411633223274196,0.0993498965869456,4.990793305609883,0.6541340223060311,0.6771245347199055,2.2253565446836365,11.197293247289606,2.323147397932248,244.4,42.05623940305734,22.68,72.48111979869466,0.3336044638738396,1.0519252781756434,0.33100981635843835,1.07665339925714,1.6364949524865937,0.04622698758619897,0.45869957230015485,1.5029801426282978,0.12,0.0,0.81,0.0,0.01,0.04,0.0,0.02,0.0,0.0,0.0,0.0,0.0,0.0,0.0,0.09,0.91,0.0,0.0,5,1
1365,0.19933035947507657,0.32054044481577293,5.749855549474043,1.3482245322956707,2.2058239168553846,3.1596443160835217,8.84346289494944,4.401855512754764,234.8,57.8901781589306,83.76,118.81818042707103,1.5725688972947784,2.200075800116808,1.525186366367806,2.245794556198194,1.6817020791196782,0.10026234847081807,1.451277554391511,2.0818338680885233,0.3,0.0,0.48,0.0,0.0,0.16,0.0,0.0,0.0,0.06,0.0,0.0,0.0,0.01,0.0,0.33,0.66,0.0,0.0,8,1
1366,0.08399136152982725,0.21308178465085023,5.087729728983051,0.8901795438290169,1.2014361514130827,2.853492778582713,9.766811950925089,4.217742770106127,224.7,76.99842580051603,42.84,95.13634235329648,0.7132798653875518,1.5847874505248998,0.7123937292741835,1.6135386945775423,1.6320359244032818,0.04470718357931479,0.7644933612131571,1.7563268810881203,0.19,0.0,0.7,0.01,0.0,0.07,0.01,0.02,0.0,0.0,0.0,0.0,0.0,0.0,0.0,0.17,0.83,0.0,0.0,6,1
1367,0.09110727745911255,0.21489222893458657,5.179612921715167,1.0101819043855174,1.0079327714554844,2.5023544497612034,10.221798898841898,3.8945971403917183,235.48,59.69458970797975,37.8,90.43531088322446,0.7854903126023687,1.7068840499042297,0.6025992544436224,1.5294808034656056,1.6429686909311079,0.06734840919591699,0.6669790468940403,1.6328259032777794,0.23,0.0,0.72,0.0,0.0,0.03,0.0,0.01,0.0,0.01,0.0,0.0,0.0,0.01,0.0,0.14,0.85,0.0,0.0,7,1
1368,0.19457692699466128,0.34028309214340996,5.660996312954668,1.3287392144269672,2.0247073997961476,3.015535998609392,8.973430661182443,4.36436967355698,240.56,49.235020795438615,80.64,118.14419541006197,1.5427997534307583,2.2324910132624525,1.4970304258877365,2.2372520957535067,1.6704560649424605,0.10043164199754981,1.3404115353829773,1.9988314230774313,0.42,0.0,0.5,0.01,0.0,0.06,0.0,0.0,0.0,0.01,0.0,0.0,0.0,0.0,0.0,0.32,0.68,0.0,0.0,7,1
1369,0.174441208920611,0.33004697167512614,5.5996301269246835,1.323814782124981,2.0417993640376375,3.3539019948158217,9.627641618140522,4.173377410910713,229.04,64.89555244600918,70.56,113.71773668326168,1.2866702639827199,2.1226816056713433,1.3322990821695226,2.206344078304069,1.6726044683994161,0.09262557464148995,1.3496565454549372,2.2262258916893396,0.42,0.0,0.46,0.01,0.0,0.08,0.0,0.0,0.01,0.02,0.0,0.0,0.0,0.0,0.0,0.28,0.72,0.0,0.0,5,1
1370,0.14732613040786352,0.3031361177690624,5.599694534589671,1.466429313871406,1.688382996340646,2.9001498896037217,9.663549356684353,3.92688933704449,244.4,42.05623940305734,61.68,107.81829832892676,1.1352474158518602,1.9529445497114135,1.2188654995456132,2.103617251044471,1.6793641248654736,0.10058242939424801,1.1039950050874103,1.9002697938921118,0.43,0.0,0.45,0.0,0.0,0.1,0.0,0.0,0.0,0.02,0.0,0.0,0.0,0.02,0.0,0.24,0.74,0.0,0.0,4,1
1371,0.10705506989372315,0.2507454173970106,5.462242343955263,1.3534064433994792,1.453187802127504,3.0220119266318357,10.362561873896789,3.5503734604730313,238.64,52.350705474103826,46.56,97.10395554156473,0.8451695677902304,1.712195807190973,0.8170680993426991,1.7396933108658736,1.672466032078539,0.1072736412462726,0.9555241891202607,1.9811532439289716,0.3,0.01,0.58,0.02,0.01,0.05,0.0,0.01,0.0,0.01,0.01,0.0,0.0,0.02,0.0,0.18,0.8,0.0,0.0,9,1
1372,0.1747409342734406,0.3635124321899364,5.541160041942684,1.436670424747019,1.6436151430215082,3.137080638959771,9.787430281561168,4.1338988400036785,246.32,37.813706028851016,56.04,104.7671704304359,1.25282744710074,2.220475552639625,1.0991877462454809,2.137201579933504,1.663403889082116,0.0943841143297724,1.077810313297578,2.0484386346867467,0.28,0.0,0.67,0.0,0.0,0.05,0.0,0.0,0.0,0.0,0.0,0.0,0.0,0.01,0.0,0.22,0.77,0.0,0.0,6,1
1373,0.16975668609257955,0.35535149407472133,5.773591448032659,1.7609850609012485,1.5304091792068406,2.946927280124423,9.645669470157333,4.0058999292452935,232.88,60.37747924516227,55.44,104.91596637309308,1.1617862384705977,2.0329450309116837,0.9389244002439682,1.8139218085942355,1.6922635589541355,0.11403198250818443,0.992017210440507,1.9190400900820022,0.35,0.0,0.49,0.0,0.01,0.11,0.0,0.0,0.0,0.04,0.0,0.0,0.0,0.0,0.0,0.22,0.76,0.02,0.0,9,1
1374,0.10022596476645852,0.21884471885516915,5.6002766681798315,1.2617593442737083,1.6568505580254538,2.886210148581921,9.776623666411371,3.6381339865177877,244.4,42.05623940305734,65.52,111.09268857375564,0.9947414255417323,1.7509474761689907,1.073098698368398,1.8874004870965313,1.6831161688581802,0.12604163304646218,1.0826056374133748,1.884032174689979,0.43,0.0,0.5,0.01,0.0,0.04,0.0,0.0,0.0,0.02,0.0,0.0,0.0,0.0,0.0,0.26,0.74,0.0,0.0,6,1
1375,0.11789094647674629,0.29054885273680464,5.4210197023302245,1.1758203252649404,1.1255391315588783,2.5953437960646064,10.145690667223478,3.7039133108815507,244.4,42.05623940305734,42.84,95.1363423532965,0.9534267175268965,1.9433301855772342,0.7083086582351363,1.5851527705030504,1.6723156613994659,0.08986428908023528,0.7496091022115113,1.7293599924525933,0.3,0.0,0.61,0.0,0.0,0.09,0.0,0.0,0.0,0.0,0.0,0.0,0.0,0.0,0.0,0.17,0.83,0.0,0.0,6,1
1376,0.13638056669592902,0.30958989955148936,5.542386598429767,1.32153396585944,1.842727618126511,3.2293739412933737,9.674413789454897,3.8739170944835855,232.88,60.37747924516227,65.52,111.09268857375561,1.1411218992495,1.966690274221766,1.0993441164032727,1.959923760039656,1.6694345711366756,0.09654832323505688,1.219132405828661,2.142660449438766,0.27,0.0,0.61,0.0,0.0,0.1,0.0,0.0,0.0,0.02,0.0,0.0,0.0,0.0,0.0,0.26,0.73,0.01,0.0,4,1
1377,0.12584751974535638,0.2449139064555973,5.6289374705504365,1.2066853150252859,2.1083377422864493,3.4983298982112974,9.608644191242405,3.7485687965592662,230.96,62.70693741524936,71.16,113.49976371621379,1.1018360484048169,1.806285398801225,1.1025179410550026,1.83672446827581,1.6785893954808973,0.10048083435865351,1.3617327413377318,2.2274958507503158,0.34,0.0,0.5,0.02,0.0,0.11,0.0,0.0,0.0,0.03,0.0,0.0,0.0,0.01,0.0,0.28,0.71,0.0,0.0,6,1
1378,0.13864149361015785,0.25725591097284817,5.650624803893816,1.4262461847772072,2.1359285176811746,3.271355770127245,9.413673638741585,4.078416349707989,240.56,49.235020795438615,78.72,116.88465176481392,1.273652325633001,1.927474267433563,1.3641096827708268,2.0543529256360564,1.6728531200100334,0.09840392654150826,1.4140158814616546,2.1502643454316326,0.34,0.0,0.56,0.0,0.0,0.1,0.0,0.0,0.0,0.0,0.0,0.0,0.0,0.01,0.0,0.31,0.68,0.0,0.0,5,1
1379,0.10934740894379608,0.218030914396966,5.452988542525365,1.3011938177651514,1.4562524587836776,2.712948739144372,10.201963127616642,3.8182899105789407,242.48,45.82718526258087,57.96,106.58405133977598,1.000462249857693,1.9103481053859501,1.0742055607408512,2.037379629663833,1.667859199092461,0.10295211866517028,0.9468926294032365,1.763929827257091,0.3,0.0,0.62,0.01,0.01,0.03,0.0,0.01,0.0,0.02,0.0,0.0,0.0,0.0,0.0,0.23,0.77,0.0,0.0,6,1
1380,0.07407083055488298,0.16730263822578473,5.337063258214272,1.025847721317212,1.1945805495821453,2.518345418237037,10.494073264950325,3.454595624204596,244.4,42.05623940305734,47.88,99.35786558972298,0.8060678117562701,1.7404633649389858,0.8541453589789143,1.8410317356014807,1.668557456304778,0.07748171987421551,0.7971330462248765,1.6867396724385622,0.38,0.0,0.55,0.0,0.01,0.04,0.0,0.0,0.0,0.02,0.0,0.0,0.0,0.0,0.0,0.19,0.81,0.0,0.0,5,1
1381,0.07228028980456312,0.1600639564811041,5.425231267672618,1.164770619897653,1.3356091517123971,2.7549005643896947,10.301727647497186,3.401095107261887,244.4,42.05623940305734,46.56,97.10395554156476,0.830111397914289,1.7025188392709418,0.796418208256237,1.7803624547359456,1.6803046721802044,0.09963468285393957,0.9262111593524167,1.9169417022534208,0.35,0.0,0.54,0.01,0.01,0.07,0.0,0.01,0.0,0.01,0.0,0.0,0.0,0.02,0.0,0.18,0.8,0.0,0.0,9,1
1382,0.11169774309963594,0.1877148748456106,5.497457316727121,1.1307102927786268,2.193128131427312,3.365298678000632,9.463203446338289,3.934518948601757,232.88,60.37747924516226,80.64,118.14419541006197,1.2130600722636695,1.8133787656545304,1.26458984152183,1.9043433114313237,1.6545204706313923,0.07693993859470993,1.4676380800901005,2.25295828494218,0.23,0.0,0.6,0.01,0.02,0.12,0.0,0.01,0.0,0.01,0.0,0.0,0.0,0.0,0.0,0.32,0.68,0.0,0.0,3,1
1383,0.12962326677288227,0.25391721626840846,5.773023320681799,1.5833656218558918,1.8890870477583568,3.1978195807372938,9.782577763588653,3.8679969924243336,230.96,62.70693741524935,68.04,112.44140292129536,1.0767833037386991,1.7944345683892404,1.114765666400905,1.9048162653344831,1.6928284669653018,0.12629901475999192,1.2039407117417218,2.042463674911249,0.4,0.01,0.44,0.05,0.0,0.08,0.0,0.01,0.0,0.01,0.0,0.0,0.0,0.0,0.0,0.27,0.73,0.0,0.0,5,1
1384,0.14045365135123003,0.30181634112673394,5.59740063233893,1.681373896384787,1.561279447790709,3.1577302703566126,10.124370611220455,3.7694390758689824,234.8,57.89017815893061,52.92,103.15876554656377,0.9776147184553001,1.8307734426665205,0.8990231350931456,1.802219926574771,1.6766501359588348,0.10570004547762808,0.9853723610636581,1.9777592880356678,0.2,0.0,0.65,0.01,0.01,0.1,0.0,0.0,0.0,0.03,0.0,0.0,0.0,0.0,0.0,0.21,0.79,0.0,0.0,4,1
1385,0.06829157039637827,0.17820894030202883,5.25669411533752,1.0222971626991426,1.1671911630014793,2.5610969262650207,10.504614478425044,3.305807291946027,246.32,37.813706028851016,41.52,92.70747738794518,0.7173736885965772,1.566825148153603,0.6846859885517272,1.5992486248622648,1.659087354890406,0.08055106883245362,0.8103597112279521,1.7807304986437333,0.18,0.0,0.7,0.01,0.0,0.11,0.0,0.0,0.0,0.0,0.0,0.0,0.0,0.02,0.0,0.16,0.82,0.0,0.0,5,1
1386,0.06459752631326325,0.17345950094738763,5.145418077072305,0.806079113074873,0.9339476192846567,2.5469999988751506,10.865424357245367,2.9843929023710523,248.24,32.917748735570925,32.76,85.17541258538705,0.5742517123554799,1.4827456768162237,0.5716983744417417,1.513002397674313,1.6508251114652892,0.06682365634298575,0.6169099901530944,1.6664574749887313,0.22,0.0,0.72,0.0,0.0,0.05,0.0,0.01,0.0,0.0,0.0,0.0,0.0,0.0,0.0,0.13,0.87,0.0,0.0,4,1
1387,0.13400815435693508,0.2236650552992964,5.673721406251645,1.3655170496384967,2.4791132941470355,3.7285184205218287,9.495476379797164,3.987213736979795,217.52,75.7012309255032,83.16,119.0905537815657,1.2529119937508064,1.8214494333005014,1.2688026979362108,1.876163993702159,1.668111077322208,0.0991187853107394,1.623234787567551,2.41221213638382,0.22,0.0,0.55,0.01,0.03,0.14,0.0,0.01,0.0,0.04,0.0,0.0,0.0,0.0,0.0,0.33,0.67,0.0,0.0,4,1
1388,0.15304359529768388,0.25655924714701445,5.626235312321853,1.1450919210895236,2.327861107483679,3.5700410176485264,9.316765072747124,4.066389997010918,225.2,68.90309400626624,80.64,118.14419541006197,1.348972851877349,1.9964569788572848,1.3587385758984385,2.0358998817589646,1.6708459881693853,0.09906907540621486,1.5398343556264669,2.3400020373620185,0.3,0.0,0.51,0.02,0.02,0.12,0.0,0.02,0.0,0.01,0.0,0.0,0.0,0.0,0.0,0.32,0.68,0.0,0.0,3,1
1389,0.0928148173949759,0.21197357074757142,5.439344068253016,1.3038948859557125,1.091258710319387,2.5404285916481912,10.351550574925067,3.458760464058094,236.72,55.223710322814966,40.32,92.8501431927226,0.7771315544563193,1.5951304620993159,0.6650096510934457,1.5642013966104495,1.6676318181939116,0.10433108151978515,0.7166856123316957,1.6753442102138136,0.21,0.0,0.67,0.02,0.01,0.07,0.0,0.0,0.0,0.02,0.0,0.0,0.0,0.0,0.0,0.16,0.84,0.0,0.0,4,1
1390,0.10136670094153015,0.22375644590056532,5.2310748429929586,0.8054572442722174,1.3196432405737726,2.8256150633460893,10.27054455387103,3.4925540402731405,236.72,55.223710322814995,47.88,99.35786558972298,0.8531955750492167,1.7176492997576234,0.8075865447165033,1.7040923185838508,1.6403103791050702,0.04275342937432164,0.8490414916851602,1.8109019948621963,0.22,0.0,0.63,0.04,0.01,0.09,0.0,0.01,0.0,0.0,0.0,0.0,0.0,0.0,0.0,0.19,0.81,0.0,0.0,4,1
1391,0.08770149684669057,0.1885635270847534,5.317539594768396,0.9678745761289713,1.2656421456499831,2.7794286168727,10.415809122222832,3.6502470903443394,234.8,57.89017815893062,45.36,97.30297575567303,0.8439864896665458,1.6112829632776289,0.7149674155223869,1.5558817626978654,1.647997187153414,0.058016938949506915,0.8658551764585204,1.9028321624804747,0.22,0.0,0.65,0.0,0.0,0.12,0.0,0.01,0.0,0.0,0.0,0.0,0.0,0.0,0.0,0.18,0.82,0.0,0.0,4,1
1392,0.14229464432683134,0.25987397538854035,5.6494050162236205,1.5168708043712036,1.9140003301617858,3.182804297290664,9.728461436428336,3.9808183681536207,229.04,64.89555244600918,70.56,113.71773668326166,1.158142623503365,1.8891406422133215,1.219540438976064,2.0044638791251215,1.6795212196469018,0.09870045177661561,1.2277813056398919,2.0382612103144533,0.29,0.0,0.51,0.0,0.0,0.14,0.0,0.01,0.0,0.05,0.0,0.0,0.0,0.0,0.0,0.28,0.72,0.0,0.0,5,1
1393,0.10835033115419962,0.23349548942928258,5.397146268220841,1.3003214476893208,1.519692577842902,3.0734306629883306,10.247403124339199,3.6321933474797343,234.8,57.89017815893062,52.92,103.15876554656374,0.8976759905683658,1.7077603632631746,0.8768695554552258,1.7346839076893328,1.6568647611865048,0.08125678417252744,0.9978950848635821,2.0095200887909677,0.3,0.0,0.57,0.01,0.0,0.09,0.0,0.01,0.0,0.01,0.0,0.0,0.01,0.0,0.0,0.21,0.79,0.0,0.0,8,1
1394,0.16206487978280365,0.29432242115353763,5.698819156538527,1.438904076770874,2.0072021974408307,3.394172427345446,9.595216082314979,4.025200304323032,234.8,57.8901781589306,70.56,113.71773668326168,1.2389453091901201,2.032029431178664,1.271603791103604,2.1126002437114693,1.6865170790944686,0.11972609168675244,1.2974962014282965,2.1835224564090163,0.36,0.0,0.49,0.0,0.0,0.11,0.0,0.01,0.0,0.03,0.0,0.0,0.0,0.0,0.0,0.28,0.72,0.0,0.0,9,1
1395,0.1819322459346394,0.29196430953161423,5.645779039845554,1.2452477889555251,2.076543281894544,3.296916750020798,9.085556830862707,4.36062025568634,232.88,60.37747924516225,75.6,116.06267899090325,1.475011869782768,2.195696741216578,1.3424587128158985,2.143736785175738,1.6799699296238526,0.09526615806716274,1.3774153493292531,2.1795515764718916,0.38,0.0,0.49,0.02,0.02,0.07,0.0,0.01,0.0,0.01,0.0,0.0,0.0,0.01,0.0,0.29,0.7,0.0,0.0,12,1
1396,0.10351330963194404,0.2390786876268377,5.289432337223749,0.8025411184970018,1.2776046463517963,2.6921263760581375,10.336396752306811,3.5831729655985063,246.32,37.813706028851016,47.88,99.35786558972295,0.9805542935056762,2.137588948957435,1.0057882579087458,2.201947269291673,1.659843839139993,0.04882798553465687,0.8486966610946838,1.7945753478250905,0.41,0.0,0.53,0.02,0.0,0.04,0.0,0.0,0.0,0.0,0.0,0.0,0.0,0.0,0.0,0.19,0.81,0.0,0.0,8,1
1397,0.11401188311995548,0.25379977265267084,5.489461997713567,1.384561848555705,1.2642000896991719,2.6532600484504734,10.325223384275178,3.5778947307297777,246.32,37.81370602885101,47.88,99.35786558972295,0.856614896865986,1.7985495753336034,0.9115226582501664,1.9134825203539725,1.683508224925103,0.11040952268266925,0.8197753937036822,1.7293645372747704,0.31,0.0,0.6,0.01,0.0,0.05,0.0,0.0,0.0,0.02,0.01,0.0,0.0,0.0,0.0,0.19,0.81,0.0,0.0,3,1
1398,0.14283909250877339,0.3178695659910154,5.369495438001584,1.2177167489088532,1.2856392062653845,2.9725600594447523,10.198760670066294,3.744263752255296,242.48,45.82718526258087,42.84,95.13634235329648,0.9623606244492978,1.9698798537963276,0.7766693357962011,1.7604987699312347,1.6574045004610192,0.08093030397432524,0.8089156296617199,1.8503785087964195,0.3,0.0,0.63,0.02,0.0,0.03,0.0,0.01,0.0,0.01,0.0,0.0,0.0,0.0,0.0,0.17,0.83,0.0,0.0,7,1
1399,0.10489761280889182,0.27968765567726356,5.444013213836496,1.2254002818240228,1.1023260629417786,2.791580969964249,10.36265063953435,3.4151883941854293,248.24,32.91774873557093,37.8,90.43531088322445,0.7901214244880868,1.7793568935595119,0.5866761119266097,1.4349581667046232,1.6779994417804824,0.10058235935280528,0.697104032911734,1.7279435890775208,0.33,0.0,0.57,0.0,0.0,0.07,0.0,0.0,0.0,0.02,0.0,0.0,0.01,0.0,0.0,0.15,0.85,0.0,0.0,11,1
1400,0.14404206165017905,0.3059276977679864,5.464443894657726,1.2929484441933516,1.6378143342970517,3.1690335748862686,9.862146934171044,3.809664231562598,227.12,66.95713689979718,55.44,104.9159663730931,1.0771593743130605,1.9916235156171587,0.941112523286024,1.8195320095118392,1.6610594980940787,0.08865076458216327,1.069071892188749,2.08114120823138,0.25,0.0,0.59,0.03,0.03,0.08,0.0,0.0,0.0,0.02,0.0,0.0,0.0,0.0,0.0,0.22,0.78,0.0,0.0,4,1
1401,0.11271339583281458,0.23253870598305987,5.434057519900494,1.2763826642288312,1.4587639696210122,2.890559313073826,10.13796131127359,3.6373464515178906,236.72,55.22371032281497,52.92,103.15876554656376,0.9120360294275062,1.7602065653810017,0.9291119889122392,1.8406836228716712,1.6624438899821954,0.09055946475647222,0.9561139128176588,1.901850352361455,0.29,0.0,0.58,0.02,0.02,0.08,0.0,0.01,0.0,0.0,0.0,0.0,0.0,0.0,0.0,0.21,0.79,0.0,0.0,5,1
1402,0.26147550814416093,0.3467540197812469,6.003707982188307,1.7190536196083819,3.1251517396570643,3.946747839252291,8.528494013072532,4.524807320584223,219.44,74.13560057575089,99.48,122.8544741480009,1.8512461157147269,2.2934834791535623,1.863221568427395,2.321571928320547,1.6870700564014063,0.12726590846791727,2.024382246804921,2.540748732009574,0.33,0.0,0.43,0.04,0.03,0.11,0.0,0.02,0.0,0.04,0.0,0.0,0.0,0.02,0.0,0.39,0.59,0.0,0.0,8,1
1403,0.17761906164951693,0.30574253057446393,5.8501919526787205,1.7708919666307086,2.1448757849601465,3.445335994277443,9.412169715776715,4.01480432832604,238.64,52.35070547410383,75.6,116.06267899090324,1.3184949783907485,2.093876891954338,1.390106077989515,2.223911539688421,1.6952060887470821,0.11302577397533466,1.3511536773587178,2.150102501893405,0.44,0.0,0.41,0.0,0.0,0.11,0.0,0.01,0.0,0.03,0.0,0.0,0.0,0.0,0.0,0.3,0.7,0.0,0.0,10,1
1404,0.07910586181943627,0.19387042239607988,5.2866778162517285,0.8411752498519276,1.106110694929218,2.618030393840634,10.636442205249562,3.2813395130292013,244.4,42.05623940305734,40.32,92.8501431927226,0.6986687809161742,1.6020955467403597,0.7130530820931341,1.6556401568356798,1.6667050422274041,0.07668357822962207,0.7371736370905679,1.7491037195374342,0.39,0.0,0.53,0.0,0.0,0.06,0.0,0.01,0.0,0.01,0.0,0.0,0.0,0.0,0.0,0.16,0.84,0.0,0.0,11,1
1405,0.08327466684553636,0.2413567263557563,5.382781033445289,1.4671156727289087,1.051559479296283,2.7164942793089333,10.849315479991668,3.011982393865639,242.48,45.82718526258087,35.28,87.8812421809838,0.5731273687415721,1.433289317405063,0.5936011339217553,1.4917983387738605,1.6733380407175558,0.08776274474762608,0.6443113122250455,1.6479292001585477,0.35,0.0,0.54,0.01,0.0,0.05,0.0,0.0,0.0,0.05,0.0,0.0,0.0,0.0,0.0,0.14,0.86,0.0,0.0,10,1
1406,0.030637143013585534,0.13087964602320173,4.958003251548542,0.8090404848930558,0.4176041036548714,1.7053380213330338,11.658081692842966,2.1885966459732313,250.16,27.015416474167623,15.12,60.148180657137395,0.2567952840212617,1.0054413020984772,0.26538097276742795,1.0695366449169783,1.637748834600716,0.05580260595402359,0.27313832022518547,1.121908547571003,0.09,0.0,0.87,0.0,0.0,0.03,0.0,0.0,0.0,0.01,0.0,0.0,0.0,0.0,0.0,0.06,0.94,0.0,0.0,3,1
1407,0.16363763862370972,0.31179868822869294,5.582387627337619,1.5107373034970526,1.893648400270749,3.4001967141307894,9.788887601294643,4.012310744577992,229.04,64.89555244600918,61.68,107.81829832892677,1.1758932928226458,2.1067317784796686,1.1922632361455157,2.1548641619420312,1.6705924840256225,0.11880954794596094,1.2107704700851003,2.123864721710526,0.2,0.0,0.66,0.01,0.01,0.05,0.0,0.02,0.01,0.04,0.0,0.0,0.0,0.02,0.0,0.24,0.74,0.0,0.0,4,1
1408,0.1055519160913144,0.21478054843018785,5.319505961489122,0.9312711833157247,1.4258538813978534,2.771207949719085,10.090718621189168,3.9261782094802107,246.32,37.813706028851016,48.36,96.77648098958379,0.7942728575980638,1.7030523772543114,0.812315830917671,1.7658110970629393,1.6659034923815332,0.07011000622445841,0.9660619854991537,1.8373597172670406,0.45,0.0,0.51,0.0,0.0,0.02,0.0,0.01,0.0,0.01,0.0,0.0,0.0,0.05,0.0,0.18,0.77,0.0,0.0,10,1
1409,0.13853440258132152,0.31281390639593254,5.34698744509015,0.956963657483163,1.2921512475117,2.866308391194522,10.259713217543338,3.798775886158915,240.56,49.23502079543861,45.36,97.302975755673,0.9856826979553318,2.0200488116855726,0.8357679660769339,1.810784175671407,1.660927447484195,0.06615035053932336,0.8359629633588227,1.8554139294016747,0.4,0.0,0.55,0.01,0.0,0.03,0.0,0.01,0.0,0.0,0.0,0.0,0.0,0.0,0.0,0.18,0.82,0.0,0.0,12,1
1410,0.15682788421607854,0.3397141645378305,5.4165880344745965,1.2596843595035434,1.7406068272873854,3.3924762236168213,10.018178649305458,3.83428094689612,225.2,68.90309400626624,55.44,104.91596637309311,1.061915017501959,2.040245353303392,1.050460005378796,2.048184595810748,1.6592618734404925,0.07180524221850659,1.1290852126497688,2.1989423366197376,0.27,0.0,0.56,0.03,0.04,0.09,0.0,0.01,0.0,0.0,0.0,0.0,0.0,0.01,0.0,0.21,0.78,0.0,0.0,5,1
1411,0.1746247171876442,0.37211351180110147,5.406236228823664,1.4559414681659495,1.49862768626209,3.2525588462262403,10.057404573074695,3.8550696733392646,236.72,55.22371032281499,44.04,94.96495047217061,1.0633944013586218,2.179497075690631,0.863214303566731,1.955733277710627,1.6599186917794513,0.09942878658426565,0.9827114407566936,2.1018426224037827,0.14,0.0,0.73,0.01,0.01,0.07,0.0,0.01,0.0,0.02,0.0,0.0,0.01,0.02,0.0,0.17,0.8,0.01,0.0,5,1
1412,0.18099361965411562,0.3919237691465976,5.495813906060785,1.5357247737037993,1.0755373478549541,2.4063765363415874,9.78847991068126,4.198382687686947,248.24,32.91774873557093,35.16,85.06262933327956,1.2202285969945263,2.3122088142424557,0.6298054082283321,1.6473177395165137,1.671756688740637,0.11299386406540766,0.735244761829112,1.653258404991559,0.25,0.0,0.7,0.01,0.0,0.01,0.0,0.0,0.0,0.03,0.0,0.0,0.0,0.04,0.0,0.13,0.82,0.01,0.0,8,1
1413,0.08448918983760781,0.26767908160576875,5.241989888246422,1.0719180865799922,0.5738485738716335,1.841917225259978,10.74845989480135,3.336618417204565,246.32,37.81370602885101,22.68,72.48111979869466,0.7839156958857378,2.0038851985821173,0.3846775336300174,1.238279233863585,1.6640691194248487,0.09197102089481117,0.3799816012600592,1.2255232708881227,0.3,0.0,0.66,0.01,0.01,0.02,0.0,0.0,0.0,0.0,0.0,0.0,0.0,0.0,0.0,0.09,0.88,0.03,0.0,9,1
1414,0.13159257033275965,0.3790510911910282,5.305917945528,1.4120665659759544,0.7064723375934318,2.235347068163281,10.729417451032827,3.4186437448512095,246.32,37.813706028851016,25.2,75.98085883359643,0.7187098989038806,1.8355374720210083,0.46928136236302564,1.4328128128642414,1.655543729470525,0.06416213909014544,0.4292526929205022,1.336494704630961,0.3,0.0,0.65,0.0,0.0,0.04,0.0,0.0,0.0,0.01,0.0,0.0,0.0,0.01,0.0,0.09,0.87,0.03,0.0,14,1
1415,0.10743066962293034,0.24571556465007735,5.412255422832058,1.0400388717485134,1.3308090213615598,2.7290738225546285,10.285824739840125,3.7359738752776885,244.4,42.05623940305733,50.4,101.30781177812858,1.1382223311204718,2.2864789601088717,0.8989388221895753,1.84246446750602,1.6742894799325299,0.09086397102817638,0.8792574791090754,1.8147808188024652,0.36,0.0,0.53,0.04,0.01,0.06,0.0,0.0,0.0,0.0,0.0,0.0,0.0,0.0,0.0,0.2,0.78,0.02,0.0,12,1
1416,0.15798687194233266,0.36765183902861764,5.576129339424574,1.7604145680586527,1.2847308203835148,2.93973940054145,9.984277794950232,3.765968965214047,234.8,57.8901781589306,42.84,95.13634235329648,0.9861449520476736,1.914711119383187,0.7175405025242542,1.644186222860446,1.661504717512359,0.10440034899297156,0.7978433218725032,1.8197996573141193,0.21,0.0,0.66,0.02,0.02,0.05,0.0,0.0,0.0,0.03,0.0,0.0,0.01,0.0,0.0,0.17,0.8,0.03,0.0,9,1
1417,0.15702051869030773,0.29296391189171733,5.516668199510808,1.243444718427431,1.6903496111226846,3.109155102736224,9.55962619155157,4.076955825292581,242.48,45.82718526258087,61.08,107.99454531679747,1.2326737598443733,1.9763737501891276,1.1067447511001474,1.9690916589320664,1.6543505555081444,0.06963577738154189,1.0865017985095915,1.948494455639923,0.25,0.0,0.58,0.0,0.01,0.12,0.0,0.03,0.0,0.01,0.0,0.0,0.0,0.01,0.0,0.24,0.74,0.01,0.0,8,1
1418,0.1275723284135785,0.264499270494401,5.315464076371411,1.0320810163321315,1.215989570532458,2.661024527591108,10.015263602560177,3.927329190387079,238.64,52.35070547410382,45.36,97.30297575567302,1.060353518353728,2.03528349267119,0.8320924860299044,1.800135551967212,1.6576606565883867,0.07257953315173298,0.820163359442147,1.802450532507283,0.22,0.0,0.66,0.0,0.01,0.09,0.0,0.0,0.0,0.02,0.0,0.0,0.0,0.0,0.0,0.18,0.78,0.04,0.0,7,1
1419,0.14649505519306524,0.36466175656717414,5.427764082113694,1.1254839518912225,0.9954039613749665,2.328770512862634,10.09315555323238,3.885831244958925,246.32,37.81370602885102,40.32,92.85014319272258,1.0322138612979708,2.1122113894479453,0.7014778654152248,1.6207522687562925,1.6689867169840624,0.08119707554762934,0.6487965368309736,1.512620042554846,0.38,0.0,0.52,0.01,0.0,0.06,0.0,0.01,0.0,0.02,0.0,0.0,0.0,0.0,0.0,0.16,0.83,0.01,0.0,11,1
1420,0.1415854191549423,0.3525825466718613,5.424551819675463,1.1272534741494564,1.130968071651306,2.6314421429122623,10.257272360327171,3.8577965416143645,248.24,32.91774873557093,42.84,95.13634235329648,0.9924806172521871,2.0454657746705203,0.7961029668048251,1.8194026977388302,1.6714337224642177,0.08486875459982214,0.7414605314109185,1.7137738935942126,0.43,0.0,0.54,0.0,0.0,0.03,0.0,0.0,0.0,0.0,0.0,0.0,0.0,0.0,0.0,0.17,0.8,0.03,0.0,10,1
1421,0.1616186458521279,0.3663245311673848,5.533612020044484,1.573633493438961,1.5177755309307701,3.209718795624897,10.373936217611613,3.7775349408725583,238.64,52.35070547410381,50.4,101.30781177812858,0.9571079546468124,2.0025186559068557,0.9824366146049437,2.090831397942334,1.6722424493312655,0.1034318474427077,0.9215664554121494,1.9170085347651022,0.33,0.0,0.57,0.0,0.0,0.05,0.0,0.0,0.0,0.05,0.0,0.0,0.0,0.0,0.0,0.2,0.8,0.0,0.0,9,1
1422,0.11419472921079972,0.2729672330037893,5.366172799750696,1.4088802489482741,1.1985034144473679,2.58887733076762,10.501756685357137,3.7951878117657203,248.25,32.91966806416106,45.36,97.302975755673,0.8228778449846988,1.8006584847351303,0.8975981367117043,1.9560333060088066,1.6644916553157085,0.09075466279604776,0.7790961873407964,1.685748861942196,0.33,0.0,0.62,0.0,0.0,0.04,0.0,0.0,0.0,0.01,0.0,0.0,0.0,0.0,0.0,0.18,0.82,0.0,0.0,7,1
1423,0.22668683162833783,0.35380786992606633,5.696782055075858,1.2768316387373444,2.3767290852001075,3.4703924762876346,8.724924365260536,4.380483467996413,234.8,57.89017815893061,85.68,119.97599759951986,1.7204215355196768,2.450086352601585,1.6854630855938262,2.4562180041765562,1.675292888129226,0.08532925864210492,1.568005767161815,2.2670771433158112,0.39,0.0,0.48,0.0,0.01,0.09,0.0,0.01,0.0,0.02,0.0,0.0,0.0,0.0,0.0,0.34,0.66,0.0,0.0,10,1
1424,0.19188063052098678,0.37117989724227357,5.555878064017876,1.2833012470802503,1.6492773125221283,3.154446875086336,9.701784663974022,4.238744181838298,240.56,49.235020795438615,57.96,106.58405133977597,1.2923049555323232,2.2543069980340826,1.1043804414371057,2.0618996594383745,1.671228152871525,0.09347867058738381,1.079445654845565,2.0468033093516897,0.37,0.0,0.51,0.01,0.01,0.09,0.0,0.01,0.0,0.0,0.0,0.0,0.0,0.0,0.0,0.23,0.77,0.0,0.0,9,1
1425,0.18801973693527832,0.3234230127668434,5.788561789383267,1.7936067847099073,2.050058555436109,3.3206236847829116,9.342622060728276,4.193607608753039,234.81,57.89361455342555,73.08,114.9241014361613,1.285074631101753,2.055429412362479,1.3751275621109045,2.1833194034903083,1.6875141169119958,0.1331911431585254,1.3062221259883577,2.1210321535734136,0.21,0.0,0.6,0.05,0.0,0.11,0.0,0.01,0.0,0.02,0.0,0.0,0.0,0.0,0.0,0.29,0.71,0.0,0.0,6,1
1426,0.1688802604498498,0.27888703073775084,5.664119810028255,1.4779825203010346,2.069588285995414,3.2512342429409804,9.329494781041806,4.113907361509846,232.88,60.37747924516227,73.68,114.6951057052012,1.2701609934948588,2.0203243772411112,1.3359417515109748,2.130418304478332,1.6801362394722696,0.11534471468262612,1.3762878074252578,2.1793493705595455,0.34,0.0,0.52,0.0,0.01,0.11,0.0,0.0,0.0,0.02,0.0,0.0,0.0,0.01,0.0,0.29,0.7,0.0,0.0,6,1
1427,0.10854024564163955,0.27496185096402054,5.257797464230321,1.05353921380119,1.1791630278482028,3.0076242440740995,10.704641857104026,3.2787207994812273,240.56,49.235020795438615,37.8,90.43531088322445,0.7168954490964075,1.7184954670836337,0.6963211552219347,1.7095942155055364,1.6537395686517402,0.08386223865776618,0.7403183891580355,1.8507708325542649,0.27,0.0,0.67,0.01,0.0,0.03,0.0,0.01,0.0,0.01,0.0,0.0,0.0,0.0,0.0,0.15,0.85,0.0,0.0,6,1
1428,0.06194768417433247,0.1965096532574848,5.174736590382881,1.0146332832518434,0.837008196392431,2.4683263644037394,11.064415513052397,2.761149019966355,242.48,45.82718526258087,27.72,79.24544150927547,0.5198594359652492,1.5547291008520001,0.5145477189439437,1.5663190131116393,1.6566128080739737,0.08653189158280472,0.5442328619543438,1.6023195062628994,0.22,0.0,0.71,0.0,0.0,0.05,0.0,0.01,0.0,0.01,0.0,0.0,0.0,0.0,0.0,0.11,0.89,0.0,0.0,6,1
1429,0.13132242953887624,0.32930077994543455,5.135014275332511,1.107248001191939,1.1480195353245752,2.738076005226486,9.113177128665706,4.72958451873926,217.08,85.8725482645912,40.32,92.85014319272258,0.9316086449404689,2.083053567640261,0.7893933264560942,1.886157755522831,1.6411828157479391,0.0633892051550721,0.7627502875998567,1.8116860602300393,0.29,0.0,0.64,0.0,0.03,0.04,0.0,0.0,0.0,0.0,0.0,0.0,0.0,0.0,0.0,0.16,0.83,0.01,0.0,6,1
1430,0.12827750480844416,0.2747424834341741,5.434291172533805,1.5398614494499565,1.3634653706300444,2.827902966748216,10.257147104432516,3.5803646601179433,240.56,49.235020795438615,50.4,101.3078117781286,0.8779100625221693,1.7746129519013027,0.9382580175880362,1.902041702333152,1.6604875523805416,0.10777897448081665,0.8430010527461994,1.726809623756425,0.16,0.0,0.73,0.01,0.02,0.04,0.0,0.01,0.0,0.03,0.0,0.0,0.0,0.0,0.0,0.2,0.8,0.0,0.0,4,1
1431,0.07981224911227765,0.2156366904225794,5.193449287857402,1.1482192547377374,0.9298017060831509,2.472698260243938,10.94655179428549,3.075222069545327,244.4,42.05623940305734,32.76,85.17541258538704,0.5771117857163116,1.5075565085884874,0.6056907238883383,1.5859023893381228,1.6510735614085477,0.07226699135772849,0.5980350711523227,1.5852562739730238,0.19,0.0,0.75,0.0,0.0,0.04,0.0,0.0,0.0,0.02,0.0,0.0,0.0,0.0,0.0,0.13,0.87,0.0,0.0,6,1
1432,0.08085449990734528,0.27345478055884387,5.139851408256422,1.0692011347560617,0.5464728182716937,1.7579815276046213,11.037489075454726,3.0197003087732317,252.08,19.200000000000003,22.68,72.48111979869466,0.5375608472097451,1.552566915140838,0.4385563053559456,1.408925119211452,1.6491447648618476,0.06752816334493,0.35562661755238134,1.1391842497701479,0.26,0.0,0.71,0.0,0.0,0.02,0.0,0.0,0.0,0.01,0.0,0.0,0.0,0.0,0.0,0.09,0.89,0.02,0.0,8,1
1433,0.0407150249502847,0.19752871190797916,4.990386193569062,0.8720824406730462,0.3955530570594277,1.8158936237297916,11.398064808748723,2.1551739295069336,250.16,27.015416474167623,10.68,49.86950243111789,0.2313323856257651,1.0088523281400095,0.1559275322472598,0.7772024065088843,1.6416413460134205,0.0598898027601194,0.26481858669983355,1.2004322367503886,0.15,0.0,0.83,0.0,0.0,0.02,0.0,0.0,0.0,0.0,0.0,0.0,0.0,0.01,0.0,0.04,0.95,0.0,0.0,4,1
1434,0.07603199194695259,0.27325812019304124,5.127940239780408,1.0586612737878065,0.5118417694262003,1.7512814391814742,11.048013417415111,2.858059152524551,250.16,27.01541647416762,20.16,68.71030093476126,0.4923009948435561,1.4957095886769667,0.3795342089886686,1.3117966885884567,1.6487170266137934,0.0760433669661872,0.33499570560158387,1.1451695253140404,0.19,0.0,0.79,0.01,0.01,0.0,0.0,0.0,0.0,0.0,0.0,0.0,0.0,0.0,0.0,0.08,0.9,0.02,0.0,4,1
1435,0.0745420983872231,0.22922585467046247,5.130317188202019,0.8072396938022037,0.880161807211307,2.450965544478875,10.886329113255663,3.0986725109978757,242.48,45.82718526258087,30.24,82.30285535751477,0.6067970359770786,1.5870743053898624,0.5326166833589031,1.468810832886078,1.648827184511498,0.05270691530187858,0.5995587755797217,1.6709827507987103,0.24,0.0,0.68,0.0,0.02,0.05,0.0,0.0,0.0,0.01,0.0,0.0,0.0,0.0,0.0,0.12,0.87,0.01,0.0,5,1
1436,0.11733622935643356,0.3054862935268294,5.298349950449454,1.119389419750488,1.2933792208855726,2.770118750543478,10.176530926822535,3.7869964340682523,240.56,49.23502079543861,45.96,97.20538705610545,0.9421414448404891,1.9711412578149072,0.768187750216902,1.758305978303036,1.6457887585144855,0.07704991721292245,0.8856827160193261,1.899007003834195,0.18,0.0,0.72,0.0,0.01,0.08,0.0,0.0,0.0,0.01,0.0,0.0,0.0,0.01,0.0,0.18,0.81,0.0,0.0,4,1
1437,0.1337852120457095,0.33542124503866977,5.48698881716109,1.4815580832542243,1.4030522117782704,3.1831477509950217,10.525382804131631,3.5734186268116392,236.72,55.223710322814995,45.36,97.302975755673,0.8324554170546974,1.7423158608075455,0.8105218583430462,1.7681819444674476,1.6685848602757818,0.08839439044107657,0.8488674403963605,1.881191599592026,0.26,0.0,0.63,0.01,0.0,0.06,0.0,0.0,0.0,0.04,0.0,0.0,0.0,0.01,0.0,0.17,0.82,0.0,0.0,7,1
1438,0.12486002188633441,0.32599200100117487,5.355454333514591,1.0952676577180656,0.9583971005679632,2.31373852055484,10.272235491979401,3.6673635858239315,246.32,37.813706028851016,32.04,82.2776673554528,0.8978282265462374,1.9856914445980391,0.5704722871677876,1.5761963071092568,1.6683206661779653,0.08942439699890199,0.6599952777038702,1.6002208646066096,0.29,0.0,0.63,0.03,0.0,0.04,0.0,0.0,0.0,0.01,0.0,0.0,0.0,0.03,0.0,0.12,0.85,0.0,0.0,7,1
1439,0.12105889491842285,0.29167058621031294,5.576712033596348,1.7746874756048727,1.2294248767612626,2.79848247165976,10.443602485110313,3.4768722207284295,240.56,49.235020795438615,42.84,95.13634235329648,0.7699186544347889,1.63201558171624,0.7869299835974763,1.7937150573742426,1.6787170034673085,0.11652988100746534,0.7580059337231377,1.728017552986814,0.29,0.0,0.6,0.01,0.01,0.07,0.0,0.0,0.0,0.02,0.0,0.0,0.0,0.01,0.0,0.16,0.83,0.0,0.0,5,1
1440,0.07931645009179474,0.2787819290812598,5.092024698353029,0.919281200893932,0.5372321858786192,1.848425127948561,11.159078738172779,2.9466558243954992,252.08,19.200000000000003,20.16,68.71030093476126,0.49825924026395213,1.5043517455784954,0.38902265668392005,1.3341664337531085,1.6428782119068908,0.051753198256039135,0.35937808920768094,1.244460863755711,0.15,0.0,0.8,0.01,0.0,0.03,0.0,0.0,0.0,0.01,0.0,0.0,0.0,0.0,0.0,0.08,0.9,0.02,0.0,6,1
1441,0.06886100545017439,0.25597836749909,5.061638710548221,0.926219818441313,0.743003437524695,2.5186143547269833,11.36822550587151,2.666281006285562,246.32,37.81370602885101,22.68,72.48111979869466,0.4307191756013258,1.4304894314861683,0.41195354090984665,1.4458119812370864,1.6398073421374095,0.05662437862505768,0.45433354175114304,1.516235498233284,0.12,0.0,0.83,0.0,0.0,0.03,0.0,0.01,0.0,0.01,0.0,0.0,0.0,0.0,0.0,0.09,0.91,0.0,0.0,5,1
1442,0.05016702261903437,0.20435452284284206,5.047680901091849,0.9757448687945846,0.5401543637382247,1.859868139406957,11.43296633961509,2.689197517853112,250.16,27.015416474167623,20.16,68.71030093476126,0.3880992933891764,1.275889852654676,0.33855524953821353,1.1681473443760948,1.6410891525023354,0.06875173103456218,0.3652432441255939,1.2658066449788787,0.07,0.0,0.87,0.01,0.0,0.05,0.0,0.0,0.0,0.0,0.0,0.0,0.0,0.0,0.0,0.08,0.91,0.01,0.0,5,1
1443,0.08358179063332366,0.2175492407698919,5.288205431559326,1.4515800487398087,1.050941589161342,2.7491659865100844,10.89618635601774,3.0564548126587026,246.32,37.813706028851016,35.28,87.88124218098379,0.6247757941146163,1.6290103192507293,0.6435185137517628,1.6904838194166658,1.6556116787899766,0.10608688777463116,0.6549224890558607,1.700834157757713,0.1,0.0,0.82,0.0,0.0,0.06,0.0,0.0,0.0,0.02,0.0,0.0,0.0,0.0,0.0,0.14,0.86,0.0,0.0,3,1
1444,0.07592768180241138,0.21134245160919607,5.306229535952009,1.0889011099445491,1.0888582816291972,2.7133370387775795,10.850017904543922,3.2535864675709028,244.4,42.05623940305735,35.88,87.84275206816493,0.6499463975620644,1.507838004582643,0.5773642519216515,1.454697423761186,1.6660403973756208,0.07120271776504379,0.7235592144668739,1.7844341843190923,0.32,0.0,0.59,0.0,0.0,0.08,0.0,0.0,0.0,0.01,0.0,0.0,0.0,0.01,0.0,0.14,0.85,0.0,0.0,7,1
1445,0.06789698689863054,0.17996602553630908,5.205538413023345,1.0618900623537102,0.9436970325554662,2.283108662561692,10.791803492068745,3.1585485284962838,248.24,32.91774873557093,37.8,90.43531088322445,0.6177525180777477,1.4964562478025965,0.6579889032482691,1.5899971722620387,1.652550666096984,0.08394468663234927,0.6203660262443635,1.4987224188164292,0.13,0.0,0.74,0.01,0.0,0.11,0.0,0.01,0.0,0.0,0.0,0.0,0.0,0.0,0.0,0.15,0.85,0.0,0.0,3,1
1446,0.09049451011135239,0.2206479611995141,5.288275827123277,1.1019148216317087,1.270185256269705,2.7769393234165203,10.485034004415564,3.491324833441176,236.72,55.22371032281498,41.52,92.70747738794515,0.7221070924997739,1.6751183430187149,0.7341948014480262,1.7064512508916547,1.6644282792697607,0.08326050680878709,0.8759640439460281,1.9189333789620002,0.28,0.0,0.61,0.02,0.02,0.06,0.0,0.0,0.0,0.01,0.0,0.0,0.0,0.02,0.0,0.16,0.82,0.0,0.0,3,1
1447,0.05778628367798775,0.18993158255823148,5.124204445192783,0.8826194283377089,0.831807387397138,2.559493881313494,11.206606907120051,2.707309925112626,240.56,49.235020795438615,25.2,75.98085883359644,0.44303439763378905,1.3485963057725956,0.429681421607094,1.331460566481869,1.6527020774439642,0.06273585529748321,0.5548025002772796,1.7077298675416523,0.23,0.0,0.67,0.0,0.0,0.06,0.0,0.02,0.0,0.01,0.0,0.0,0.01,0.0,0.0,0.1,0.9,0.0,0.0,7,1
1448,0.06641275043350979,0.16518227192664825,5.229608910400125,0.954603623150781,1.0005907242437473,2.3197460497086935,10.62882624407848,3.2106836653244537,250.16,27.015416474167626,40.32,92.8501431927226,0.6586666516560732,1.5225190487349876,0.7049442356304744,1.6368009927662617,1.6572584768804617,0.07557363879554933,0.6698458131881688,1.5531635103332482,0.33,0.0,0.63,0.0,0.0,0.02,0.0,0.0,0.0,0.02,0.0,0.0,0.0,0.0,0.0,0.16,0.84,0.0,0.0,7,1
1449,0.15342304186192382,0.33752951951647886,5.362879039859296,1.092288435093284,1.4454325646404707,2.780472461706094,10.032429292208723,4.058639224895626,246.32,37.81370602885102,55.44,104.91596637309308,1.1271318368325296,2.1298442795629606,1.1054904137727875,2.1601793496258157,1.653229083895994,0.07611732669684095,0.9543878813732956,1.8343497680507819,0.27,0.0,0.68,0.01,0.0,0.02,0.0,0.01,0.0,0.01,0.0,0.0,0.0,0.0,0.0,0.22,0.77,0.01,0.0,6,1
1450,0.24631213779064176,0.40342200330987127,5.646532611762297,1.2838224244150223,2.0520932105644833,3.1169573138857536,8.868023119988289,4.667758158933854,234.8,57.89017815893061,76.2,115.82274858985645,1.7961549951756834,2.549834065224048,1.528147082505897,2.4141874909095464,1.6641475520888218,0.07314181831504767,1.3806389223459268,2.101714000554541,0.26,0.0,0.58,0.02,0.0,0.12,0.0,0.0,0.0,0.02,0.0,0.0,0.0,0.01,0.0,0.3,0.65,0.04,0.0,7,1
1451,0.26087667902868944,0.3904356939996692,6.122000073217887,2.0291041504632035,2.3233594679636647,3.2923134996609766,8.88990278335134,4.566665172881898,234.8,57.89017815893062,85.68,119.97599759951991,1.7499643641546145,2.514441159766128,1.750577054610991,2.543477093142681,1.711273008093088,0.1474016847834827,1.4767003575743263,2.1076796170043357,0.34,0.0,0.48,0.03,0.02,0.1,0.0,0.0,0.0,0.03,0.0,0.0,0.0,0.0,0.0,0.34,0.64,0.02,0.0,8,1
1452,0.23800631972732653,0.38529972258935563,5.745908255689322,1.7225553429733624,1.7943552281551403,2.999677498231556,9.145125778845353,4.56012035481077,248.24,32.91774873557093,68.04,112.44140292129538,1.5840564040958551,2.382118616264309,1.3383970697477483,2.2310817583658222,1.679115025766871,0.10343814196512528,1.1241419435050275,1.8663843336819002,0.31,0.0,0.59,0.03,0.0,0.05,0.0,0.0,0.0,0.02,0.0,0.0,0.0,0.0,0.0,0.27,0.68,0.05,0.0,4,1
1453,0.16630471082584544,0.3215780626577889,5.512640108421498,1.2248294536468416,1.7133195141573616,3.100553928407508,9.645454465257515,4.112687293026431,240.56,49.235020795438615,63.0,109.66892325208967,1.2478472574624506,2.1112799429804157,1.147832491901111,2.0221507197073882,1.6630411479983878,0.09556120515616172,1.1251988529733454,2.0199371731941884,0.25,0.0,0.61,0.02,0.0,0.11,0.0,0.01,0.0,0.0,0.0,0.0,0.0,0.0,0.0,0.25,0.75,0.0,0.0,6,1
1454,0.15449765753935082,0.274888071323918,5.599142123588613,1.6167504026899886,1.7230643647726855,2.8727856170813735,9.763184735459083,4.101884812238909,242.48,45.82718526258087,66.12,110.8971021836336,1.1219701564780398,1.9323503339432022,1.2450370002371896,2.1235210891766876,1.6711127894723137,0.11828632186380843,1.1222339632445155,1.8701655693555428,0.28,0.0,0.62,0.02,0.01,0.07,0.0,0.0,0.0,0.0,0.0,0.0,0.0,0.01,0.0,0.26,0.73,0.0,0.0,5,1
1455,0.13300778370398297,0.30372934622781395,5.3457765494435305,1.4858377728224974,1.3996353603381508,2.9680127282186914,10.169170916037109,3.5725230922066915,232.88,60.37747924516226,47.88,99.35786558972296,0.9053717524375804,1.935950024104365,0.9530079711477788,2.0373889191912045,1.6523007011215805,0.09557669669449424,0.9215501279981919,1.9756715088197314,0.11,0.0,0.78,0.0,0.01,0.08,0.0,0.0,0.0,0.02,0.0,0.0,0.0,0.0,0.0,0.19,0.81,0.0,0.0,2,1
1456,0.1071140721378899,0.2679977843520596,5.188819838591976,1.008325666975238,0.7744219115328853,2.132562284229191,10.537493475911628,3.405907385148829,246.32,37.81370602885102,30.24,82.30285535751477,0.7333860869843372,1.6817302126426783,0.5756354918803482,1.570093361333784,1.638690310837367,0.058109989093513476,0.505003046204518,1.3890857450497327,0.18,0.0,0.76,0.02,0.01,0.01,0.0,0.0,0.0,0.02,0.0,0.0,0.0,0.0,0.0,0.12,0.88,0.0,0.0,6,1
1457,0.07763258398228658,0.22954738311966794,5.1227388241097636,1.0150875586727932,1.0550049338019227,2.8935533157823397,10.870579351213483,2.913199949197711,242.48,45.82718526258087,30.84,82.29887881706199,0.5596690403669695,1.4596353485059042,0.5352395794773201,1.4187091874934499,1.6373005192578742,0.05781622703513403,0.671425821235324,1.8169767093628435,0.12,0.0,0.81,0.01,0.0,0.05,0.0,0.01,0.0,0.0,0.0,0.0,0.0,0.01,0.0,0.12,0.87,0.0,0.0,6,1
1458,0.14542606089959864,0.2920482928310305,5.431188378252465,1.3741648102786648,1.7350554026300216,3.126918525334084,9.69817755829092,4.021418834389629,240.56,49.23502079543862,57.84,104.29859233775097,0.9909641962604334,1.9030467242819904,1.0234705137244415,1.9818785644146506,1.6599787083557134,0.09677471033224586,1.145905326812985,2.0195212932590465,0.22,0.0,0.67,0.01,0.0,0.09,0.0,0.0,0.0,0.01,0.0,0.0,0.0,0.04,0.0,0.22,0.74,0.0,0.0,5,1
1459,0.2083592568797363,0.3447710153056033,5.793816546095416,1.4812959062355846,2.5342817259641577,3.7738938840236553,9.025705323481116,4.203634753678097,230.96,62.70693741524935,85.68,119.9759975995199,1.5475877161339218,2.216957811343791,1.572220042810368,2.281064621625763,1.6778580360662325,0.09952684283671397,1.6179771345206817,2.354459163159034,0.38,0.0,0.46,0.0,0.01,0.1,0.0,0.02,0.0,0.01,0.0,0.0,0.02,0.01,0.0,0.33,0.66,0.0,0.0,7,1
1460,0.17759773433176662,0.34104512456642905,5.558797635098066,1.4009550912993636,1.8638001879559978,3.4898301636079005,9.764871774933411,4.1102650662000135,236.72,55.22371032281499,52.8,100.78960985411867,1.3160292147300592,2.379850946536002,1.075243785292135,2.217021981627678,1.6739653987289347,0.11382519038691101,1.2523219519222228,2.3140560388555786,0.33,0.0,0.55,0.01,0.01,0.08,0.0,0.02,0.0,0.0,0.0,0.0,0.0,0.04,0.0,0.2,0.76,0.0,0.0,6,1
1461,0.2012971849138809,0.4172138557334346,5.7176356806199,1.7278452489784308,1.557153859852083,3.2906599673346686,9.955456340057168,4.130664406901181,236.72,55.22371032281498,48.48,99.24690972976985,1.1790741405546177,2.1907106186334455,0.8499110822674752,1.806089341517835,1.6839624975928773,0.13030854813328713,0.9890941064281236,2.058584135896863,0.21,0.0,0.67,0.0,0.0,0.06,0.0,0.0,0.0,0.05,0.0,0.0,0.01,0.01,0.0,0.19,0.8,0.0,0.0,4,1
1462,0.1545007651118743,0.3351987561948969,5.609423652466786,1.5233963798218542,1.3633240908923734,2.810919294261758,10.0065588571796,3.8187345731804068,246.32,37.813706028851016,50.4,101.30781177812857,1.024520671236467,1.986160691043487,0.9481563404981108,1.9277574910250244,1.683588526302935,0.12321065559694752,0.8807898515198098,1.8238952163024327,0.29,0.0,0.61,0.02,0.0,0.08,0.0,0.0,0.0,0.0,0.0,0.0,0.0,0.0,0.0,0.2,0.79,0.01,0.0,6,1
1463,0.13762905542678347,0.31031423215327,5.3843581828218126,1.3619314038768717,1.2130792727927076,2.6120350782591246,10.410143822845003,3.7800174468640284,244.4,42.05623940305734,45.36,97.30297575567303,0.9054592157843718,1.902324080384724,0.8964843534776534,1.9326627480263123,1.6595044520789737,0.09037859707435479,0.775212737600386,1.6763951793817704,0.22,0.0,0.68,0.04,0.0,0.05,0.0,0.0,0.0,0.01,0.0,0.0,0.0,0.0,0.0,0.18,0.81,0.01,0.0,4,1
1464,0.1750125527118101,0.37842800267340676,5.756254542018803,1.8402414553698438,1.310975573283057,2.8684323795261846,10.061368531964895,3.8754164027144973,240.56,49.235020795438615,45.36,97.30297575567302,1.1551409519386993,2.2480843673044766,0.8690131010954886,1.9063675368957171,1.6935516903914196,0.1254057957100679,0.7948877517229828,1.73967073965574,0.31,0.0,0.59,0.0,0.0,0.05,0.0,0.01,0.0,0.04,0.0,0.0,0.0,0.01,0.0,0.17,0.77,0.05,0.0,7,1
1465,0.09926955293210796,0.26614011030646295,5.248812257384611,1.2516090878019615,1.0270015217706663,2.6467228992776204,10.918642494612914,3.3697823798131914,240.56,49.23502079543861,35.28,87.88124218098379,0.6837144845409803,1.6487040048670505,0.6205480307454033,1.5717834312346108,1.6506547527139142,0.08832474699821523,0.6486653067767638,1.6621058001189184,0.14,0.0,0.78,0.0,0.01,0.03,0.0,0.01,0.0,0.03,0.0,0.0,0.0,0.0,0.0,0.14,0.85,0.01,0.0,4,1
1466,0.02008639111833321,0.11492213578662776,4.892628897626531,0.4709836907433995,0.2377975515225481,1.4017354083770044,11.892429411054545,1.633054001654694,252.08,19.2,7.56,43.20454521543686,0.14732151857397258,0.8110684203297636,0.13653959592707757,0.7899016504372344,1.637427769924047,0.0422614655819813,0.1531326802599573,0.9057835933727679,0.14,0.0,0.85,0.0,0.0,0.01,0.0,0.0,0.0,0.0,0.0,0.0,0.0,0.0,0.0,0.03,0.97,0.0,0.0,7,1
1467,0.1179072783582885,0.2334658507147311,5.449922575565221,1.4334180165759558,1.6490039117229605,3.1078403045006353,10.035596624361304,3.700885519390376,236.72,55.22371032281498,57.96,106.58405133977598,0.9700522570039638,1.8111062620389875,1.0261497374055828,1.8990830270780692,1.6626293952384088,0.10329130850195571,1.1021290934913845,2.0925569841377403,0.17,0.0,0.69,0.0,0.02,0.1,0.0,0.01,0.0,0.01,0.0,0.0,0.0,0.0,0.0,0.23,0.77,0.0,0.0,3,1
1468,0.13812711305643738,0.34874725155823577,5.359745113068991,1.4943093052573686,1.0320885194515095,2.412805385710125,10.4053738637098,3.748605177021191,250.16,27.01541647416762,40.32,92.85014319272258,0.8871590843289725,1.9099292594716082,0.7354185690760119,1.7091491501576352,1.6507259648575137,0.0914419316781905,0.6503698556417855,1.5072726279772766,0.17,0.0,0.77,0.0,0.0,0.05,0.0,0.0,0.0,0.01,0.0,0.0,0.0,0.0,0.0,0.16,0.84,0.0,0.0,3,1
1469,0.07000359733819847,0.23515011789759138,4.9915463011153145,0.7482771021137986,0.6416904627651127,2.0888668047150647,11.241550806078145,2.891372750293642,246.32,37.813706028851016,22.68,72.48111979869465,0.4894408966286935,1.4775132901848866,0.4138397848635767,1.3300897041420687,1.6283523572727139,0.05120926537036015,0.40993378936596786,1.334808922195581,0.08,0.0,0.87,0.01,0.01,0.01,0.0,0.01,0.0,0.01,0.0,0.0,0.0,0.0,0.0,0.09,0.91,0.0,0.0,3,1
1470,0.08884179550635345,0.2331797267285837,5.254673962772639,1.200557409138943,1.02322157389872,2.4900859057507887,10.684309640316348,3.2351769427767807,242.48,45.82718526258087,37.8,90.43531088322443,0.6686555591320651,1.6047611841834677,0.7048778877339327,1.7036871483553717,1.6556173855506926,0.09567624618215631,0.6632089055047728,1.611970476891309,0.11,0.0,0.8,0.0,0.0,0.05,0.0,0.0,0.0,0.04,0.0,0.0,0.0,0.0,0.0,0.15,0.85,0.0,0.0,2,1
1471,0.025960161057212456,0.11738197245491416,4.850865306959413,0.48674982199062566,0.36747173728656557,1.667237042817948,11.77071220802252,2.039668867340024,250.16,27.015416474167623,12.6,55.19881421651275,0.2237348679906644,0.9607544855971102,0.21787276733160238,0.964853721831158,1.623376169287958,0.027259581822179337,0.241291803952161,1.0932416288445235,0.05,0.0,0.94,0.0,0.0,0.0,0.0,0.01,0.0,0.0,0.0,0.0,0.0,0.0,0.0,0.05,0.95,0.0,0.0,2,1
1472,0.04335175982229554,0.16771127178938672,4.997456078171762,0.8290102611890158,0.5686665999621954,1.986917015843592,11.40049368841016,2.463652725813328,248.24,32.91774873557094,20.16,68.71030093476126,0.3540061660612227,1.2033649915609657,0.3610335565797327,1.2417077778091434,1.6380021210101763,0.07033165932528232,0.3762097794217263,1.3189356902895102,0.07,0.0,0.88,0.01,0.01,0.03,0.0,0.0,0.0,0.0,0.0,0.0,0.0,0.0,0.0,0.08,0.92,0.0,0.0,2,1
1473,0.05739786949785446,0.17623528283131568,4.993837342865529,0.7144221010277081,0.7521207354600843,2.172858646723518,11.019903579384708,2.8245366938475445,244.4,42.05623940305734,27.72,79.24544150927547,0.4914585075244419,1.3960223505632916,0.4998649625608194,1.4363415332985354,1.6306081317904884,0.03396208313712382,0.5005457872984576,1.4522575431067786,0.08,0.0,0.86,0.01,0.0,0.04,0.0,0.0,0.0,0.01,0.0,0.0,0.0,0.0,0.0,0.11,0.89,0.0,0.0,2,1
1474,0.06412229341136591,0.18714825680994351,5.09083207244488,0.9191794701807281,0.9104318502487745,2.5709109783891133,10.901438887993363,2.8070294969156735,242.48,45.82718526258088,30.24,82.30285535751479,0.5158415638343906,1.389538022283989,0.5057750370186994,1.387431932288447,1.6390882670211884,0.06213265221638679,0.5891965524560242,1.657836194520371,0.14,0.0,0.8,0.0,0.0,0.05,0.0,0.0,0.0,0.01,0.0,0.0,0.0,0.0,0.0,0.12,0.88,0.0,0.0,5,1
1475,0.08658790523207836,0.24673456726199852,5.33872097230476,1.547857162998956,0.8841765150605292,2.225778919646845,10.92462749194896,3.178535570945606,250.16,27.015416474167623,33.36,85.15363655289077,0.5924977330762322,1.488496440538446,0.6703541778301141,1.6875962785326304,1.6642174609712534,0.12197730070270552,0.5569155796827804,1.389927115200643,0.16,0.0,0.8,0.01,0.0,0.0,0.0,0.0,0.0,0.03,0.0,0.0,0.0,0.01,0.0,0.13,0.86,0.0,0.0,3,1
1476,0.13467846863122812,0.3245653706984257,5.240584566448595,1.3713648331408914,1.3462572644869981,3.0648275348068554,9.374555134299024,4.4908128336625595,222.16,80.14717774825324,45.36,97.30297575567302,0.9171444177725833,1.9252390381032953,0.8402329256205125,1.8779185768216748,1.6401921361192857,0.06798748260071373,0.821571731164768,1.836244211885842,0.23,0.0,0.68,0.01,0.0,0.08,0.0,0.0,0.0,0.0,0.0,0.0,0.0,0.01,0.0,0.17,0.81,0.01,0.0,6,1
1477,0.11161307730513366,0.24775277825529055,5.296653228928374,1.2521332853871947,1.3880587744087387,3.0212024088424356,10.276546679002628,3.6551922805539094,232.26,62.4332564836363,47.88,99.35786558972295,0.8466270233740939,1.7534502471958677,0.8435865133841902,1.7645849559396964,1.6497221001256008,0.09723991551931992,0.8841877053111844,1.9089702422972328,0.14,0.01,0.76,0.0,0.0,0.06,0.0,0.01,0.0,0.02,0.0,0.0,0.0,0.0,0.0,0.19,0.81,0.0,0.0,3,1
1478,0.0593492001070962,0.18500351365718784,5.169221015139284,1.1943032553432937,0.6685665386121411,2.0304310378509403,11.308252122319612,2.7856304258713247,244.4,42.05623940305734,25.2,75.98085883359643,0.5357039563912711,1.6502791528061136,0.46730680569542615,1.4167052726229081,1.6544609929603775,0.09997626141792103,0.4230137937537728,1.2830116648087628,0.15,0.0,0.78,0.02,0.01,0.02,0.0,0.0,0.0,0.02,0.0,0.0,0.0,0.0,0.0,0.1,0.89,0.01,0.0,4,1
1479,0.0694725873653632,0.18404233891376579,5.245207011102942,1.112159048896274,1.0295288626948484,2.4801488351322374,10.762972638220988,3.104768273148761,240.56,49.235020795438615,37.8,90.43531088322446,0.6092917756359174,1.4505326687676454,0.6443603392382252,1.5478192254249932,1.6571976693093986,0.07816273816227506,0.6778782614296693,1.63573132613214,0.19,0.0,0.71,0.01,0.0,0.06,0.01,0.0,0.0,0.02,0.0,0.0,0.0,0.0,0.0,0.15,0.85,0.0,0.0,11,1
1480,0.06735326060918753,0.1886258243754335,5.148021933438093,0.9718774077258535,0.9442923978167819,2.5428156954102943,10.881052188888093,2.9970175471020406,242.48,45.82718526258087,32.76,85.17541258538704,0.6695729021447977,1.7706128875978129,0.574842887788472,1.5226853080031686,1.6477797374041532,0.07301907036458288,0.6261572087965434,1.68064319366356,0.2,0.0,0.71,0.01,0.0,0.08,0.0,0.0,0.0,0.0,0.0,0.0,0.0,0.0,0.0,0.13,0.86,0.01,0.0,6,1
1481,0.04943562470264675,0.15500739509945716,5.040826665639033,0.8067307490826944,0.7857445047322709,2.1800546199276356,11.005731796472144,2.907118108782432,248.24,32.91774873557093,28.32,79.26058288960536,0.5088210170650721,1.3737955752950182,0.43306988784394157,1.3136524164229866,1.6389323140760867,0.05672642862375007,0.5462946466411798,1.5135044455589413,0.21,0.0,0.73,0.0,0.0,0.05,0.0,0.0,0.0,0.01,0.0,0.0,0.0,0.02,0.0,0.1,0.88,0.0,0.0,7,1
1482,0.08695583001232932,0.19755576307511336,5.272443032233794,1.1413174375251232,1.3498106656110762,2.8864475480361915,10.384226231453162,3.3530893951146137,242.48,45.82718526258087,47.88,99.35786558972298,0.779222228745546,1.6342934241113212,0.7862442307568882,1.6754177852095484,1.6495114464312328,0.07972745991159287,0.8755834769500985,1.8792267170124715,0.18,0.0,0.72,0.02,0.0,0.06,0.0,0.01,0.0,0.01,0.0,0.0,0.0,0.0,0.0,0.19,0.81,0.0,0.0,7,1
1483,0.08319731419621043,0.1858945511078638,5.385530701136229,1.4303299164730154,1.3625586517160118,2.8769266213702647,10.524022103929237,3.3491892689452856,236.72,55.22371032281498,47.88,99.35786558972296,0.7661376914371785,1.6393937302117965,0.8279338995706101,1.7994011715254767,1.6608826906818586,0.09968841450834158,0.8993198779844517,1.9214398963683976,0.21,0.0,0.68,0.02,0.02,0.05,0.0,0.01,0.0,0.01,0.0,0.0,0.0,0.0,0.0,0.19,0.81,0.0,0.0,7,1
1484,0.13868945953437134,0.35708260646649853,5.528395222495374,1.7432792948853821,1.1124544526506965,2.631714977061494,10.482779913518,3.639679727837691,240.56,49.23502079543863,38.4,90.38101168236209,0.7995746265974739,1.7708405173486597,0.6635004125086806,1.6148083435238851,1.6713440075472192,0.11567933116265786,0.6981077016428103,1.6366471452972915,0.23,0.0,0.68,0.0,0.01,0.04,0.0,0.0,0.0,0.04,0.0,0.0,0.0,0.01,0.0,0.15,0.84,0.0,0.0,6,1
1485,0.12467896701659985,0.3200393787827043,5.369845492983766,1.3868547090606267,0.8025544693852801,2.204985250382436,10.510500246795685,3.6465526008730715,242.48,45.82718526258087,30.24,82.30285535751477,0.8132921970828123,1.772969306681826,0.5217121568469277,1.4410666266709165,1.6570420152971956,0.08800695643723039,0.5075055083923841,1.3903580644466025,0.16,0.0,0.75,0.03,0.0,0.03,0.0,0.0,0.0,0.03,0.0,0.0,0.0,0.0,0.0,0.12,0.88,0.0,0.0,4,1
1486,0.19254356579788617,0.3494506793626658,5.713614494942833,1.5335256020569918,2.098452563192246,3.6624284546562094,9.40206788675025,4.276756691923558,230.96,62.70693741524937,68.04,112.44140292129538,1.4395974198795614,2.2282729632730782,1.1134375188576175,1.9630856030418666,1.6699390303815769,0.10352449511517292,1.3661870730048629,2.3690002102754817,0.26,0.0,0.6,0.02,0.01,0.08,0.0,0.02,0.0,0.01,0.0,0.0,0.0,0.0,0.0,0.27,0.73,0.0,0.0,6,1
1487,0.09490595297975458,0.19020476906804812,5.498563360089125,1.517728732135088,1.6643871408661248,2.983876087539835,10.12557654813055,3.7193454186835346,236.72,55.22371032281498,61.08,107.99454531679744,0.9282764527238578,1.655797449649486,0.9746703469059025,1.7777820969906981,1.6666719827191243,0.10246159257584586,1.102095738263809,1.9690237698727882,0.2,0.0,0.66,0.0,0.01,0.1,0.0,0.0,0.0,0.03,0.0,0.0,0.0,0.01,0.0,0.24,0.75,0.0,0.0,5,1
1488,0.09094209749217823,0.2220295950875139,5.389640146567965,1.2082000330233587,1.4587411851631384,3.076380383588893,10.437082227463513,3.430355245003505,236.72,55.223710322815,50.4,101.30781177812857,0.9170453434224456,1.8032889983605063,0.8044856021006566,1.664092317266448,1.6626422164669896,0.0815651391465183,0.9467419021885578,1.9694134456929162,0.24,0.0,0.62,0.01,0.0,0.1,0.0,0.01,0.0,0.02,0.0,0.0,0.0,0.0,0.0,0.2,0.78,0.02,0.0,10,1
1489,0.04757061830260624,0.12569280828045415,5.145395874488816,0.986921760589203,0.962990309804973,2.4359397358519574,10.90310570265719,2.9393095025387352,240.56,49.235020795438615,35.28,87.8812421809838,0.5318424533160431,1.3249233173792057,0.552238655118714,1.3861113317097409,1.6472807540044503,0.07258606955096099,0.6486494323880682,1.6481530186826006,0.15,0.0,0.78,0.0,0.0,0.05,0.0,0.0,0.0,0.01,0.0,0.0,0.01,0.0,0.0,0.14,0.86,0.0,0.0,8,1
1490,0.06721767141159471,0.1801523653129978,5.126052762451873,0.9007837733035765,0.969695028813383,2.4660302583575726,10.746153011363496,3.060730952941269,242.48,45.82718526258087,35.28,87.88124218098379,0.6033756633779765,1.4972060629625417,0.6139813967586464,1.5389831736664654,1.6441136569224843,0.061927471933455595,0.6442302206670777,1.6440190900811753,0.16,0.0,0.77,0.0,0.01,0.05,0.0,0.0,0.0,0.01,0.0,0.0,0.0,0.0,0.0,0.14,0.86,0.0,0.0,4,1
1491,0.06400127659314227,0.17877545881988896,5.339608452132097,1.1026328959097444,0.9786445991606715,2.51365080626327,10.885517452517346,3.0440168396465257,244.4,42.05623940305734,35.28,87.8812421809838,0.6264839684069654,1.622822894376349,0.6426120073266282,1.690413211959463,1.6782684011791449,0.11018970854834145,0.6519731625439595,1.677246722987291,0.29,0.0,0.65,0.0,0.0,0.05,0.0,0.0,0.0,0.01,0.0,0.0,0.0,0.0,0.0,0.14,0.86,0.0,0.0,4,1
1492,0.18989920066552077,0.3761078308650523,5.609006190497538,1.3858292271749726,1.8574016788261074,2.9916905542107166,9.160648811251898,4.283353659734274,242.48,45.82718526258086,73.08,114.9241014361613,1.4558790457087025,2.2472381431346,1.3174343194956153,2.1415155058978392,1.6633013007912505,0.10375544614771168,1.221159689505914,1.96072937113149,0.25,0.0,0.63,0.02,0.01,0.07,0.0,0.01,0.0,0.01,0.0,0.0,0.0,0.0,0.0,0.29,0.71,0.0,0.0,4,1
1493,0.07640792023007387,0.18819985904744954,5.148282919081488,1.1830850123989525,1.0106299379758732,2.340919230498616,10.829816443099372,3.3932540419954766,248.24,32.91774873557093,38.4,90.3810116823621,0.5880965416793877,1.4729017147889476,0.6369437454455734,1.5923877797659851,1.6402742863987634,0.07892422204341744,0.6709798024690969,1.5572081924204757,0.13,0.0,0.84,0.0,0.0,0.02,0.0,0.0,0.0,0.01,0.0,0.0,0.0,0.03,0.0,0.13,0.84,0.0,0.0,2,1
1494,0.11879448319454897,0.3032186739439642,5.318746557037961,1.4050012062806503,1.2530539307394208,2.785480591677639,10.403455821556555,3.560453266086929,240.56,49.23502079543862,45.36,97.302975755673,0.8341056990430151,1.8167843671835235,0.844950457250385,1.9089480172528233,1.6467682358481557,0.08493485507036252,0.8047202252595049,1.7727324514991019,0.11,0.0,0.8,0.01,0.01,0.04,0.0,0.01,0.0,0.02,0.0,0.0,0.0,0.0,0.0,0.18,0.81,0.01,0.0,2,1
1495,0.05425533186259112,0.1615963499110691,5.15915142089776,1.0257180508186172,1.0338642085483556,2.6888905853350975,10.957497188161037,2.9120770838116616,244.4,42.05623940305734,35.28,87.88124218098382,0.5217133607479476,1.3192317839260355,0.5294118587847066,1.347265548011166,1.6447747889406026,0.07743799465152573,0.6751627414639556,1.7428375246357053,0.1,0.0,0.82,0.0,0.0,0.05,0.0,0.01,0.0,0.02,0.0,0.0,0.0,0.0,0.0,0.14,0.86,0.0,0.0,3,1
1496,0.07895439530271593,0.2270400141040794,5.163496941438292,1.0869150959734626,1.1564795638061336,2.875758973980516,10.772381750454072,3.072426962386481,240.56,49.235020795438615,37.8,90.43531088322446,0.6242335730098503,1.546305357395391,0.6175151900848113,1.5564701751869154,1.6386298315301686,0.0752380580189577,0.7432705746652566,1.8511302939628915,0.14,0.0,0.8,0.02,0.01,0.03,0.0,0.0,0.0,0.0,0.0,0.0,0.0,0.0,0.0,0.15,0.85,0.0,0.0,2,1
1497,0.09785692066700236,0.24654027205906745,5.25133192012728,1.1231830340397817,1.272712470094624,3.102749497081009,10.489036159775553,3.3176812357427443,238.64,52.35070547410382,40.32,92.8501431927226,0.8044927428249015,1.798796025074405,0.6623963154020486,1.6611096096238138,1.6444078999305582,0.06789150603890125,0.8236822497477786,1.9745864663068375,0.11,0.0,0.79,0.0,0.0,0.09,0.0,0.01,0.0,0.0,0.0,0.0,0.0,0.0,0.0,0.16,0.84,0.0,0.0,3,1
1498,0.08257654658422425,0.1804566851617578,5.211263273625799,0.8942838556492583,1.4264310298304843,2.8530979554707585,10.288691931339995,3.5174622873429824,242.48,45.827185262580876,52.92,103.15876554656377,0.8503645817812904,1.6738087549437888,0.8687132287295413,1.7326510258803027,1.6408269315592383,0.050581803759537594,0.9516010855784057,1.9159627891747422,0.15,0.0,0.73,0.01,0.0,0.1,0.0,0.0,0.0,0.01,0.0,0.0,0.0,0.0,0.0,0.21,0.79,0.0,0.0,2,1
1499,0.11508427898053564,0.2596009818943167,5.522663763728587,1.6703327278337727,1.41171489055682,2.965330243849137,10.244523668153121,3.5400461521460795,244.4,42.05623940305734,50.4,101.30781177812858,0.8607729246540673,1.7545843225325604,0.8358831552371033,1.731655779887839,1.6722020615091455,0.12398363508887272,0.8837293923355009,1.8383749052744887,0.17,0.0,0.73,0.0,0.0,0.04,0.0,0.0,0.0,0.06,0.0,0.0,0.0,0.0,0.0,0.2,0.8,0.0,0.0,3,1
1500,0.06949145368817375,0.16632948530084632,5.269508922150551,0.9545151328327802,1.3173728219158523,3.0276813617386065,10.544387843413459,3.1092987015773437,234.8,57.89017815893062,42.84,95.13634235329647,0.6782415581965556,1.4996580619333144,0.6537833330892279,1.4805959663399364,1.657127114856738,0.08885118451945166,0.8738446219677328,2.007219779860189,0.22,0.0,0.67,0.02,0.02,0.07,0.0,0.0,0.0,0.0,0.0,0.0,0.0,0.0,0.0,0.17,0.83,0.0,0.0,3,1
1501,0.04391479211312605,0.1443336410380857,5.002964020545092,0.7077603928000206,0.6250310295820398,2.042664334360458,11.269503154030296,2.5939966418411653,250.16,27.01541647416762,22.68,72.48111979869465,0.40645947632634866,1.2837142091420766,0.3971179821405629,1.2779798100747557,1.6399401677279772,0.0545898417236187,0.4153211774912044,1.3678061933880867,0.17,0.0,0.8,0.0,0.0,0.02,0.0,0.0,0.0,0.0,0.01,0.0,0.0,0.0,0.0,0.09,0.91,0.0,0.0,3,1
1502,0.0426208336501652,0.13085436157236008,5.016900244105817,0.7384791338909713,0.821221908713078,2.406884604888514,11.148230714953808,2.6151820299767974,236.72,55.22371032281498,27.72,79.24544150927548,0.4339478003008383,1.229550203379639,0.41454520991911425,1.2017885348021764,1.6335170976167341,0.04812141838555162,0.5329826667337628,1.5652042545468177,0.12,0.0,0.8,0.02,0.02,0.03,0.0,0.0,0.0,0.01,0.0,0.0,0.0,0.0,0.0,0.11,0.89,0.0,0.0,3,1
1503,0.0918994852989524,0.24538857914931025,5.181172708860262,1.0702982499420182,0.6684504700232553,2.2044584153137103,10.810596472822494,3.285311902095694,244.4,42.05623940305734,22.68,72.48111979869466,0.6501528959269813,1.609297157718078,0.3517705737145237,1.1486290272757667,1.6304582661318827,0.05747299216457587,0.4201764718270297,1.381120603834375,0.12,0.0,0.82,0.02,0.0,0.02,0.0,0.0,0.0,0.02,0.0,0.0,0.0,0.0,0.0,0.09,0.91,0.0,0.0,4,1
1504,0.08865318540264903,0.17534851769866253,5.369259415721262,1.1868468356451607,1.3862394204508834,2.6602524486910797,10.272348985869572,3.647084067782607,244.4,42.05623940305734,55.44,104.91596637309308,0.8782209373296985,1.6710292584732473,0.9392117771268712,1.788385969807882,1.6597355264563194,0.08871826177882906,0.906130709035104,1.7383634214396708,0.19,0.0,0.67,0.01,0.0,0.09,0.0,0.0,0.0,0.04,0.0,0.0,0.0,0.0,0.0,0.22,0.78,0.0,0.0,3,1
1505,0.07113568901074342,0.18760036657032503,5.140678156104756,0.9696466782163866,1.0056120933025252,2.5943868822775,10.758584355727546,3.016633001188164,248.24,32.91774873557093,35.28,87.88124218098379,0.5998674212348342,1.4889209233866294,0.5979444540173166,1.5123407585051458,1.6431517758952554,0.0650630106748506,0.6491568511680065,1.6699299810394297,0.18,0.0,0.78,0.0,0.0,0.02,0.0,0.0,0.0,0.02,0.0,0.0,0.0,0.0,0.0,0.14,0.86,0.0,0.0,3,1
1506,0.12124631070442464,0.31013372143999374,5.249764465337227,1.1548895275817221,1.2116777929788125,2.9352922664620746,10.565560888195796,3.5352695250641046,244.4,42.05623940305735,40.32,92.85014319272258,0.8328824105990726,1.8674434785843435,0.7381392035549823,1.769372033079964,1.6484555284184312,0.07538657405364733,0.7724402755852547,1.85652364050208,0.13,0.0,0.78,0.0,0.0,0.07,0.0,0.01,0.0,0.01,0.0,0.0,0.0,0.0,0.0,0.16,0.83,0.01,0.0,4,1
1507,0.1267667503473404,0.2913685533590923,5.338799879327385,1.6184833534390135,1.3828339555491542,2.8716725642384873,10.251517807719583,3.562084352386669,244.4,42.05623940305734,50.4,101.30781177812858,0.9109035631880116,1.8938430768590766,0.9636140819950656,1.997089781442889,1.6418594513983704,0.0779118104342626,0.8445766266448929,1.7396818061330936,0.16,0.0,0.75,0.03,0.0,0.03,0.0,0.01,0.0,0.02,0.0,0.0,0.0,0.01,0.0,0.19,0.8,0.0,0.0,3,1
1508,0.09730214850383585,0.2274178771684685,5.205986383817291,1.0127164328049625,1.3373536861028834,2.9939204198694287,10.501132551058774,3.3781553981593917,238.64,52.350705474103826,45.36,97.302975755673,0.7801057342444219,1.6643799622993436,0.7725042102545422,1.6815907717255982,1.6386963825083682,0.06317994321780905,0.8615122841429442,1.9015156195982443,0.15,0.0,0.77,0.0,0.0,0.07,0.0,0.0,0.0,0.01,0.0,0.0,0.0,0.0,0.0,0.18,0.82,0.0,0.0,3,1
1509,0.12137433504532584,0.34819176417682146,5.244782424657134,1.2338594885752627,0.8624808943981246,2.267903359052893,10.610327885898446,3.5240830759169866,242.48,45.82718526258087,32.76,85.17541258538705,0.7775473195630004,1.834212292091676,0.6120563562760847,1.6337604762764497,1.6454900762660152,0.06341183648030366,0.5650442779974838,1.4846250729595316,0.17,0.0,0.75,0.0,0.0,0.06,0.0,0.0,0.0,0.02,0.0,0.0,0.0,0.0,0.0,0.13,0.87,0.0,0.0,4,1
1510,0.05794742265296638,0.185798145342067,5.048956854709937,0.9959685443733235,0.7638924115308376,2.3802144762826916,11.126747494462082,2.5928700450814604,244.4,42.05623940305734,25.2,75.98085883359643,0.42706344734550306,1.280476896041305,0.41860196912813097,1.2953094087505954,1.6357352969934558,0.06613695902868892,0.47848079512618413,1.4890821596665769,0.11,0.0,0.83,0.01,0.0,0.03,0.0,0.0,0.0,0.02,0.0,0.0,0.0,0.0,0.0,0.1,0.9,0.0,0.0,4,1
1511,0.09640222047361922,0.27732657971645386,5.165633856297639,1.094721498516198,1.0552535160740932,2.590697427081048,10.643880806195249,3.2732180847805505,246.32,37.813706028851016,37.8,90.43531088322446,0.6973808788074141,1.7351430134762564,0.7164712933968861,1.802592910553363,1.6406471443795134,0.06139805436970531,0.6725354716846199,1.6515354036588101,0.17,0.0,0.76,0.01,0.0,0.05,0.0,0.0,0.0,0.01,0.0,0.0,0.0,0.0,0.0,0.15,0.85,0.0,0.0,5,1
1512,0.15268462552927076,0.2670614786436914,5.485225252877833,1.4836390966178696,1.5340431378306645,2.994295016591978,9.49784296989711,4.286916563432205,236.72,55.22371032281498,55.44,104.91596637309307,1.3247699858561481,2.1316991362902327,0.9724965766286551,1.8699293559641663,1.660642085575882,0.10523866336555708,0.9963257409779567,1.9485761953299472,0.17,0.0,0.71,0.01,0.0,0.09,0.0,0.0,0.0,0.02,0.0,0.0,0.0,0.0,0.0,0.22,0.78,0.0,0.0,4,1
1513,0.04532880280840931,0.15775691194526145,4.951378388408319,0.5827083905854695,0.6499665437645846,2.183423786039372,11.276740417477038,2.561303009440068,246.32,37.81370602885101,22.68,72.48111979869466,0.4016028429478628,1.2739803790133313,0.3885647511993622,1.2644476436110212,1.6301871169063713,0.030405046669701542,0.42876760746464976,1.4222669272616606,0.13,0.0,0.83,0.0,0.01,0.03,0.0,0.0,0.0,0.0,0.0,0.0,0.0,0.0,0.0,0.09,0.91,0.0,0.0,6,1
1514,0.07448833842552775,0.192831535138154,5.127416825886343,0.908983482228903,0.9835831418494279,2.2829471603527063,10.752946546535245,3.31973907319707,244.4,42.05623940305734,40.32,92.85014319272263,0.677043397211828,1.5696252731120273,0.7266072733526374,1.6906899775349788,1.6384249134072453,0.060873530618602276,0.6488317569451628,1.502979308310145,0.15,0.0,0.78,0.0,0.02,0.03,0.0,0.0,0.0,0.02,0.0,0.0,0.0,0.0,0.0,0.16,0.84,0.0,0.0,5,1
1515,0.12566442249797488,0.29901552474430654,5.273554285222693,1.4086614756420635,1.1683471787354685,2.7604786499517933,10.39962204446166,3.7460169408786737,244.4,42.05623940305734,40.32,92.85014319272258,0.9104938494408112,1.924398798134539,0.7436451909241529,1.7278498495888908,1.646433920814839,0.0814693570991271,0.765332611987541,1.8245482690424033,0.14,0.0,0.75,0.01,0.02,0.08,0.0,0.0,0.0,0.0,0.0,0.0,0.0,0.0,0.0,0.16,0.84,0.0,0.0,6,1
1516,0.07933393820661844,0.21747471578675395,5.212830963840457,1.24752032385375,1.0061125723624758,2.4446562597291503,10.629475145643953,3.276950253829706,246.32,37.813706028851016,30.12,79.27847351984245,0.6872813446971523,1.6746124415991865,0.4735157801121476,1.3602709920592424,1.6568032012262213,0.07913371929539197,0.7071319726392846,1.716255123796241,0.2,0.0,0.71,0.0,0.01,0.05,0.0,0.0,0.0,0.03,0.0,0.0,0.0,0.04,0.0,0.11,0.85,0.0,0.0,7,1
1517,0.10149431443597885,0.23514891993640677,5.328797900967299,1.2705863429952189,1.24352211210388,2.7559929404040098,10.16539463450276,3.747856402652628,246.34,37.8180706097821,43.44,95.05259787947074,0.8037845756093347,1.7306534437897136,0.7761296296554008,1.7374483811310735,1.6628973205280442,0.10294082540341071,0.8210416916453799,1.8010194625014575,0.16,0.0,0.75,0.01,0.0,0.06,0.0,0.01,0.0,0.01,0.0,0.0,0.0,0.01,0.0,0.17,0.82,0.0,0.0,6,1
1518,0.09851385056871953,0.2676748247879484,5.177609247276488,1.1861585556057854,1.0793596585788254,2.6341078657907877,10.764793936515296,3.2938449678012462,244.4,42.05623940305734,37.8,90.43531088322445,0.6823821391973793,1.636234732828573,0.6999890711305334,1.7143555185114057,1.639342453571761,0.07287744592164257,0.6813975378845258,1.6667376263687645,0.08,0.0,0.85,0.02,0.0,0.02,0.0,0.01,0.0,0.02,0.0,0.0,0.0,0.0,0.0,0.15,0.85,0.0,0.0,2,1
1519,0.059338092841742185,0.15619758735646036,5.071424699378543,0.7597181174184354,0.9892390269888921,2.533941983123506,10.766364666602337,3.067408217528027,242.48,45.82718526258087,35.28,87.88124218098379,0.6043697937119692,1.4980602066210573,0.606989294574674,1.529894582531899,1.6393773865574945,0.04640189672058272,0.6830803719323169,1.758329573656604,0.08,0.0,0.81,0.0,0.0,0.11,0.0,0.0,0.0,0.0,0.0,0.0,0.0,0.0,0.0,0.14,0.86,0.0,0.0,4,1
1520,0.17846513136105016,0.4395397556557945,5.581438982396045,1.6966337529259863,0.862300077458806,2.422509450982308,10.226862241173622,3.7997217583408363,246.32,37.813706028851016,30.24,82.30285535751479,0.9467514370844874,1.9987344059500138,0.5309489570349715,1.466608089091879,1.6740033705333255,0.09548491360761929,0.5572109766245915,1.5635321173732095,0.31,0.0,0.63,0.0,0.0,0.04,0.0,0.01,0.0,0.01,0.0,0.0,0.0,0.0,0.0,0.12,0.88,0.0,0.0,8,1
1521,0.09134047662865327,0.2877396749658419,5.2307656987510605,1.4342530383142058,0.9059200124569664,2.7077328216020953,11.05296702509356,2.9950577032035155,244.4,42.05623940305733,27.72,79.24544150927548,0.5449169974387024,1.4972989360050968,0.4779081204250532,1.3977875963080681,1.6516424560821208,0.07265785186550637,0.563162279928046,1.6721733006266684,0.18,0.0,0.74,0.0,0.0,0.07,0.0,0.0,0.0,0.01,0.0,0.0,0.0,0.01,0.0,0.1,0.89,0.0,0.0,10,1
1522,0.08001446715544751,0.2203890948541673,5.1792670035877055,1.1398762353269605,1.0178055629803826,2.7923714034784664,10.873491022631322,2.9493178807384792,242.48,45.82718526258087,32.76,85.17541258538702,0.565558049699099,1.4668124782019794,0.5600284412126701,1.495419933969075,1.6456132345606678,0.07488134342030318,0.6402257610351885,1.7212048714782382,0.18,0.0,0.75,0.0,0.01,0.04,0.0,0.0,0.0,0.02,0.0,0.0,0.0,0.0,0.0,0.13,0.87,0.0,0.0,6,1
1523,0.10892538778279355,0.26689424030628167,5.26666996756569,1.2066524029326031,1.1334233287474609,2.59009464333737,10.50892014188693,3.509230121835457,246.32,37.813706028851016,42.84,95.13634235329648,0.7980494144229712,1.8092128310577424,0.838669922946748,1.9047451554858676,1.653805246337676,0.0796199783981722,0.7329621366280058,1.6662151624427757,0.21,0.0,0.69,0.0,0.0,0.09,0.0,0.0,0.0,0.01,0.0,0.0,0.0,0.0,0.0,0.17,0.83,0.0,0.0,9,1
1524,0.10764899973866901,0.24431428069930344,5.257059135917842,1.169622642870448,1.2306474886854608,2.726052507740266,10.370770888874299,3.553724053065569,240.56,49.235020795438615,39.6,90.26022984077257,0.8502939634537907,1.8449923402894917,0.7022476127705478,1.7041129929968224,1.6526815276136255,0.08413974909909892,0.8342219586384878,1.837507077272274,0.15,0.01,0.74,0.02,0.0,0.07,0.0,0.0,0.0,0.01,0.0,0.0,0.0,0.03,0.0,0.15,0.82,0.0,0.0,6,1
1525,0.12037717939721299,0.3217169689259434,5.271285673174194,1.1446249953085197,0.7062495242369855,2.0382368676810834,10.61259165736912,3.7400449497430026,250.16,27.015416474167623,27.72,79.24544150927548,0.9027688368077897,2.2247816182763662,0.5088975723518527,1.461676026986933,1.6701216765179838,0.10956507890374445,0.46981983829719787,1.3635438188779638,0.23,0.0,0.72,0.0,0.01,0.04,0.0,0.0,0.0,0.0,0.0,0.0,0.0,0.0,0.0,0.11,0.89,0.0,0.0,5,1
1526,0.12690399253390283,0.3503609749142357,5.307750986073534,1.3537146668239237,0.8476934399500748,2.373045565635084,10.676170990678145,3.613594094998592,244.4,42.05623940305734,30.24,82.30285535751479,0.8032308191568385,1.8993333729728346,0.5413427696470711,1.4875908070804942,1.656131901519225,0.09278683936769193,0.562891453053343,1.5908469987646072,0.23,0.0,0.71,0.01,0.0,0.05,0.0,0.0,0.0,0.0,0.0,0.0,0.0,0.0,0.0,0.12,0.86,0.02,0.0,6,1
1527,0.16093174144663194,0.3794011675971958,5.483140163315634,1.4005257579375343,1.1562501025868044,2.564160930905437,10.122429862905163,4.067967917532676,248.24,32.91774873557093,45.36,97.302975755673,1.0767105830574712,2.041319453209597,0.801835081287361,1.7367421063472936,1.6616189241919543,0.08582060233091322,0.7678206292021195,1.6897686804904133,0.23,0.0,0.66,0.0,0.0,0.1,0.0,0.01,0.0,0.0,0.0,0.0,0.0,0.0,0.0,0.18,0.77,0.05,0.0,7,1
1528,0.1309392662631078,0.30918945452234176,5.34576824056579,1.2165074499583848,1.2991320032791671,2.9403291360058734,10.415901082284945,3.6769663870234117,242.48,45.82718526258086,45.36,97.302975755673,0.8912834486091614,1.8736338473901937,0.8355435305115244,1.8185142048752703,1.6556102076141925,0.08252785292838848,0.8250359993790417,1.8337239397718894,0.27,0.0,0.66,0.0,0.0,0.04,0.0,0.02,0.0,0.01,0.0,0.0,0.0,0.0,0.0,0.18,0.81,0.01,0.0,7,1
1529,0.047145848219528934,0.16046635759932726,5.123351385520158,1.0518082283235524,0.6008709151385413,1.9397539050527506,11.309231355084732,2.5975380334113236,252.08,19.2,22.68,72.48111979869466,0.3848919635708245,1.2198303307391805,0.4164627766794701,1.3375988143577768,1.6552844009988852,0.08603149881804038,0.3975854423024415,1.2907102803905315,0.2,0.0,0.76,0.0,0.0,0.04,0.0,0.0,0.0,0.0,0.0,0.0,0.0,0.0,0.0,0.09,0.91,0.0,0.0,5,1
1530,0.038058522481563516,0.1536375150825861,4.989661638005146,0.6263797742375189,0.44808770755500177,1.650822773024464,11.584228438440459,2.3862050911947015,250.16,27.01541647416762,17.64,64.62096479401318,0.3070884425027474,1.1142551329581447,0.32027644943539385,1.1800051216531984,1.6402860473406435,0.05960822305593004,0.2837984981380949,1.040722907227085,0.15,0.0,0.81,0.01,0.0,0.02,0.0,0.0,0.0,0.01,0.0,0.0,0.0,0.0,0.0,0.07,0.93,0.0,0.0,4,1
1531,0.06722523532441838,0.18837718483416493,5.062106872532115,0.776035423194356,0.8221742366984554,2.258796569763728,11.158140790249378,3.0868491389993697,250.16,27.01541647416762,30.24,82.30285535751479,0.5539717745956638,1.497644498881056,0.564803577169525,1.5412344068357753,1.6397183555935313,0.0484763107183587,0.5431676469475146,1.501979690323962,0.15,0.0,0.81,0.0,0.0,0.03,0.0,0.0,0.0,0.01,0.0,0.0,0.0,0.0,0.0,0.12,0.88,0.0,0.0,3,1
1532,0.07412303371637956,0.2633077079910105,4.997792191307227,0.7228439549207432,0.6394120551492998,2.093925085152003,11.138803634655089,2.929237206645306,246.32,37.813706028851016,22.68,72.48111979869466,0.5130838414461151,1.561485147034236,0.448866986709274,1.4640436542033195,1.6309701618423011,0.04356042649904349,0.42741255778023524,1.4047775172890737,0.1,0.0,0.86,0.0,0.02,0.02,0.0,0.0,0.0,0.0,0.0,0.0,0.0,0.0,0.0,0.09,0.91,0.0,0.0,4,1
1533,0.09718218715320466,0.263006499288293,5.2630125674738295,1.196792442194444,1.1023357278438264,2.716270703179399,10.69601556427311,3.2053253644661672,240.56,49.23502079543862,37.8,90.43531088322446,0.670614090284066,1.6403778273173706,0.6875643287620686,1.6885369158992685,1.652610849471945,0.09169816700204614,0.6968091443176307,1.7203292313255814,0.15,0.0,0.76,0.02,0.0,0.04,0.0,0.01,0.0,0.02,0.0,0.0,0.0,0.0,0.0,0.15,0.85,0.0,0.0,4,1
1534,0.06245160693073704,0.17022186595291763,5.149637267411521,1.1573225211141984,0.8853693349106843,2.3304968065258587,10.796440480802609,2.911591867707883,244.4,42.05623940305735,32.76,85.17541258538705,0.5918067347243661,1.557135648664506,0.6251704915558595,1.6819521947144822,1.6464202163087507,0.08423196261845893,0.588806294052253,1.5608817224973506,0.1,0.0,0.81,0.0,0.02,0.05,0.0,0.0,0.0,0.01,0.01,0.0,0.0,0.0,0.0,0.13,0.87,0.0,0.0,4,1
1535,0.10003403790631704,0.2662002488302766,5.249878464433023,1.143717178320421,1.2562375224587403,3.0791132581735803,10.672967904608015,3.299240493266004,240.56,49.23502079543861,38.4,90.3810116823621,0.7605380237381741,1.8128103641799684,0.7302732196846864,1.7910345031663746,1.6497059520694135,0.08125910251884844,0.798004864325618,1.910008161993339,0.18,0.0,0.73,0.03,0.01,0.05,0.0,0.0,0.0,0.0,0.0,0.0,0.0,0.02,0.0,0.14,0.84,0.0,0.0,3,1
1536,0.06539446417577358,0.17596228995099625,5.041650240320999,0.762528306737024,0.8327824222394373,2.1913449335794755,10.919867050568532,3.109146851599634,248.24,32.91774873557093,32.76,85.17541258538705,0.5904524227145808,1.5259336576286726,0.6207758838664916,1.619792765039117,1.6348417511377866,0.046995130534719265,0.5645704494204558,1.4914425147883097,0.08,0.0,0.83,0.0,0.0,0.07,0.0,0.01,0.01,0.0,0.0,0.0,0.0,0.0,0.0,0.13,0.87,0.0,0.0,3,1
1537,0.07879281759443085,0.20515586179330517,5.250634290732661,1.4270220530183062,1.0368560763504697,2.691433870787765,11.135008323976026,3.1673156761777363,240.56,49.235020795438615,35.28,87.88124218098379,0.5660768026819407,1.417424228069836,0.6016170911154617,1.5242526530312743,1.649849337833131,0.09595002604894019,0.6531883909014019,1.676067768061378,0.09,0.0,0.83,0.0,0.0,0.04,0.0,0.0,0.0,0.04,0.0,0.0,0.0,0.0,0.0,0.14,0.86,0.0,0.0,3,1
1538,0.07510310740342169,0.2564768117805894,5.095211912524265,0.9107042753691001,0.39857411033040807,1.6065948989590764,11.115503999107592,3.0683081568313826,250.16,27.01541647416762,15.12,60.148180657137395,0.5946387349816462,1.84825641451252,0.3225165144267565,1.3685687705391687,1.6524201152401161,0.08669729291435187,0.27195125020617894,1.1024475986942701,0.15,0.0,0.81,0.01,0.0,0.03,0.0,0.0,0.0,0.0,0.0,0.0,0.0,0.0,0.0,0.06,0.91,0.03,0.0,4,1
1539,0.12775152804677772,0.3850784315036369,5.228898135861848,1.3369147710256015,0.547690284148366,1.8996068406034505,10.669733524873994,3.5657369909692047,248.24,32.91774873557093,20.16,68.71030093476125,0.7092923711084673,1.885233849994786,0.380851688712023,1.3067576732659651,1.6478748971275174,0.07771287438997423,0.36662462508911936,1.2744247984931736,0.14,0.0,0.81,0.0,0.01,0.04,0.0,0.0,0.0,0.0,0.0,0.0,0.0,0.0,0.0,0.08,0.87,0.05,0.0,4,1
1540,0.10438575574035515,0.29853011970877075,5.28542162087806,1.5303593400027977,1.0349711392162881,2.511590104406878,10.703528700111786,3.273226562343132,240.56,49.235020795438615,33.96,85.12758339425274,0.7558884532669259,1.9051351491361277,0.815432445965753,2.06081032208461,1.6499953675284358,0.1029729360442192,0.6658009765761962,1.6188304700369491,0.1,0.0,0.82,0.01,0.01,0.04,0.0,0.01,0.0,0.01,0.0,0.0,0.0,0.02,0.0,0.13,0.85,0.0,0.0,3,1
1541,0.10054433959558047,0.3173569640396413,5.236403087526547,1.1276213150947016,0.7815799521359031,2.34828223494885,10.82549966278632,3.3173824666355625,246.32,37.813706028851,27.72,79.24544150927548,0.6804420212330209,1.7436633359457188,0.4621660745089264,1.3388345341973988,1.6548244041543747,0.08674834352146295,0.5114126388395039,1.5135222606497722,0.15,0.0,0.77,0.01,0.0,0.07,0.0,0.0,0.0,0.0,0.0,0.0,0.0,0.0,0.0,0.11,0.89,0.0,0.0,4,1
1542,0.1401736388274653,0.37943147323956344,5.254700486442746,1.2722211649983257,0.8240280802840325,2.463478868555156,10.679209857663139,3.525485607935615,244.4,42.05623940305734,27.72,79.24544150927547,0.788248804875471,1.9256062943395043,0.4954841178785203,1.4444233060220126,1.6449723103803782,0.07424003777548352,0.5055991233254694,1.499541561083002,0.15,0.0,0.79,0.03,0.0,0.01,0.0,0.01,0.0,0.01,0.0,0.0,0.0,0.0,0.0,0.11,0.89,0.0,0.0,4,1
1543,0.10295938870808814,0.28985462680116647,5.221545378757266,1.315123952688726,0.9879288536498311,2.4074307890532842,10.708906934999488,3.3512111724400757,246.32,37.81370602885101,35.88,87.84275206816491,0.7083046278053127,1.7156810914498353,0.7566461681587003,1.851675388331968,1.6478148305426046,0.08537865288219625,0.63575880364828,1.5516578581094356,0.1,0.0,0.83,0.01,0.0,0.04,0.0,0.0,0.0,0.02,0.0,0.0,0.0,0.01,0.0,0.14,0.85,0.0,0.0,4,1
1544,0.06297907719151004,0.22706382147952875,5.185957037774772,1.2114923302549074,0.6815565927713986,2.225262868555715,11.339123720319146,2.6866583233797248,248.24,32.91774873557093,20.76,68.79439723487,0.4087024338931788,1.290736898968497,0.41996164710862155,1.3595998919289654,1.6601117969143775,0.09616341063728548,0.43970194718041355,1.4427402442321111,0.19,0.0,0.77,0.0,0.0,0.03,0.0,0.01,0.0,0.0,0.0,0.0,0.0,0.01,0.0,0.08,0.91,0.0,0.0,4,1
1545,0.043823226450190884,0.14846912100894946,5.01937231468223,0.6973046301726926,0.621864971039653,2.0181753106078197,11.225109060277505,2.7491566977600597,244.4,42.05623940305734,22.68,72.48111979869466,0.43510103692637253,1.3289366102307523,0.41463538027427693,1.3415485792655393,1.6432444689770664,0.06896683919073768,0.430129096926766,1.4011623590011681,0.1,0.0,0.83,0.0,0.02,0.05,0.0,0.0,0.0,0.0,0.0,0.0,0.0,0.0,0.0,0.09,0.91,0.0,0.0,3,1
1546,0.1431518950020972,0.35382641149206123,5.2553802214096255,1.0138450664384238,0.8840000227617318,2.3203630705655414,10.32297367378447,3.7774474830416427,238.64,52.350705474103826,32.76,85.17541258538704,0.9369796290135156,2.072721569463784,0.6380990517951707,1.6825344978487133,1.6482181568661927,0.06800622873056443,0.5949170791601124,1.5676388488486512,0.15,0.0,0.74,0.01,0.0,0.09,0.0,0.0,0.0,0.01,0.0,0.0,0.0,0.0,0.0,0.13,0.87,0.0,0.0,4,1
1547,0.06354784483650572,0.1985161256568939,5.189532328041203,1.175635794672696,0.8555691641137085,2.546729737573264,11.013859436784266,2.755594342531755,246.32,37.813706028851016,27.72,79.24544150927547,0.46682246157062224,1.320666028515516,0.46203025375412915,1.338302275124415,1.6553819264438798,0.08882577282879678,0.5446452271708919,1.615045378539933,0.2,0.0,0.72,0.0,0.0,0.05,0.0,0.01,0.0,0.02,0.0,0.0,0.0,0.0,0.0,0.11,0.89,0.0,0.0,4,1
1548,0.09111311030094811,0.2364595908363508,5.227622769048926,1.118230069642375,1.110985270416235,2.7867814218945357,10.651838506195727,3.2790053000049095,242.48,45.827185262580876,37.8,90.43531088322445,0.6953519607356591,1.6208842565978354,0.6573184064141132,1.6080751323012088,1.6483102330779644,0.07190580403991866,0.7341481417205847,1.828549471403008,0.2,0.0,0.73,0.0,0.0,0.06,0.0,0.0,0.0,0.01,0.0,0.0,0.0,0.0,0.0,0.15,0.85,0.0,0.0,4,1
1549,0.09398860751831067,0.24340917483126764,5.228894662592397,1.0615707939265315,1.04205133722752,2.6307601750981067,10.595058286539388,3.339428140235343,248.24,32.91774873557093,37.8,90.43531088322446,0.7524977852429494,1.7934054127925416,0.6720692763038383,1.6385250235932647,1.654773581870586,0.08259082786198134,0.6782432154981519,1.698488521936677,0.2,0.0,0.74,0.0,0.0,0.06,0.0,0.0,0.0,0.0,0.0,0.0,0.0,0.0,0.0,0.15,0.85,0.0,0.0,3,1
1550,0.0533467457132108,0.22494650604449573,4.999145148641884,0.7576715170119384,0.4636554631894791,1.7164990879935107,11.422114958918101,2.624947707298562,248.24,32.91774873557093,17.64,64.62096479401319,0.3837338843717086,1.3244057138381595,0.3242716131289032,1.2018567790897876,1.6375244954481036,0.06303837428925738,0.30691949747323094,1.1417606745330986,0.09,0.0,0.87,0.01,0.01,0.02,0.0,0.0,0.0,0.0,0.0,0.0,0.0,0.0,0.0,0.07,0.93,0.0,0.0,3,1
1551,0.06833072736535989,0.18905407589013673,5.089558050517438,0.88392816647525,0.8453837806003208,2.25559009167889,10.937764962914862,3.0840827642552178,248.24,32.91774873557093,32.76,85.17541258538701,0.5838413403278416,1.5123868887508178,0.6066048221027185,1.5874676894577973,1.6408043441624816,0.0682466239965412,0.5568796747675385,1.4804696898525531,0.09,0.0,0.84,0.0,0.0,0.06,0.0,0.0,0.0,0.01,0.0,0.0,0.0,0.0,0.0,0.13,0.87,0.0,0.0,2,1
1552,0.04509035007134796,0.1977268747893766,4.945643647626837,0.6397383804758573,0.41819790343144875,1.7026344028604443,11.479193721103702,2.356980098044839,250.16,27.015416474167623,15.12,60.1481806571374,0.32330728479317217,1.2941496429347483,0.3182096450273068,1.290461807656234,1.6374628237558135,0.06913780418727426,0.2758283792906511,1.1293023835520364,0.08,0.0,0.88,0.02,0.0,0.02,0.0,0.0,0.0,0.0,0.0,0.0,0.0,0.0,0.0,0.06,0.94,0.0,0.0,3,1
1553,0.10256368412098973,0.26483615960283685,5.130174653643974,1.0471721270930707,1.2870157532510365,3.210677799898274,10.828625988533899,3.177948082171242,229.04,64.89555244600918,37.8,90.43531088322443,0.6726544373065033,1.6116215494418613,0.626332044446332,1.5348296542349207,1.627031202564095,0.050672467757085844,0.8013799548071633,1.97126623781858,0.05,0.0,0.84,0.02,0.02,0.03,0.0,0.02,0.0,0.02,0.0,0.0,0.0,0.0,0.0,0.15,0.85,0.0,0.0,2,1
1554,0.10978610105824574,0.23877506249639857,5.226543123233564,0.9241184948255368,1.3105348343968461,2.6934866396813355,10.213190710616177,3.654739862523843,242.48,45.827185262580876,50.4,101.3078117781286,0.9215599569469132,1.8587690371645353,0.9540146668116521,1.9315630131559265,1.6453900502840755,0.05958481348400488,0.8699669016257892,1.7908487793027832,0.14,0.0,0.73,0.01,0.01,0.1,0.0,0.0,0.0,0.01,0.0,0.0,0.0,0.0,0.0,0.2,0.8,0.0,0.0,3,1
1555,0.05959995577855672,0.18598313983255013,5.045506591945083,0.7775780876524815,0.7499849581808653,2.361563667623355,11.116084976828141,2.7263679137660666,244.4,42.05623940305734,25.2,75.98085883359643,0.4739848370943159,1.416721072594416,0.4532059248099707,1.3917641306726045,1.641991573876531,0.06435124489000715,0.48979235026914236,1.5309370926577255,0.13,0.0,0.81,0.0,0.0,0.06,0.0,0.0,0.0,0.0,0.0,0.0,0.0,0.0,0.0,0.1,0.9,0.0,0.0,3,1
1556,0.1028950907206173,0.2808623285769653,5.26839724567293,1.2516285378556868,0.9296477191522515,2.4456903603054134,10.776842818423427,3.254477515851099,244.4,42.05623940305734,32.76,85.17541258538702,0.6638333551513036,1.6751164387350386,0.6126187319796522,1.6094968886467595,1.65732209558643,0.08623724776180977,0.5821804357505176,1.5411264433430634,0.17,0.0,0.74,0.03,0.0,0.04,0.0,0.0,0.0,0.02,0.0,0.0,0.0,0.0,0.0,0.13,0.87,0.0,0.0,4,1
1557,0.17233106282879715,0.37374755945140964,5.421112445473111,1.300041062456698,1.3097324522337004,2.7738016841548503,9.80885140455577,3.9820371979881677,236.72,55.223710322814995,47.88,99.35786558972295,1.1454448023652595,2.158141253272038,0.8854951725800967,1.8524011810894851,1.6551741674881566,0.08670920064334055,0.8514757798862818,1.8063465178155795,0.22,0.0,0.67,0.02,0.01,0.06,0.0,0.0,0.0,0.02,0.0,0.0,0.0,0.0,0.0,0.19,0.8,0.01,0.0,5,1
1558,0.18363764332439927,0.4149364416188176,5.389218329952849,1.2649642241382972,1.1780645175705735,2.817885015464906,10.049228394517401,4.012362179511148,244.4,42.05623940305734,40.32,92.8501431927226,1.1076238506850868,2.2109477660075916,0.7795800886425935,1.8522370824535133,1.6510778991820791,0.09324741373067766,0.7566064627588476,1.8021432174851537,0.3,0.0,0.65,0.0,0.0,0.04,0.0,0.0,0.0,0.01,0.0,0.0,0.0,0.0,0.0,0.16,0.82,0.02,0.0,5,1
1559,0.09057901994208743,0.3308295284128616,5.172863368016624,1.203283669582161,0.33625494028282205,1.4931650641680292,11.2799740249175,2.961677584618695,252.08,19.200000000000003,12.6,55.198814216512766,0.4862621433115695,1.579134524821457,0.23226295657123672,1.0243490736029157,1.654311804238065,0.08256731438192454,0.22409281517076757,1.0058836393332844,0.2,0.0,0.78,0.0,0.0,0.02,0.0,0.0,0.0,0.0,0.0,0.0,0.0,0.0,0.0,0.05,0.91,0.04,0.0,4,1
1560,0.1181103201678188,0.2889758158472477,5.212071236730398,1.1119680372314127,1.0124205772946997,2.504427851593207,10.448161924453913,3.5229493655053554,244.4,42.05623940305734,37.8,90.43531088322446,0.8200217062656019,1.8470742685330763,0.7061011421981093,1.7084998332479182,1.6424192631968197,0.06624833126928283,0.6439677697464617,1.580905554485338,0.16,0.0,0.75,0.01,0.0,0.07,0.0,0.0,0.0,0.01,0.0,0.0,0.0,0.01,0.0,0.14,0.85,0.0,0.0,4,1
1561,0.11114162046193692,0.29031352946676947,5.308657462064746,1.1057903796076805,1.1385179659214695,2.5821535008930936,10.098585920576118,3.7613462159517783,246.32,37.813706028851016,35.16,85.06262933327953,0.9433923662874056,1.9699544009858578,0.5565067844509038,1.4583734086619744,1.662105031493212,0.09703977003897216,0.8292447702183384,1.8920458630169952,0.2,0.0,0.74,0.0,0.0,0.06,0.0,0.0,0.0,0.0,0.0,0.0,0.0,0.04,0.0,0.13,0.79,0.04,0.0,5,1
1562,0.11393391943610838,0.31150501095784194,5.245672305885019,1.1654071277264861,0.7125195170205824,2.0573127715467665,10.592064756490204,3.5538950608866724,248.24,32.91774873557093,23.88,72.59341317477528,0.7362876286000609,1.8821511871621321,0.4321720354066214,1.3842895264134922,1.6613660146346103,0.09356217851928296,0.48884667372356533,1.4212782649329443,0.23,0.0,0.73,0.0,0.0,0.02,0.0,0.0,0.0,0.02,0.0,0.0,0.0,0.02,0.0,0.09,0.85,0.04,0.0,5,1
1563,0.08530859395021868,0.21721565334438017,5.204721274883867,1.0037550692778072,1.0442072351685114,2.427212659113809,10.638947775522206,3.3099016547066733,244.4,42.05623940305734,40.32,92.8501431927226,0.7052875595459853,1.6254851781821096,0.7365252999993028,1.7112610033802276,1.648578894982259,0.08518750957430501,0.6787133754688862,1.5810934036134807,0.15,0.0,0.76,0.02,0.0,0.05,0.0,0.0,0.0,0.02,0.0,0.0,0.0,0.0,0.0,0.16,0.84,0.0,0.0,4,1
1564,0.13944788378831197,0.3768053264177354,5.388728488708025,1.206233822962906,0.8271348922685773,2.3109023967051003,10.37197108862739,3.664292300742029,244.4,42.05623940305734,30.24,82.30285535751479,0.879969972263562,2.0035336909204267,0.5435891429797773,1.4877714102127435,1.6693898463220151,0.08823897657663063,0.5523420352077614,1.5336846256074002,0.29,0.0,0.65,0.0,0.0,0.05,0.0,0.01,0.0,0.0,0.0,0.0,0.0,0.0,0.0,0.12,0.84,0.04,0.0,4,1
1565,0.07124315771106506,0.17555678410287126,5.199231268853731,0.8853394452139568,1.0299651978340933,2.545284939062653,10.789422505861724,3.2385350468100453,246.32,37.813706028851016,37.8,90.43531088322443,0.6647810225366202,1.5850015126594412,0.6694468791357556,1.6258576063664205,1.6561988890708073,0.08116904273935938,0.6885634631763342,1.703204208769876,0.21,0.0,0.72,0.01,0.0,0.06,0.0,0.0,0.0,0.0,0.0,0.0,0.0,0.0,0.0,0.15,0.85,0.0,0.0,5,1
1566,0.2011728563020435,0.4941848045223544,5.498421502530135,1.6306476781792947,0.5839769919936575,1.877933102873824,10.350353353413636,4.086035901249635,248.24,32.91774873557094,22.68,72.48111979869466,1.0421168742261124,2.2916829134841956,0.45261415680175404,1.4868186892698407,1.666965437364711,0.10222620302580782,0.3843452487739845,1.239386907031493,0.18,0.0,0.76,0.0,0.0,0.05,0.0,0.0,0.0,0.01,0.0,0.0,0.0,0.0,0.0,0.09,0.82,0.09,0.0,4,1
1567,0.06398846875462341,0.1934858597227437,5.141990396284341,1.2582228612447426,0.7741195416439323,2.1264085971036564,11.077500859492327,2.9380039282244095,246.32,37.813706028851,30.24,82.30285535751479,0.4939676435707153,1.353435502086437,0.5467541523242943,1.5025304495644611,1.6444347096524639,0.08291208492127138,0.496817077722033,1.3613015203839232,0.1,0.0,0.84,0.0,0.0,0.04,0.0,0.0,0.0,0.02,0.0,0.0,0.0,0.0,0.0,0.12,0.88,0.0,0.0,2,1
1568,0.11081035949871394,0.25376876390011144,5.227513275960077,1.0357910086324718,1.120355327299322,2.6869505803648206,10.306955500164705,3.4668128087019836,246.32,37.81370602885102,40.32,92.8501431927226,0.820810549775515,1.6955574511647091,0.7019811612044687,1.6291719089640868,1.6347896532493933,0.047525231596289436,0.7323860111489556,1.7432415730665194,0.13,0.0,0.78,0.01,0.0,0.05,0.0,0.02,0.0,0.01,0.0,0.0,0.0,0.0,0.0,0.16,0.84,0.0,0.0,3,1
1569,0.0814395292213953,0.2530297511516613,5.150262694086734,1.1894375105086805,0.6045643901935772,1.9645982516662261,11.147037848445036,3.0142810223769883,248.24,32.91774873557094,20.76,68.79439723487002,0.48499104323385167,1.3417146146760321,0.3662230952694064,1.2551869703350085,1.6395218427383065,0.07004692206039467,0.38703425120016016,1.244658589735758,0.1,0.0,0.85,0.0,0.0,0.03,0.0,0.0,0.0,0.02,0.0,0.0,0.0,0.01,0.0,0.08,0.91,0.0,0.0,3,1
1570,0.07529677700534348,0.24936140802424467,5.023603502324031,0.9070299391036162,0.5786876629190048,1.8645089351318058,11.235689224882822,2.9649615162912983,248.24,32.91774873557094,22.68,72.48111979869468,0.5011744917944717,1.5070901729836268,0.44956397164172485,1.4448369464099982,1.6335695115867301,0.048842181486093754,0.3669820254058761,1.1761854028493235,0.05,0.0,0.9,0.01,0.0,0.02,0.0,0.0,0.0,0.02,0.0,0.0,0.0,0.0,0.0,0.09,0.9,0.01,0.0,2,1
1571,0.0776847779523512,0.24291173644621347,5.127359292119069,0.9908411567102645,0.7987446283709168,2.388997270051058,10.972660633947244,2.982686572153493,244.4,42.05623940305734,27.72,79.24544150927548,0.5590055236268922,1.5410651690690456,0.48079896747633505,1.3977261728528079,1.6436582898165006,0.08519914274199003,0.5064817879142743,1.4945761367314407,0.12,0.0,0.83,0.0,0.0,0.04,0.0,0.0,0.0,0.01,0.0,0.0,0.0,0.0,0.0,0.11,0.89,0.0,0.0,3,1
1572,0.16835783350285258,0.4397399496122234,5.274037966886606,1.2825171047544663,0.6781140148951212,2.0863258514392746,10.177796021730614,3.893169027237989,248.24,32.91774873557094,25.2,75.98085883359643,0.9989370771534898,2.2419348226876816,0.4373348877003972,1.3277820722937508,1.6433238561710635,0.07196193972943053,0.46455634091576814,1.4435582805546154,0.18,0.0,0.77,0.0,0.0,0.05,0.0,0.0,0.0,0.0,0.0,0.0,0.0,0.0,0.0,0.1,0.9,0.0,0.0,4,1
1573,0.12118801262614447,0.3260743615695706,5.4123471804956615,1.7071868394798393,1.255609787115303,3.1539243924752065,10.73135738211596,3.2677363218927193,232.88,60.37747924516226,37.8,90.43531088322445,0.6871101936818822,1.6106070719959158,0.6208276838089718,1.5161145526003355,1.6579432884971907,0.1037875263235572,0.7543369441880308,1.8625883759414656,0.15,0.0,0.76,0.0,0.0,0.05,0.0,0.0,0.0,0.04,0.0,0.0,0.0,0.01,0.0,0.14,0.85,0.0,0.0,3,1
1574,0.12167610935596972,0.30810071923294613,5.400539508275937,1.460529529396601,1.0840836929931037,2.5226856108667617,10.59361062590323,3.6051275357883372,244.4,42.05623940305734,40.32,92.8501431927226,0.8066004472241033,1.7678903967519077,0.7278336800825094,1.6854421348625623,1.6596214566260648,0.11232377249086482,0.694607914552965,1.6217042075278907,0.12,0.01,0.8,0.0,0.0,0.03,0.0,0.01,0.0,0.03,0.0,0.0,0.0,0.0,0.0,0.16,0.82,0.02,0.0,2,1
1575,0.12121617737678868,0.3174644115612894,5.172798069946701,1.0477314888051463,1.068646167890764,2.515661255017577,10.402237423428534,3.5813990021571063,244.4,42.05623940305734,40.32,92.85014319272261,0.8835916093734647,2.0553446038524736,0.8471942597292005,2.0490452293969534,1.6382781574324483,0.06698705890777583,0.7090998967573259,1.6755636573317718,0.1,0.0,0.83,0.0,0.0,0.06,0.0,0.01,0.0,0.0,0.0,0.0,0.0,0.0,0.0,0.16,0.83,0.01,0.0,2,1
1576,0.10347928824808525,0.26816157529661067,5.224560288355005,1.0886403683928674,1.1644346594643,2.785775890117506,10.784824660518911,3.416109437211227,242.48,45.82718526258087,40.32,92.8501431927226,0.8489656759619577,1.991943903634657,0.7384013674017416,1.7497749981104718,1.6469261364437253,0.0863276152661636,0.7324915662431255,1.7395579739243345,0.13,0.0,0.78,0.02,0.0,0.05,0.0,0.0,0.0,0.02,0.0,0.0,0.0,0.0,0.0,0.16,0.83,0.01,0.0,2,1
1577,0.10829000253914682,0.2529846777093367,5.218221373503748,1.0702698745654002,1.2154978440539224,2.9062819765589087,10.491782158041588,3.463239831581421,236.72,55.22371032281498,40.32,92.8501431927226,0.8042769103463175,1.728643394849572,0.7025549172921197,1.647428827261366,1.6382670554408472,0.07127702169325649,0.8040431452132257,1.9126079137630276,0.15,0.0,0.76,0.0,0.02,0.05,0.0,0.01,0.0,0.01,0.0,0.0,0.0,0.0,0.0,0.16,0.84,0.0,0.0,3,1
1578,0.07258477454482297,0.23323944160873744,5.064484816209037,0.9028707844394724,0.8488077642159692,2.702609615653747,11.218576121609761,2.746328985919106,242.48,45.82718526258086,25.2,75.98085883359643,0.4712409168072471,1.4052183322550846,0.428222381037493,1.3144751159425299,1.6371346869467962,0.06988335785775905,0.5218874021635531,1.634445885781416,0.04,0.0,0.88,0.01,0.02,0.03,0.0,0.01,0.0,0.01,0.0,0.0,0.0,0.0,0.0,0.1,0.9,0.0,0.0,2,1
1579,0.0534289214431593,0.1637203315481014,5.113688283258286,1.1047377295077547,0.7738175077592993,2.2650633065551196,11.096973744189473,2.733435925636245,244.4,42.05623940305734,27.72,79.24544150927548,0.45519424058771135,1.3052930857752199,0.46654534846410667,1.3449851491058764,1.6458003537573245,0.08567739912806388,0.5017751958788207,1.4783553254529789,0.05,0.0,0.87,0.0,0.0,0.06,0.0,0.0,0.0,0.02,0.0,0.0,0.0,0.0,0.0,0.11,0.89,0.0,0.0,2,1
1580,0.10998719166512365,0.2512655605555062,5.246461346726981,1.2651334260515361,1.236884224680061,2.615502017722953,10.294043347387523,3.616902486535769,240.56,49.23502079543862,47.88,99.35786558972296,0.9385306613354243,2.0433512928641493,0.8878188312162016,1.9170062941897648,1.64724617138784,0.08816016530812709,0.8269563196808504,1.751133450811517,0.16,0.0,0.79,0.0,0.01,0.03,0.0,0.0,0.0,0.01,0.0,0.0,0.0,0.01,0.0,0.18,0.8,0.01,0.0,2,1
1581,0.09394932819869634,0.2644205307740322,5.285619159924709,1.5372568604213441,1.0222665788508245,2.518037592466594,10.687813257586118,3.152915668161386,246.32,37.813706028851016,37.8,90.43531088322445,0.6331900511746812,1.5182474617447326,0.6853480726329018,1.6476598482514895,1.6500262777174424,0.09517317863408409,0.6202690630443325,1.50427642603115,0.15,0.0,0.78,0.0,0.0,0.04,0.0,0.0,0.0,0.03,0.0,0.0,0.0,0.0,0.0,0.15,0.85,0.0,0.0,3,1
1582,0.09461810979733447,0.2453371599352783,5.219183974006354,1.0211711071519074,1.0671326466727535,2.636684897920008,10.68537595472223,3.368413426205534,240.56,49.235020795438615,37.8,90.43531088322443,0.7419618725982632,1.7586270322227224,0.6571675932109016,1.5874193940412875,1.6506790255412602,0.09043471364247424,0.6890977074640697,1.6877516033311615,0.17,0.0,0.74,0.02,0.01,0.04,0.0,0.01,0.0,0.0,0.0,0.0,0.01,0.0,0.0,0.15,0.85,0.0,0.0,4,1
1583,0.09567699064626586,0.23888852003934527,5.338904579327404,1.463191841417604,1.180152901216558,2.583504412110947,10.461674101589622,3.4538819470952147,240.56,49.23502079543861,45.36,97.302975755673,0.7318950933495998,1.6313267095442983,0.7867101584119263,1.7599926717062782,1.6607553436256781,0.10648278857854136,0.7695077989726209,1.6802797436690067,0.16,0.0,0.75,0.0,0.01,0.05,0.0,0.0,0.0,0.03,0.0,0.0,0.0,0.01,0.0,0.17,0.82,0.0,0.0,3,1
1584,0.23859600780285387,0.46598033553799234,5.631053134634031,1.6429980693736124,1.2004289633715497,2.614455514963493,9.448620489251327,4.479425993810587,238.64,52.350705474103826,45.36,97.30297575567303,1.432161343111284,2.447389373261704,0.8039595363374445,1.7468965020971063,1.6620226716075737,0.11678175462449049,0.7786736120801067,1.7033381926605833,0.19,0.0,0.71,0.01,0.01,0.05,0.0,0.0,0.0,0.03,0.0,0.0,0.0,0.0,0.0,0.18,0.8,0.02,0.0,4,1
1585,0.1805886399934381,0.43499790771732066,5.5110321208305955,1.5588555867368261,0.7953198879686135,2.175585176098488,10.053831168855925,3.8527668827580794,244.4,42.05623940305734,30.24,82.30285535751479,1.0111248489424298,2.151553216716931,0.5631905164791163,1.5364544364669173,1.6689014916532328,0.11983392649387899,0.5089716500992044,1.3915502224841625,0.2,0.0,0.74,0.02,0.01,0.02,0.0,0.0,0.0,0.01,0.0,0.0,0.0,0.0,0.0,0.12,0.88,0.0,0.0,3,1
1586,0.09318651990129981,0.23633587596854036,5.206432867427917,1.1430958643101214,1.0722674099181946,2.566867065342584,10.42399802265372,3.4561113339600666,244.4,42.05623940305734,40.32,92.85014319272261,0.7517484378016687,1.6906910834065796,0.7156059585916752,1.670323400492733,1.6433680590388704,0.08740467237227095,0.7044608157978571,1.6769090332140524,0.17,0.0,0.73,0.0,0.01,0.07,0.0,0.0,0.0,0.01,0.0,0.01,0.0,0.0,0.0,0.16,0.84,0.0,0.0,4,1
1587,0.13745451220367402,0.38110689251931196,5.3229721109105705,1.4011711372257223,0.752669420994571,2.061847588891149,10.375690434079647,3.643654974728857,248.24,32.91774873557093,30.24,82.30285535751477,0.8580111910145017,1.9590595972515128,0.5503080389931957,1.5030187578445122,1.6536409665885932,0.08750571233969386,0.502263126382104,1.3782326063564987,0.18,0.0,0.76,0.0,0.0,0.05,0.0,0.0,0.0,0.01,0.0,0.0,0.0,0.0,0.0,0.12,0.83,0.05,0.0,4,1
1588,0.047685231390200915,0.1704572953223425,4.9887191475697445,0.871723884641527,0.5251245254855248,1.8134313648084692,11.448245334642625,2.5710410747656223,250.16,27.015416474167623,20.16,68.71030093476125,0.3711544462534981,1.2601258091271323,0.390728849759827,1.3415967275830063,1.6367436530128987,0.06594806478542897,0.3440767828323144,1.191143293199709,0.11,0.0,0.87,0.0,0.0,0.02,0.0,0.0,0.0,0.0,0.0,0.0,0.0,0.0,0.0,0.08,0.92,0.0,0.0,2,1
1589,0.12723241395032683,0.3427750928087527,5.361451644779904,1.2525378710254884,0.9948780646806863,2.6167319815595533,10.486460887134795,3.4712197736107995,244.4,42.05623940305733,35.28,87.88124218098379,0.8069320732660735,1.8969135299898214,0.6792582509319125,1.7471246117717028,1.664611982458057,0.10793516831788344,0.6331474259530164,1.6274864692657272,0.17,0.0,0.76,0.01,0.01,0.05,0.0,0.0,0.0,0.0,0.0,0.0,0.0,0.0,0.0,0.14,0.84,0.02,0.0,3,1
1590,0.1765784564759192,0.4704656048954648,5.446085642511212,1.6643731556058936,0.5142573208066971,2.019765261365532,10.50520379096049,3.6447267569972595,250.16,27.01541647416762,17.64,64.62096479401319,0.8431065264249569,2.079657876558174,0.3030793470878485,1.1312398562789463,1.6630063746468378,0.10241428232785764,0.30418271603407093,1.156836348966641,0.16,0.0,0.8,0.0,0.0,0.03,0.0,0.0,0.0,0.01,0.0,0.0,0.0,0.0,0.0,0.07,0.85,0.08,0.0,4,1
1591,0.19169690076536683,0.442586036366795,5.559039138893423,1.784738859945585,1.0848679514531778,2.6248589973990457,10.200899627171353,3.981910894231815,240.56,49.23502079543861,37.8,90.43531088322446,1.0413541531030504,2.183745609073081,0.7424048350740119,1.817153251185758,1.6694231757271851,0.11768848313064649,0.6854617446462433,1.6676607170439424,0.15,0.0,0.77,0.01,0.01,0.03,0.0,0.0,0.0,0.03,0.0,0.0,0.0,0.0,0.0,0.15,0.84,0.01,0.0,3,1
1592,0.0713502964108922,0.24568800077257713,5.163604863247963,1.2336421112441547,0.67129772057434,2.2021688048345505,11.152762146537384,2.778417560909522,246.32,37.813706028851016,22.68,72.48111979869468,0.4520893092648101,1.368088280416394,0.4000244934999719,1.2849221265624058,1.6498487602213954,0.09640554787655471,0.42726430702125456,1.4060492833925196,0.08,0.0,0.87,0.01,0.0,0.02,0.0,0.01,0.0,0.01,0.0,0.0,0.0,0.0,0.0,0.09,0.9,0.01,0.0,2,1
1593,0.038502475527177726,0.1345865420665909,5.043389430129752,0.9302500569796075,0.47231233077330664,1.6129738838085212,11.349949402329601,2.487625431552045,252.08,19.2,20.16,68.71030093476125,0.3544273163815038,1.1992537055516332,0.3850019128274397,1.3152319011825866,1.6467675914761335,0.09645478482467856,0.3138540298301047,1.0727247295100868,0.13,0.0,0.85,0.0,0.01,0.01,0.0,0.0,0.0,0.0,0.0,0.0,0.0,0.0,0.0,0.08,0.92,0.0,0.0,2,1
1594,0.03704668759558221,0.14785024244779063,4.926456275170824,0.6307320862038487,0.5180975450272454,1.9979173405667283,11.499221008755276,2.3059307325778,250.16,27.01541647416762,17.64,64.62096479401318,0.3110730717261362,1.1251049772088177,0.2982274905162303,1.106706333103121,1.6300513091587947,0.04677760867371656,0.3339290943447108,1.273955858771401,0.05,0.0,0.92,0.01,0.0,0.02,0.0,0.0,0.0,0.0,0.0,0.0,0.0,0.0,0.0,0.07,0.93,0.0,0.0,2,1
1595,0.11543958532924471,0.2887548560549939,5.267431262055047,1.1451390777771138,1.1472085695316685,2.734135212535973,10.42949907611448,3.4379605798889825,242.48,45.82718526258087,40.32,92.8501431927226,0.8006177808017767,1.7832607268596776,0.7387636778323933,1.7127394435742653,1.6489695225534498,0.09016679309944274,0.732082363265352,1.7320170466198717,0.11,0.01,0.79,0.02,0.01,0.04,0.0,0.02,0.0,0.0,0.0,0.0,0.0,0.0,0.0,0.16,0.84,0.0,0.0,2,1
1596,0.13696246161847284,0.31321405758283066,5.2291061500307645,1.0253354897614646,1.2441079027474529,2.7161911353298605,10.21636994028262,3.978521764440144,242.48,45.82718526258087,41.52,92.70747738794513,1.0449982777412006,2.085727232274363,0.7349416196352601,1.7025240368274541,1.6418378807500875,0.05842822070013989,0.864105507892162,1.892659972647269,0.15,0.0,0.76,0.0,0.0,0.07,0.0,0.0,0.0,0.02,0.0,0.0,0.0,0.02,0.0,0.16,0.82,0.0,0.0,4,1
1597,0.07907968814341292,0.20125899357315571,5.244365008009229,1.2583216526379561,0.9568928949372403,2.3104800334353532,10.658924283493336,3.156707401635296,248.24,32.91774873557093,37.8,90.43531088322442,0.849236761625106,1.8878115530759665,0.6979098551846502,1.681519471148867,1.6534525324459821,0.09976479747039531,0.6169343418321196,1.491606572790575,0.14,0.0,0.78,0.01,0.01,0.05,0.0,0.0,0.0,0.01,0.0,0.0,0.0,0.0,0.0,0.15,0.82,0.03,0.0,4,1
1598,0.07904560872679044,0.2664835447024574,5.106462748247412,1.0060682705717539,0.6140286531884181,2.19639294917307,11.138078874789489,2.9134177215066077,246.32,37.813706028851016,20.16,68.71030093476125,0.5146852742238119,1.5678508959260289,0.3553266948208939,1.2382608006375673,1.6462748554753133,0.08904905407289371,0.39259889157273725,1.388997531423323,0.14,0.0,0.81,0.0,0.0,0.03,0.0,0.02,0.0,0.0,0.0,0.0,0.0,0.0,0.0,0.08,0.92,0.0,0.0,4,1
1599,0.05022165394244526,0.19401443992739312,5.152975049589684,1.387304888036999,0.6329390005033898,2.081383226145445,11.27353869133686,2.5219728926765614,248.24,32.91774873557093,22.68,72.48111979869468,0.3659660706028196,1.171506323550304,0.3930981254350961,1.2712628949648126,1.6533270829683,0.09900954209023743,0.39908622655705495,1.3055515673520697,0.07,0.0,0.88,0.0,0.0,0.04,0.0,0.0,0.0,0.01,0.0,0.0,0.0,0.0,0.0,0.09,0.91,0.0,0.0,2,1
1600,0.16951565105286684,0.3519199704396206,5.353230471490414,1.17560995813374,1.4609535735036803,3.1816723547360763,9.885463361906053,4.0537481178227575,238.64,52.35070547410381,47.88,99.35786558972296,1.1644224063963275,2.141794400288584,0.8049593914849217,1.706234629901232,1.6419786810818773,0.07422171259135296,0.9497852410997034,2.0615111877430143,0.19,0.0,0.75,0.0,0.0,0.06,0.0,0.0,0.0,0.0,0.0,0.0,0.0,0.0,0.0,0.19,0.81,0.0,0.0,3,1
1601,0.08238437923042843,0.24701592460864086,5.0488340030106,0.7606859924139896,0.7966775508197879,2.3135711210603063,10.826344646032073,3.165357444360057,246.32,37.813706028851016,27.72,79.24544150927548,0.6330559782718869,1.6631575802064757,0.4955733942010706,1.4234344990258245,1.6338284143513864,0.04869708372480398,0.5458645099940691,1.593648574230375,0.06,0.0,0.86,0.01,0.0,0.07,0.0,0.0,0.0,0.0,0.0,0.0,0.0,0.0,0.0,0.11,0.89,0.0,0.0,3,1
1602,0.18253049309579464,0.4080810673894295,5.509357120971985,1.4805385697706503,1.2321531462080422,2.7246727129091894,9.864047427295763,4.155827621995225,240.56,49.23502079543862,45.36,97.302975755673,1.18144576280354,2.1607766895138676,0.8224044995183885,1.777084986157012,1.6616876836184924,0.09145103000366508,0.8393677307330996,1.8623711376819592,0.22,0.0,0.69,0.01,0.0,0.07,0.0,0.0,0.0,0.01,0.0,0.0,0.0,0.0,0.0,0.18,0.76,0.06,0.0,4,1
1603,0.14520813837344415,0.3650396603906173,5.369925490698318,1.3253061177080316,0.9749089084476403,2.4972318582371376,10.320410994372036,3.7999941679237974,244.4,42.05623940305733,35.28,87.88124218098379,0.9529341882199241,2.0534142656964747,0.6215978690048403,1.579399176996212,1.6585764696924041,0.0943291855522479,0.645187968742454,1.6552671310839384,0.13,0.0,0.77,0.0,0.01,0.08,0.0,0.0,0.0,0.01,0.0,0.0,0.0,0.0,0.0,0.14,0.81,0.05,0.0,3,1
1604,0.06746609660549337,0.22696282643954183,5.070911511147763,0.8931095678006671,0.8689372132122686,2.640272059885201,11.170227733506668,2.82890276741666,242.48,45.82718526258087,27.72,79.24544150927547,0.492679909362523,1.3967198998397572,0.47374088234153405,1.3709136146620053,1.6366750577524738,0.06609667344012973,0.5498687079797702,1.6216267592931883,0.06,0.0,0.85,0.01,0.0,0.06,0.0,0.01,0.0,0.0,0.01,0.0,0.0,0.0,0.0,0.11,0.89,0.0,0.0,2,1
1605,0.05644990440043517,0.2030367314979557,4.991212360883353,0.7369679033954113,0.5804523013191785,2.0571680441502047,11.155318066335312,2.661241817244596,246.32,37.813706028851016,20.16,68.71030093476126,0.4402444470431884,1.4118132234869152,0.3609126221938543,1.246655500417801,1.6355030336257022,0.06254757691091471,0.3869476675654425,1.364153264312477,0.07,0.0,0.89,0.0,0.0,0.03,0.0,0.01,0.0,0.0,0.0,0.0,0.0,0.0,0.0,0.08,0.91,0.01,0.0,3,1
1606,0.092738568913378,0.2118785962839394,5.388533511763979,1.1971478159636486,1.325687361580886,2.7323212395763896,10.300800344020876,3.5496993211280476,244.4,42.05623940305734,46.56,97.10395554156474,0.8532332349766156,1.7232161055350663,0.8159135705861195,1.7608683308535318,1.6709357592259895,0.113727740510865,0.9026941418621824,1.8569772928120771,0.22,0.0,0.73,0.01,0.01,0.03,0.0,0.0,0.0,0.0,0.0,0.0,0.0,0.02,0.0,0.18,0.8,0.0,0.0,3,1
1607,0.08206291847114999,0.2703670546312488,5.11226080897217,0.9241557067510082,0.7293432789718599,2.44167636422816,11.08039503709453,2.9849480501649817,242.48,45.82718526258087,22.68,72.48111979869466,0.5587401423992351,1.6406950031416287,0.3841727977679627,1.2572196094543653,1.6459466776361353,0.08193913569096907,0.47691545637838956,1.5663489044348133,0.12,0.01,0.83,0.0,0.0,0.04,0.0,0.0,0.0,0.0,0.0,0.0,0.0,0.0,0.0,0.09,0.91,0.0,0.0,3,1
1608,0.10927479861295368,0.28248609335583436,5.2034974628740835,1.0119270475569369,1.303055423687785,2.957911942947096,10.424246605682898,3.4609782893191925,244.4,42.05623940305734,41.52,92.70747738794518,0.8206405285808731,1.7823514785623533,0.740032999798462,1.7699020444153062,1.6398553869534347,0.06421455487349632,0.8473106404802531,1.8702490683995487,0.17,0.0,0.78,0.02,0.01,0.01,0.0,0.0,0.0,0.01,0.0,0.0,0.0,0.02,0.0,0.16,0.82,0.0,0.0,3,1
1609,0.07912747821325404,0.23952995265749058,5.107220023379454,1.1258777651605312,0.8548763838479281,2.4107967308829155,11.010079406065765,3.038008205103745,246.32,37.813706028851016,30.24,82.30285535751479,0.5612743883093672,1.5593762839217231,0.5797569158765896,1.6239062064840877,1.6403273134456908,0.07571244041834302,0.5528079051206931,1.5614872209152217,0.09,0.0,0.87,0.0,0.0,0.03,0.0,0.0,0.0,0.01,0.0,0.0,0.0,0.0,0.0,0.12,0.88,0.0,0.0,2,1
1610,0.07417006996155609,0.22390562691721458,5.037350289856568,0.9754113129110359,0.8218614024688853,2.3663661254400044,10.93660271836261,2.96968137669675,246.32,37.813706028851016,28.32,79.26058288960533,0.5028891215729829,1.4350145471338827,0.516559680480392,1.5003138853929374,1.6304750148683091,0.05116539683288468,0.5255622250170084,1.4645028053989273,0.1,0.0,0.86,0.01,0.01,0.01,0.0,0.0,0.0,0.01,0.0,0.0,0.0,0.01,0.0,0.11,0.88,0.0,0.0,2,1
1611,0.049811487186981494,0.21398640088648038,5.039267913117932,1.2802790891787779,0.5676694072427795,2.185834630248905,11.365668248063333,2.2618089429168267,246.32,37.813706028851016,17.64,64.62096479401319,0.34612442425795864,1.3395956219331957,0.3446288039092472,1.3726368830405216,1.6376737459399908,0.07303541298734183,0.3339155155240943,1.2551635853853123,0.05,0.0,0.9,0.0,0.01,0.03,0.0,0.0,0.0,0.01,0.0,0.0,0.0,0.01,0.0,0.06,0.93,0.0,0.0,2,1
1612,0.06990611670245958,0.22935086640733243,5.015031643854373,0.8220474561524925,0.67766367614398,2.059366722093812,11.005381308379667,2.9126882738146014,246.32,37.813706028851016,25.2,75.98085883359644,0.5249786240269769,1.4973050011725697,0.46117112454328796,1.3938105140444308,1.63082362313939,0.045130317053275214,0.44477732336981085,1.356732657905877,0.06,0.0,0.9,0.01,0.0,0.03,0.0,0.0,0.0,0.0,0.0,0.0,0.0,0.0,0.0,0.1,0.89,0.01,0.0,2,1
1613,0.09814153589878727,0.30962238253366275,5.235266999416495,1.3652869700004908,0.7549179822769138,2.201472109943234,10.75032235974498,3.2388416742921238,246.32,37.81370602885102,27.72,79.24544150927547,0.6540451562664894,1.6849152132117662,0.47476348801152257,1.3738968273462047,1.650040393569875,0.08789666575464009,0.5037440666758326,1.4808004653791573,0.09,0.0,0.84,0.0,0.01,0.05,0.0,0.0,0.0,0.01,0.0,0.0,0.0,0.0,0.0,0.11,0.86,0.03,0.0,3,1
1614,0.08360782668793629,0.2136562217333395,5.077358911534932,0.857195272090584,1.06249544178753,2.6102295122595174,10.831683855899279,3.3174200671482814,238.64,52.350705474103826,37.8,90.43531088322445,0.6821822094893005,1.633277118882058,0.6822670927139418,1.6559822593020346,1.6309193970312887,0.04717682940375793,0.6941549157368209,1.702887979193196,0.06,0.0,0.83,0.02,0.02,0.06,0.0,0.0,0.0,0.01,0.0,0.0,0.0,0.0,0.0,0.15,0.85,0.0,0.0,2,1
1615,0.1767392123505758,0.387759158409932,5.375532042098572,1.3623466942891094,1.3395904463524324,2.8371620697693065,10.00033150201813,4.063650299838458,232.88,60.37747924516226,47.88,99.35786558972295,1.1265312523354576,2.1127894005543406,0.8926429759474809,1.8688805144367708,1.6403471236335594,0.07492170094643037,0.8843957688357281,1.8753528723157682,0.05,0.0,0.81,0.01,0.04,0.05,0.0,0.01,0.0,0.03,0.0,0.0,0.0,0.0,0.0,0.19,0.77,0.04,0.0,2,1
1616,0.08322892542522307,0.2161163676112837,5.119638541158135,0.9144298573374455,1.1709577729486569,2.9106216103702267,10.827307701031675,3.194178516985803,238.64,52.350705474103826,37.8,90.43531088322446,0.6568195136681161,1.5656698257725505,0.6392150492700026,1.5488413402459575,1.6355433422927863,0.0450519627909497,0.7623246597884834,1.8844229702067492,0.09,0.0,0.83,0.01,0.0,0.07,0.0,0.0,0.0,0.0,0.0,0.0,0.0,0.01,0.0,0.14,0.85,0.0,0.0,2,1
1617,0.1721054730881847,0.41416666824876314,5.605760973104798,2.234301299100638,1.3911051584878553,2.9612787845458923,10.37008717088285,3.6602596246757093,242.48,45.82718526258088,38.28,87.6471438107473,0.8565709196183121,1.7966927449963916,0.9509752752279771,2.0063956930239573,1.663764092997808,0.12360216563752129,0.8321549613001412,1.7722136517434304,0.13,0.0,0.81,0.01,0.0,0.03,0.0,0.0,0.0,0.02,0.0,0.0,0.0,0.06,0.0,0.13,0.81,0.0,0.0,3,1
1618,0.0819796930458091,0.22542414015541742,5.169720765649166,1.197427477724365,0.8795403871395151,2.4006651254146267,10.931106848702198,3.1417825718891303,248.24,32.91774873557093,32.76,85.17541258538705,0.5940604689631683,1.4901085881849316,0.5782810263168443,1.5241343231915665,1.6399895582483515,0.07424162269081015,0.5499791224810368,1.4664952002981726,0.11,0.0,0.84,0.0,0.01,0.03,0.0,0.0,0.0,0.01,0.0,0.0,0.0,0.0,0.0,0.13,0.87,0.0,0.0,3,1
1619,0.09934758173282639,0.2794542236691616,5.307999305768399,1.511468696429717,0.8087803151705704,2.230572902883172,10.72670637281147,3.1898656771557516,242.48,45.82718526258086,30.24,82.30285535751477,0.619295251634398,1.5690254454733705,0.5650026286094302,1.5514904409439452,1.6562323278757822,0.10797715128848571,0.5116144662897567,1.4080333924566344,0.11,0.0,0.81,0.0,0.0,0.04,0.0,0.0,0.0,0.04,0.0,0.0,0.0,0.0,0.0,0.12,0.88,0.0,0.0,3,1
1620,0.05837569853234564,0.1840903585367792,4.9697568294337655,0.7278376931852282,0.6770995523811281,2.068134851093881,11.227110335174638,2.808212401295648,248.24,32.91774873557093,25.2,75.98085883359643,0.4616920676260063,1.3789902546627704,0.47347794890135575,1.4298792495769015,1.6275334454261543,0.04261485477571655,0.4406853514532382,1.3513676456733061,0.08,0.0,0.88,0.02,0.01,0.01,0.0,0.0,0.0,0.0,0.0,0.0,0.0,0.0,0.0,0.1,0.9,0.0,0.0,2,1
1621,0.06644138337489734,0.1808908575090052,5.251169667354645,1.384668195777942,0.9365430495346113,2.484142813566906,11.019244108938265,2.955982653114619,246.32,37.81370602885101,30.84,82.29887881706199,0.6290081587797354,1.7052953263877377,0.5644291768632006,1.476222194833459,1.6570310160069157,0.1116841621014749,0.6111101625839639,1.632182644334939,0.11,0.0,0.83,0.0,0.0,0.04,0.0,0.0,0.0,0.02,0.0,0.0,0.0,0.01,0.0,0.12,0.86,0.01,0.0,2,1
1622,0.07033758525128436,0.26350426730004045,5.074011960896022,1.063686057093005,0.5727521345643632,1.9692549391062308,11.019501781000486,2.7492155679503183,244.4,42.05623940305734,20.16,68.71030093476125,0.4684506238890891,1.4378023878956434,0.349593747971176,1.2042948078637603,1.6379707833306028,0.06981910411350693,0.3845572875510746,1.3299492541340814,0.05,0.0,0.89,0.01,0.01,0.04,0.0,0.0,0.0,0.0,0.0,0.0,0.0,0.0,0.0,0.08,0.91,0.01,0.0,3,1
1623,0.10383407854041579,0.3207901424674919,5.257717462044698,1.3653591110601149,0.8956872707653215,2.635743271830529,10.968556156229557,3.254985473892959,240.56,49.235020795438615,25.8,76.01674456687456,0.638849228561131,1.6177215614745015,0.4267456782174186,1.2438410840928016,1.6480494281203222,0.09336658183582093,0.595314922470506,1.7551399648833002,0.09,0.0,0.84,0.01,0.0,0.03,0.0,0.02,0.0,0.01,0.0,0.0,0.0,0.01,0.0,0.1,0.89,0.0,0.0,3,1
1624,0.06636056045251866,0.18268618444111823,5.0585626486659185,0.8609525329215474,0.9123691674110969,2.3967592712890635,10.810736921527996,3.000929063969934,240.56,49.235020795438615,32.76,85.17541258538704,0.5795930224811187,1.4971009475452572,0.5908543342679502,1.5436989270601238,1.6353685283584192,0.053423427542101304,0.6133463720517105,1.6181941984818262,0.07,0.0,0.85,0.01,0.01,0.05,0.0,0.0,0.0,0.01,0.0,0.0,0.0,0.0,0.0,0.13,0.87,0.0,0.0,2,1
1625,0.06499669497920652,0.19686415135449184,5.059446461500276,1.0441271758429436,0.8200255917412611,2.4132246963060546,11.02446884639339,2.800284246212259,240.56,49.235020795438615,27.72,79.24544150927548,0.4897711422657289,1.3901222105785422,0.49637611845190077,1.430758561723169,1.6354408309987318,0.06943579442089258,0.5342729158657492,1.5700545894327596,0.02,0.0,0.89,0.0,0.01,0.04,0.0,0.01,0.0,0.03,0.0,0.0,0.0,0.0,0.0,0.11,0.89,0.0,0.0,2,1
1626,0.1161027984537721,0.2980088677537179,5.2002216891205455,1.1199993305402953,1.176077220313853,2.759459638275583,10.293299537440332,3.5351348500466653,236.72,55.22371032281497,40.32,92.85014319272261,0.8654968632747435,1.899928750812483,0.7197101221246069,1.6768204367942248,1.6398653771099652,0.06680773003803284,0.7956170112481991,1.8881180997754254,0.1,0.0,0.8,0.0,0.02,0.07,0.0,0.0,0.0,0.01,0.0,0.0,0.0,0.0,0.0,0.16,0.84,0.0,0.0,3,1
1627,0.11267220131727097,0.26450351927519244,5.206535860820764,1.0831310498813542,1.2703732479808227,2.69380643804845,10.22057979683464,3.84579055979049,240.56,49.2350207954386,34.44,82.18214802830026,0.9631461843809199,2.0466905240490156,0.48213700335178283,1.387733774622883,1.650834418288164,0.07663349201182351,0.9492656608388476,2.0096794127807844,0.11,0.0,0.79,0.01,0.0,0.08,0.0,0.0,0.0,0.01,0.0,0.0,0.0,0.08,0.0,0.11,0.81,0.0,0.0,4,1
1628,0.10992782415923105,0.34178906485176386,5.16204330114728,1.1799500230355044,0.6406798678284207,1.9549541868593083,10.919885396904924,3.3412494271667974,246.32,37.81370602885101,25.2,75.98085883359643,0.6567272871481211,1.7692759015602504,0.4949724478154725,1.5388741257572771,1.6397651568775296,0.0692082372638398,0.4205649344087143,1.2861918726496555,0.07,0.0,0.88,0.0,0.0,0.03,0.0,0.0,0.0,0.02,0.0,0.0,0.0,0.0,0.0,0.1,0.87,0.03,0.0,2,1
1629,0.1611565418694726,0.36955493590699473,5.482373377145543,1.6953471157483009,1.3347023180099955,2.830426244372902,10.213837403447755,3.9184628782528037,238.64,52.35070547410382,42.12,92.63017376054678,1.0065919355313904,1.9982009272338097,0.9146827822096764,1.9285307698733662,1.6622971378505615,0.10771048929411735,0.855353167925827,1.8050001164131821,0.13,0.0,0.77,0.0,0.0,0.07,0.0,0.01,0.0,0.02,0.0,0.0,0.0,0.03,0.0,0.16,0.79,0.02,0.0,4,1
1630,0.10274570181626765,0.3086038380502473,5.311153136168681,1.6479878120667728,0.7865467682764092,2.2968538287922944,10.777150705950623,3.2356335379062937,246.32,37.813706028851016,27.72,79.24544150927548,0.6816125474930292,1.7869117687436054,0.5070716072253135,1.5135652409625726,1.6578411400510091,0.1009776581495765,0.48276670596298127,1.3996114382004712,0.05,0.0,0.84,0.01,0.0,0.07,0.0,0.0,0.0,0.03,0.0,0.0,0.0,0.01,0.0,0.1,0.86,0.03,0.0,3,1
1631,0.10287900507369281,0.2611570758999565,5.323374694589386,1.6201936376040607,1.2021553176176354,2.801676649345804,10.61199842118025,3.3171178351395048,244.4,42.05623940305734,42.84,95.13634235329648,0.7108852183875277,1.5812253771445137,0.7627336856927477,1.717644471748274,1.6494784245612542,0.09762456458660716,0.7394868148337785,1.694472920618758,0.12,0.0,0.82,0.0,0.0,0.04,0.0,0.0,0.0,0.02,0.0,0.0,0.0,0.01,0.0,0.16,0.83,0.0,0.0,2,1
1632,0.11951580845058578,0.2538030139939333,5.359270208037085,1.3898250314813805,1.415208410103386,2.9035602902669306,10.248033333311994,3.6426798407390173,236.72,55.22371032281498,50.4,101.30781177812857,0.9803194534658133,2.0540996678930776,1.0195544420956457,2.1326868563088093,1.6571961619602942,0.0997374341958146,0.9313239073665585,1.9044635705875346,0.12,0.0,0.77,0.0,0.02,0.06,0.0,0.01,0.0,0.02,0.0,0.0,0.0,0.0,0.0,0.2,0.8,0.0,0.0,2,1
1633,0.12510602436608656,0.2733603141812584,5.362483438783158,1.1937856715330903,1.3922040596657625,2.732369385329435,10.175095382992792,3.8171504293810514,246.32,37.813706028851016,52.92,103.15876554656377,0.9844770134084767,1.9586096353514417,1.0397706233741848,2.0662427136024877,1.6602374514159992,0.09650769459977086,0.9260909832670433,1.8235636411230771,0.21,0.0,0.73,0.0,0.01,0.05,0.0,0.0,0.0,0.0,0.0,0.0,0.0,0.0,0.0,0.21,0.79,0.0,0.0,2,1
1634,0.1974745191874067,0.32333659476644017,5.759980448131978,1.7248643906242613,2.2466216427615406,3.411454938127489,9.205956742549953,4.198898635551109,238.64,52.35070547410381,80.64,118.144195410062,1.4129896906773838,2.125751395631411,1.4996603073782477,2.26969602450463,1.6753568927061773,0.12387541287621208,1.4435798610001527,2.1887403658999958,0.24,0.0,0.63,0.01,0.0,0.08,0.0,0.01,0.0,0.03,0.0,0.0,0.0,0.0,0.0,0.32,0.68,0.0,0.0,2,1
1635,0.15310939222698455,0.30217945570417704,5.446876523235475,1.3572151857365802,1.5989742892888323,3.016989152812728,9.982640774170726,4.0474063136060145,240.56,49.235020795438615,56.04,104.76717043043587,1.1337820642959735,2.069008780970527,1.0619461199635176,2.0280237174025832,1.661725741805328,0.1045832952785711,1.0674934582392956,2.0326748151474203,0.19,0.0,0.7,0.01,0.0,0.1,0.0,0.0,0.0,0.0,0.0,0.0,0.0,0.01,0.0,0.22,0.77,0.0,0.0,4,1
1636,0.09268351572367647,0.21305748889638795,5.2427870326096695,1.3157701008207012,1.2547413143947865,2.7472676813479766,10.501773211295895,3.4190225163666224,238.64,52.350705474103805,45.36,97.30297575567303,0.7657101450870908,1.6522016038619318,0.8020255178817607,1.7343319081845179,1.6444156890514208,0.08663188808080356,0.8292591173371469,1.8212434414890784,0.09,0.0,0.8,0.0,0.01,0.07,0.0,0.01,0.0,0.02,0.0,0.0,0.0,0.0,0.0,0.18,0.82,0.0,0.0,2,1
1637,0.12974945323987047,0.3170901908754056,5.318970690471576,1.3011397712911619,1.070141993506795,2.6595931864422173,10.295547320597889,3.6889526027807946,242.48,45.82718526258087,37.8,90.43531088322445,0.961015490530469,2.070489321261951,0.6995815798329178,1.7405149617614217,1.6526294927256477,0.09840723817373108,0.7006578296559854,1.7330624258675984,0.15,0.0,0.78,0.0,0.01,0.05,0.0,0.01,0.0,0.0,0.0,0.0,0.0,0.0,0.0,0.15,0.81,0.04,0.0,3,1
1638,0.09654927310246668,0.257811360845241,5.196080476961352,1.218666217785956,0.9277078863343593,2.3369505615456685,10.844044090204823,3.407347490746647,240.56,49.235020795438615,35.28,87.88124218098378,0.7119559340686042,1.7725234887265673,0.6596395719762501,1.6500746218178284,1.6467844329676198,0.09291753482245586,0.5956689899189382,1.4999210008443669,0.15,0.0,0.8,0.01,0.0,0.02,0.0,0.0,0.0,0.02,0.0,0.0,0.0,0.01,0.0,0.13,0.86,0.0,0.0,2,1
1639,0.10520508748535443,0.2943715027188084,5.225928392686125,1.293171712433196,0.8630665421869224,2.284326681039226,10.535318949180358,3.391941539285042,246.32,37.813706028851,32.76,85.17541258538704,0.7426303953416334,1.7895814528330374,0.5654008820517347,1.4785563611533075,1.6449983540776265,0.0873554813593323,0.5586904665213441,1.4839651895341694,0.12,0.0,0.82,0.01,0.0,0.04,0.0,0.0,0.0,0.01,0.0,0.0,0.0,0.0,0.0,0.13,0.86,0.01,0.0,3,1
1640,0.14675582753801591,0.34925705135812907,5.375376004379498,1.547011947853498,1.4137285970251399,3.1304236452424723,10.432538364263548,3.7672300674026777,236.72,55.22371032281498,45.36,97.302975755673,0.9135808287607623,1.869080741882663,0.7948392534044012,1.7240487193538205,1.645223530720272,0.07870283648093454,0.8963168241133946,1.9893007429557426,0.11,0.0,0.77,0.03,0.0,0.06,0.0,0.02,0.0,0.01,0.0,0.0,0.0,0.0,0.0,0.18,0.8,0.02,0.0,3,1
1641,0.12449547032024792,0.3139668768136133,5.274973050161268,1.2690548601874796,0.8052067009237807,2.513232629718187,10.617245948039532,3.3518251263441563,242.48,45.82718526258087,25.2,75.98085883359644,0.7147804509664469,1.6607544131968246,0.42535095592139555,1.317492443922915,1.639801275848073,0.06317649080922949,0.5206763466747076,1.6232240094312702,0.15,0.0,0.79,0.02,0.0,0.03,0.0,0.0,0.0,0.01,0.0,0.0,0.0,0.0,0.0,0.1,0.89,0.01,0.0,3,1
1642,0.10729530529540617,0.3154728967909285,5.191754607229036,1.051547870277886,0.8157554882895056,2.296869266442054,10.511434941028668,3.346052889522222,246.32,37.813706028851016,30.24,82.30285535751477,0.7432241868256619,1.816796415883549,0.5436755360684107,1.500177664577726,1.6463378564328355,0.06546170559038868,0.5450437413783811,1.5242785827121874,0.18,0.0,0.77,0.0,0.01,0.04,0.0,0.0,0.0,0.0,0.0,0.0,0.0,0.0,0.0,0.12,0.85,0.03,0.0,4,1
1643,0.1856146758878908,0.3286043831658573,5.703304353707132,1.6251235281602447,1.8260210267888517,3.1809102856688147,9.637115970511083,4.050497109402441,238.64,52.35070547410381,65.52,111.09268857375565,1.2309168086419218,2.1217938963450305,1.2949450601744728,2.221787584897506,1.6890198002743524,0.12080837335633672,1.1646080914359156,2.0311986533767334,0.29,0.0,0.57,0.0,0.0,0.1,0.0,0.01,0.0,0.03,0.0,0.0,0.0,0.0,0.0,0.26,0.74,0.0,0.0,3,1
1644,0.09486918289850964,0.24934960780969626,5.253927529674823,1.1784004041458231,0.9174272165680012,2.337502842167927,10.658177773780826,3.3747272796327485,244.4,42.056239403057326,33.36,85.15363655289077,0.660621787735845,1.6635569367842256,0.6235959532619156,1.633384196267327,1.6590568474151948,0.10348860126092244,0.5981298471122207,1.5259946292204656,0.21,0.0,0.73,0.02,0.0,0.03,0.0,0.0,0.0,0.01,0.0,0.0,0.0,0.01,0.0,0.13,0.86,0.0,0.0,4,1
1645,0.15729154870988135,0.3327914704357931,5.321847013000311,1.1059424099554709,1.503133673070123,2.793861838355364,9.56132988500486,4.250964346873938,246.32,37.813706028851016,52.8,100.78960985411867,1.1093838603713109,2.120588628362288,0.9362736963944793,1.8982927032473265,1.648130072477374,0.07502919314920739,1.0486284436697586,1.9355149283247512,0.21,0.0,0.68,0.0,0.0,0.1,0.0,0.01,0.0,0.0,0.0,0.0,0.0,0.04,0.0,0.2,0.76,0.0,0.0,6,1
1646,0.20279476165888372,0.3999733159399596,5.6530861189175186,1.6672160603160986,1.731611106559029,3.257356333612478,9.51621113176143,4.212010845052919,238.64,52.35070547410381,56.64,104.61468695777242,1.3246454471753473,2.3094784190353614,1.0774827636275277,2.0694144301740587,1.6702032603840085,0.11232593361169238,1.1133948251267594,2.0621570804153184,0.24,0.0,0.63,0.0,0.0,0.07,0.0,0.01,0.0,0.05,0.0,0.0,0.0,0.02,0.0,0.22,0.76,0.0,0.0,5,1
1647,0.13333968673928814,0.31580241572509765,5.439669980304343,1.5102345128719072,1.3804428848297408,2.9597264082513983,10.36128564786145,3.5878875863104436,236.72,55.22371032281498,47.88,99.35786558972296,0.9013293683057821,1.9446336803518798,0.9330790264849419,2.019233599720349,1.6628979338182857,0.10159007246056147,0.845064684529972,1.7926217836684777,0.33,0.0,0.58,0.02,0.0,0.03,0.0,0.0,0.0,0.04,0.0,0.0,0.0,0.01,0.0,0.18,0.81,0.0,0.0,4,1
1648,0.23142183768452879,0.44207558778892136,5.754761894208368,1.7734621682526521,1.7177191831590835,3.2984690285724936,9.596847946431973,4.318548526149335,234.8,57.89017815893062,56.04,104.76717043043587,1.3482364897041543,2.2891083183328793,1.0405955722409397,1.998580272160307,1.68078166539615,0.11962438507955826,1.0826292757715967,2.056084172583736,0.17,0.0,0.69,0.01,0.0,0.08,0.0,0.0,0.0,0.05,0.0,0.0,0.0,0.01,0.0,0.22,0.75,0.02,0.0,5,1
1649,0.23703743091673649,0.4395651873921634,5.622164003142063,1.5037092595369295,1.7749726519580793,3.326040456881182,9.45668912295705,4.371893696544559,236.72,55.22371032281499,58.56,106.42323738049625,1.436414947357091,2.378738257729308,1.173694670550939,2.152185483342801,1.663527641946395,0.09162946482130929,1.1303798665689526,2.102969863473985,0.25,0.0,0.59,0.03,0.0,0.11,0.01,0.0,0.0,0.01,0.0,0.0,0.0,0.01,0.0,0.23,0.75,0.01,0.0,4,1
1650,0.19193512940414173,0.3949358147500929,5.5976222418344,1.596538376507811,1.4573953670151705,2.8988764949302985,9.691741703865302,4.003755767155063,242.48,45.82718526258088,52.92,103.15876554656376,1.1822284238223844,2.1633025530949483,1.0288344364799031,2.0252528174538353,1.671236677698964,0.10081557099534004,0.9215636502805018,1.8338947931081109,0.28,0.0,0.61,0.02,0.0,0.07,0.0,0.01,0.0,0.01,0.0,0.0,0.0,0.01,0.0,0.2,0.76,0.03,0.0,4,1
1651,0.0934746637197118,0.22611860996277322,5.265868077541715,1.0923057516001073,0.9386147852749612,2.371374039352025,10.714771326158973,3.492639026178617,244.4,42.05623940305734,35.28,87.8812421809838,0.8312394739839887,1.9977960098771195,0.723858734215849,1.8919907895201136,1.660357759049822,0.0940542557896577,0.609164762436569,1.5461061338476192,0.25,0.0,0.67,0.0,0.01,0.06,0.0,0.0,0.0,0.01,0.0,0.0,0.0,0.0,0.0,0.14,0.84,0.02,0.0,4,1
1652,0.11599956792034744,0.2899691596636767,5.493229533824795,1.4920834353573507,1.3625983797339265,3.0055823373284185,10.34953585496159,3.4924668132367134,242.48,45.82718526258086,47.88,99.35786558972295,0.8236197916668583,1.7373951535978618,0.869316275662087,1.855887284501312,1.675235016561622,0.11688333038043303,0.8636784253680382,1.850706622402126,0.31,0.0,0.64,0.0,0.0,0.03,0.0,0.0,0.0,0.02,0.0,0.0,0.0,0.01,0.0,0.18,0.81,0.0,0.0,3,1
1653,0.10978782463080368,0.3495564978774818,5.115690200309797,1.0529329552232638,0.5624765901152567,2.120718934411885,10.940979131537226,3.1360575940951487,240.56,49.23502079543862,17.64,64.62096479401318,0.615291687954507,1.8006885497009069,0.3145135974012226,1.171400040134568,1.640200141136828,0.06283778616551472,0.3598379083699612,1.3368776667436781,0.14,0.0,0.79,0.0,0.01,0.03,0.0,0.01,0.0,0.02,0.0,0.0,0.0,0.0,0.0,0.07,0.93,0.0,0.0,6,1
1654,0.05556473052433626,0.1919379069414768,5.072179594421547,1.0413987591810634,0.6709271349005115,2.049225066370604,11.41812331244769,2.797580136111241,246.32,37.813706028851016,25.2,75.98085883359643,0.4324785415962841,1.3034959777875499,0.4576593111008438,1.3942330741451372,1.6420778638496345,0.07862749093697956,0.4356025015009084,1.3324340053701973,0.07,0.0,0.85,0.0,0.0,0.05,0.0,0.0,0.0,0.03,0.0,0.0,0.0,0.0,0.0,0.1,0.9,0.0,0.0,3,1
1655,0.11407160105466989,0.29005278283264857,5.165182825040416,0.9544494402351894,1.3217024182297776,3.1014529050599977,10.544158244182148,3.5041757155048074,227.12,66.95713689979718,40.32,92.85014319272261,0.8109623123968243,1.808066679627785,0.7072629573451504,1.6659458986465225,1.634543544038221,0.045958676240015206,0.8837735538160547,2.0827856091552883,0.02,0.0,0.82,0.03,0.0,0.11,0.0,0.01,0.0,0.01,0.0,0.0,0.0,0.0,0.0,0.16,0.84,0.0,0.0,2,1
1656,0.079331079773326,0.23705501750811303,5.123979007513377,1.1390999962521091,1.0375827762831202,2.925639660449431,11.08650669646906,2.904544233438411,234.8,57.8901781589306,28.32,79.26058288960533,0.5138445218277592,1.4307588819879944,0.46236463112448023,1.3502951855691139,1.6390794287399972,0.0782174665818911,0.6667291027553119,1.8607053487872898,0.09,0.0,0.82,0.01,0.0,0.05,0.0,0.02,0.0,0.01,0.0,0.0,0.0,0.01,0.0,0.11,0.88,0.0,0.0,3,1
1657,0.17566140127813032,0.38774742757264646,5.5506574967691265,1.5290573584500078,1.620404913227233,3.410967401356343,10.193624555620442,3.94182866158899,229.04,64.89555244600916,50.4,101.3078117781286,1.0629941501055011,2.0363307281654914,0.9069993237842024,1.8443193655181394,1.6679721343561007,0.0974257460071459,1.013982768616539,2.095756317432577,0.26,0.0,0.62,0.0,0.02,0.05,0.0,0.02,0.0,0.03,0.0,0.0,0.0,0.02,0.0,0.18,0.8,0.0,0.0,4,1
1658,0.17771067487701891,0.4322778749955919,5.5926317066729565,1.8798259552395602,1.00245298178623,2.4665208661757614,10.141987103078913,3.860474160255834,242.48,45.82718526258087,35.88,87.84275206816491,1.0381392993255885,2.2181167846014453,0.7459802274183376,1.872149801158949,1.6742472896452258,0.1248061561778486,0.614860622468957,1.4928185634607252,0.17,0.0,0.73,0.0,0.01,0.06,0.0,0.0,0.0,0.03,0.0,0.0,0.0,0.02,0.0,0.13,0.85,0.0,0.0,4,1
1659,0.12008300502234548,0.2554056863970825,5.212255602607164,1.170716482127313,1.264124392991247,2.9338244298162803,9.313680491123963,4.6357572055266605,218.32,83.10476289697009,40.92,92.78079738629305,0.9132135407292177,1.859368129761046,0.6826952325637947,1.6127605713301416,1.6437624598731233,0.07234846336564582,0.8014365532484834,1.8501818362054223,0.23,0.0,0.66,0.03,0.0,0.07,0.0,0.0,0.0,0.01,0.0,0.0,0.0,0.01,0.0,0.16,0.83,0.0,0.0,7,1
1660,0.08097610087848368,0.22349946839640578,5.188580552605456,1.0026544235036412,1.1632185527747056,3.069129454009587,10.893137548376394,3.0382326566573465,238.64,52.350705474103826,35.28,87.8812421809838,0.6053948373943636,1.5016041191752607,0.5692010926134314,1.4555541767040718,1.646128241927929,0.07110811093905496,0.7405671426169799,1.9136750929367616,0.28,0.01,0.65,0.0,0.0,0.06,0.0,0.0,0.0,0.0,0.0,0.0,0.0,0.0,0.0,0.14,0.86,0.0,0.0,3,1
1661,0.07134974552631396,0.2098759469633587,5.398912062096323,1.3432819815963741,0.9120527382421899,2.4928721107021157,10.950094449996056,2.929674552125429,246.32,37.813706028851016,32.76,85.17541258538704,0.5314903411680775,1.374357629594059,0.561281027296868,1.4746028997744705,1.6800558621357828,0.13389660961004732,0.5677995152411399,1.5188027083811828,0.29,0.0,0.65,0.0,0.01,0.03,0.0,0.0,0.0,0.02,0.0,0.0,0.0,0.0,0.0,0.13,0.87,0.0,0.0,4,1
1662,0.1395629267619016,0.28628868670567287,5.349612579689757,1.1892656856743558,1.550530244215483,2.9110616054287926,9.986510227319458,3.9263371356831613,236.72,55.22371032281498,57.96,106.58405133977595,1.131761420427301,2.149243207633672,1.171644137162413,2.2359325031924886,1.6530525971666628,0.0842092441483277,1.0269713380922523,1.9322163383005588,0.23,0.0,0.64,0.0,0.03,0.08,0.0,0.0,0.0,0.02,0.0,0.0,0.0,0.0,0.0,0.23,0.77,0.0,0.0,3,1
1663,0.14768056122436998,0.3469105942518139,5.6429033837199345,1.716221656710499,1.6365345513918215,3.357659238807476,9.96448937114325,3.660064929350718,232.88,60.37747924516226,52.92,103.15876554656374,0.9802560810547969,1.8086185382581048,0.7987775509242696,1.5865031325757004,1.6720287552065607,0.1117864929025101,1.0431780272669124,2.1176943607934318,0.28,0.01,0.57,0.0,0.0,0.1,0.0,0.02,0.0,0.02,0.0,0.0,0.0,0.0,0.0,0.21,0.79,0.0,0.0,4,1
1664,0.10084146169150283,0.2562233595589903,5.506983809458588,1.341782414164559,1.4018291817701152,2.852068456963644,10.365108161864166,3.505714019556362,234.8,57.8901781589306,50.4,101.30781177812858,0.8222523745169394,1.723926719896282,0.8746520897532553,1.8337372330442894,1.6821114287575645,0.1164545544857598,0.9270584272102511,1.8970647265927805,0.28,0.0,0.59,0.01,0.01,0.07,0.0,0.0,0.0,0.04,0.0,0.0,0.0,0.0,0.0,0.2,0.8,0.0,0.0,4,1
1665,0.1312534363089978,0.32725045798238583,5.490322877944352,1.4056508446848814,1.025126942173891,2.583307740507552,10.400717603420679,3.636370530288573,236.72,55.22371032281499,35.28,87.88124218098379,0.8422666272808076,1.8290165662842957,0.5770323613204261,1.4614051923725202,1.6724467302486827,0.11462834108950826,0.6414087320740837,1.620278209330692,0.23,0.0,0.65,0.03,0.0,0.06,0.0,0.0,0.0,0.03,0.0,0.0,0.0,0.0,0.0,0.14,0.86,0.0,0.0,4,1
1666,0.22390983310161136,0.5064730994802221,5.686326410513549,1.6515775663991425,0.5570690912184615,1.7870205955404401,9.88842315149529,4.266101863558606,250.16,27.01541647416762,13.08,50.7427021174653,1.2075942970794395,2.4448129350664063,0.1908499007432699,0.9419254402842938,1.6980348314174742,0.12441560581582939,0.4366241586154201,1.4104427773621184,0.35,0.0,0.62,0.0,0.01,0.01,0.0,0.0,0.0,0.01,0.0,0.0,0.0,0.05,0.0,0.04,0.91,0.0,0.0,5,1
1667,0.0835517956181035,0.23230459863078104,5.339939435710514,1.1124188642011297,1.1150230228474103,2.7201022153756034,10.480647711828672,3.3163843577955223,238.64,52.350705474103826,38.4,90.3810116823621,0.7245969466823012,1.5933574462224334,0.5628324863308104,1.364193281400602,1.664899348598503,0.08950818349409441,0.7441133562080948,1.7795139132684685,0.27,0.0,0.67,0.0,0.0,0.05,0.0,0.01,0.0,0.0,0.0,0.0,0.0,0.01,0.0,0.15,0.84,0.0,0.0,5,1
1668,0.09576330990329612,0.20075717099935986,5.378913656735271,1.1332494254423608,1.6514172663740565,3.1825178263742497,10.063213475902183,3.560083149007104,234.8,57.89017815893062,57.96,106.58405133977595,0.9195263938386181,1.712295952670061,0.934872589997791,1.760152835609328,1.6570433850306907,0.09653995784264033,1.1023282901785862,2.1055019173558494,0.18,0.0,0.68,0.01,0.01,0.1,0.0,0.01,0.0,0.01,0.0,0.0,0.0,0.0,0.0,0.23,0.77,0.0,0.0,3,1
1669,0.10781137205843215,0.25452476694592746,5.405800812266519,1.1169590084852823,1.5113048056803506,2.892233217748702,10.194696948282909,3.694551787225653,229.04,64.89555244600918,55.44,104.91596637309307,0.9416296664442017,1.8343634000783022,0.9829786826711608,1.9277739750646792,1.6663676488251271,0.09954580790059576,1.0146980081312822,1.9556287317830787,0.29,0.0,0.57,0.01,0.03,0.08,0.0,0.0,0.0,0.02,0.0,0.0,0.0,0.0,0.0,0.22,0.78,0.0,0.0,3,1
1670,0.2386270996562794,0.4669793021036939,5.8321380638073625,1.6517820485021082,1.8547740298582736,3.443816179041728,9.077713983610511,4.3468090732607205,232.88,60.37747924516226,63.0,109.66892325208966,1.533157513808105,2.3194503037893055,0.9760814612480914,1.7408159072152871,1.6768979784615987,0.09881138090876485,1.2030431501065895,2.192319768855493,0.31,0.0,0.54,0.0,0.0,0.12,0.0,0.01,0.0,0.02,0.0,0.0,0.0,0.0,0.0,0.25,0.67,0.08,0.0,4,1
1671,0.2335887028124646,0.4425363347732184,5.78265192570385,1.5798729591065666,1.8202962048625881,3.13117459906476,8.98055103014839,4.416381868085156,234.8,57.89017815893062,68.04,112.44140292129538,1.5714720622748681,2.297192819468003,1.1491450615465006,1.9307799557494334,1.6716284501593566,0.10116133083043662,1.1943539889983183,2.035205408690709,0.31,0.0,0.56,0.02,0.01,0.08,0.0,0.0,0.0,0.02,0.0,0.0,0.0,0.0,0.0,0.27,0.66,0.07,0.0,4,1
1672,0.20572335962546465,0.41178761739684744,5.516309146542758,1.487337422483768,1.503177312687898,2.808935738281584,9.449781821985427,4.426473573900558,238.64,52.350705474103826,52.2,100.92481449979574,1.4348393715286967,2.379681200981282,0.9668182401720792,1.987837827273087,1.660538674658702,0.09668738647414676,1.0568392178754027,1.990264577871668,0.18,0.0,0.71,0.0,0.04,0.05,0.0,0.0,0.0,0.01,0.01,0.0,0.0,0.03,0.0,0.2,0.72,0.05,0.0,4,1
1673,0.18722850013890777,0.3745244627604114,5.810661672582132,1.809403618932976,1.9419497254658302,3.2497573643805437,9.327730537969925,4.144638683529083,229.04,64.89555244600919,70.56,113.71773668326168,1.3165779288952921,2.0101682303921504,1.1544582736548465,1.9048933971760624,1.674690386201048,0.12433930074125753,1.2683413670005175,2.104565428954473,0.2,0.0,0.65,0.01,0.0,0.09,0.0,0.02,0.0,0.03,0.0,0.0,0.0,0.0,0.0,0.28,0.72,0.0,0.0,3,1
1674,0.04961937838006292,0.1685619243426054,4.943154368948136,0.5962246518886662,0.6464373512168134,2.1354183017544632,11.158369285340745,2.5786340546479023,244.4,42.05623940305734,22.68,72.48111979869465,0.41534142620232684,1.3073575291198472,0.40558333880909814,1.300786807634745,1.627495357690381,0.03990241134553062,0.42351595383897944,1.3907388805966718,0.06,0.0,0.89,0.01,0.01,0.02,0.0,0.01,0.0,0.0,0.0,0.0,0.0,0.0,0.0,0.09,0.91,0.0,0.0,2,1
1675,0.19480908935912533,0.3966646043352654,5.648976934015967,1.6415382923094164,1.3084502636937423,2.7892239491406756,9.569917975407717,4.083804675335942,238.64,52.35070547410382,47.88,99.35786558972298,1.2260111860390839,2.2077596571304943,0.8724186939428403,1.8298875848168037,1.677451244779592,0.12704142326343695,0.8440075230249559,1.7909788097953303,0.24,0.0,0.66,0.01,0.01,0.05,0.0,0.0,0.0,0.03,0.0,0.0,0.0,0.0,0.0,0.19,0.81,0.0,0.0,3,1
1676,0.08460677508575012,0.19578377421159707,5.219050290996816,0.9981023235458707,1.126425136084839,2.57939436376242,10.418491417705509,3.4852589056420697,244.4,42.05623940305734,33.24,82.23876546650335,0.8574853767549542,1.9708409945749688,0.571324376462291,1.6449513377301095,1.6595308881065203,0.09054795235754061,0.8183382729986219,1.8640426396664214,0.19,0.0,0.74,0.0,0.0,0.07,0.0,0.0,0.0,0.0,0.0,0.0,0.0,0.05,0.0,0.12,0.83,0.0,0.0,4,1
1677,0.07757807040492021,0.2066288894000048,5.252305642095824,1.0140013911801837,1.3023125516954996,2.8822095958569487,10.468864602977197,3.319066102418664,242.48,45.82718526258087,47.88,99.35786558972295,0.7430483703634613,1.549755023315859,0.7609012765455584,1.5981741391171647,1.647743637660672,0.07252951568151748,0.8430991306238337,1.8078589049278384,0.14,0.0,0.75,0.0,0.01,0.08,0.0,0.01,0.0,0.01,0.0,0.0,0.0,0.0,0.0,0.19,0.81,0.0,0.0,3,1
1678,0.1045457952417413,0.3145753240405492,5.171682282753751,1.1231549404259649,0.8642397427954949,2.402075215471012,10.696636936470409,3.3719509234808482,240.56,49.2350207954386,30.24,82.30285535751477,0.7141471872998448,1.7487096387671173,0.5157772832023635,1.4166859592499284,1.6394325460728074,0.05970045990807879,0.5802965092530993,1.6172837171664773,0.08,0.0,0.84,0.0,0.0,0.06,0.0,0.01,0.0,0.01,0.0,0.0,0.0,0.0,0.0,0.12,0.85,0.03,0.0,3,1
1679,0.14741208379595858,0.3928154628068021,5.356304247776645,1.4409766179780161,0.8324635830435922,2.3289668063806843,10.551916616447135,3.7155184836314157,246.32,37.81370602885102,30.24,82.30285535751479,0.8548148019149383,1.968768802087854,0.5287653215858392,1.4546287588164815,1.6530929515920525,0.08880473638333919,0.5271520309738219,1.4739481663752234,0.19,0.0,0.75,0.02,0.01,0.03,0.0,0.0,0.0,0.0,0.0,0.0,0.0,0.0,0.0,0.12,0.83,0.05,0.0,4,1
1680,0.11541923158995296,0.31737810741028216,5.262523063823673,1.214718737630389,0.8448179787655438,2.512885630436823,10.652903944066184,3.329803523859444,242.48,45.82718526258087,27.72,79.24544150927548,0.7143947844006608,1.7361903907854623,0.47670429880020504,1.3824087832179242,1.6498743842346826,0.07621409356194395,0.5456423786363401,1.6169539606897836,0.18,0.0,0.74,0.0,0.01,0.04,0.0,0.02,0.0,0.01,0.0,0.0,0.0,0.01,0.0,0.1,0.87,0.02,0.0,4,1
1681,0.043099711089656226,0.15689143017672436,5.004828799372411,0.6338029631223155,0.6113264697346884,2.168302174400128,11.362875338110241,2.4247728621658466,248.24,32.91774873557093,20.16,68.71030093476126,0.3584064637422371,1.2104113987686766,0.3419705368764919,1.1860530415629165,1.6411730956854809,0.05238989288224926,0.39925991729362714,1.4074569046571705,0.22,0.0,0.76,0.0,0.0,0.02,0.0,0.0,0.0,0.0,0.0,0.0,0.0,0.0,0.0,0.08,0.92,0.0,0.0,5,1
1682,0.12373478206837002,0.27943237250466146,5.1797132528742065,0.8081302804241377,1.3616748671045014,2.8129145725277866,10.15886327930639,3.7705181122577076,236.72,55.22371032281498,50.4,101.30781177812857,0.9873683476303435,1.9438651314881574,0.9292481966635938,1.8932523438964843,1.6317567931192516,0.03325647941104928,0.8976304036452089,1.845078108992087,0.24,0.0,0.68,0.0,0.02,0.06,0.0,0.0,0.0,0.0,0.0,0.0,0.0,0.0,0.0,0.2,0.8,0.0,0.0,4,1
1683,0.11988839130040105,0.23704710363762646,5.655657331413892,1.7906376014272514,1.8603727391853502,3.2888775255188407,9.983279372726177,3.714469863909147,229.04,64.89555244600918,65.52,111.09268857375564,0.9642588002415262,1.6600212945642958,1.0436975033597085,1.8147266379070641,1.6743265633041515,0.12141783521474528,1.182905237487091,2.072910909490462,0.1,0.0,0.69,0.01,0.01,0.12,0.0,0.01,0.0,0.05,0.01,0.0,0.0,0.0,0.0,0.26,0.74,0.0,0.0,2,1
1684,0.09148031265963905,0.2634014478877997,5.4660638440118205,1.3823226036495262,1.0488153370547337,2.770375194889836,10.696915475481783,3.2897494564053607,240.56,49.23502079543862,35.28,87.88124218098379,0.6941357955334216,1.7084013623631953,0.5438281093187513,1.3809112905864174,1.6864076710330225,0.13575064141035506,0.6638329220400823,1.7172818213372816,0.21,0.0,0.71,0.0,0.0,0.05,0.0,0.0,0.0,0.03,0.0,0.0,0.0,0.0,0.0,0.14,0.86,0.0,0.0,2,1
1685,0.09265135675736177,0.2427004907518109,5.347047431193863,1.4637549163159957,1.1936731750995258,2.69801997987926,10.68838174835091,3.350429161286825,238.64,52.35070547410382,42.84,95.1363423532965,0.6963052274961439,1.5256686393028314,0.6861053262138698,1.5366523531063396,1.6512473666279106,0.09673694840184481,0.7583614032690168,1.7154986021576974,0.11,0.0,0.78,0.03,0.01,0.03,0.0,0.0,0.0,0.03,0.0,0.0,0.01,0.0,0.0,0.17,0.82,0.01,0.0,2,1
1686,0.10674345335795066,0.21311905953306423,5.326623145360412,1.0612539220637782,1.4807411012664033,3.0088168768027703,10.044639717680653,3.675014856971961,238.64,52.35070547410383,52.92,103.15876554656374,0.9560049451074364,1.7176457221788022,0.857233791287516,1.6994301154823959,1.6393925497287265,0.0676572505411318,0.9628270061454013,1.9459816878025715,0.15,0.0,0.71,0.02,0.01,0.1,0.0,0.0,0.0,0.01,0.0,0.0,0.0,0.0,0.0,0.21,0.79,0.0,0.0,3,1
1687,0.22232279647232883,0.3814809576892839,5.6629141186502645,1.3943981644881427,2.298470008800604,3.618593318184559,9.009558543640454,4.301426761118772,225.2,68.90309400626626,78.12,117.13544607535641,1.6023087891200316,2.335956754984733,1.3865349697058458,2.1847138703736206,1.6545914601617244,0.09101004648233377,1.475622277188038,2.3073034681590325,0.21,0.0,0.57,0.04,0.02,0.11,0.0,0.02,0.0,0.02,0.01,0.0,0.0,0.0,0.0,0.31,0.66,0.03,0.0,3,1
1688,0.13987469714047562,0.352586386139716,5.486356898952646,1.5635529656334552,1.2593627357738144,2.747823030341892,10.185927921447849,3.76086762535154,244.4,42.05623940305734,43.44,95.05259787947074,0.9114401065838759,1.923888154497569,0.7429806832648645,1.6966657132565628,1.666496367810072,0.11393888152495874,0.8257421678532417,1.8119733053272304,0.19,0.0,0.72,0.02,0.0,0.06,0.0,0.0,0.0,0.01,0.0,0.0,0.0,0.01,0.0,0.17,0.79,0.03,0.0,4,1
1689,0.16295969302362445,0.39958828830614906,5.389866362042378,1.271243733413266,1.05123243800076,2.5707923501812258,10.132649806168978,3.893282988630574,240.56,49.23502079543861,37.8,90.43531088322446,1.0297165828521868,2.129440754338565,0.6845447554821414,1.6537770229130326,1.6581075613846556,0.08435227011000457,0.6977526071846398,1.721081455960808,0.24,0.0,0.67,0.01,0.01,0.06,0.0,0.0,0.0,0.01,0.0,0.0,0.0,0.0,0.0,0.15,0.85,0.0,0.0,6,1
1690,0.13678530802220132,0.34075863507935006,5.201710974458252,0.8483037195934265,0.944551162094264,2.5424420674518253,10.164883965219532,3.9320121084353072,242.48,45.82718526258087,32.76,85.17541258538704,1.039743523095031,2.1702484951603207,0.5493927958171753,1.4537283544762771,1.642914918621654,0.05880798578454758,0.6291189622741088,1.689634637743161,0.19,0.0,0.73,0.0,0.01,0.07,0.0,0.0,0.0,0.0,0.0,0.0,0.0,0.0,0.0,0.13,0.87,0.0,0.0,7,1
1691,0.10216416928260738,0.32532029786281197,5.160177126565793,0.9272531730263553,0.709542781477799,2.164403422270349,10.700819928709414,3.320749580460883,242.48,45.827185262580855,25.2,75.98085883359643,0.6992641757404084,1.8191447502594982,0.42145364273915964,1.2748208783077704,1.6454540152380854,0.05021557126991006,0.48914471707871604,1.4996568720962045,0.2,0.0,0.72,0.01,0.0,0.06,0.0,0.0,0.0,0.01,0.0,0.0,0.0,0.0,0.0,0.1,0.89,0.01,0.0,8,1
1692,0.08089202303407582,0.2591111866445755,5.113451640320612,0.9582459480717558,0.7881418142708647,2.161201635563894,10.914390473264126,3.1773717983469476,244.4,42.05623940305734,30.24,82.30285535751477,0.6097054161377526,1.6162706721917162,0.5680636057638353,1.5823542639433998,1.6416032333304862,0.07206359109694804,0.5279336326091338,1.454273380098631,0.06,0.0,0.84,0.02,0.01,0.07,0.0,0.0,0.0,0.0,0.0,0.0,0.0,0.0,0.0,0.12,0.87,0.01,0.0,3,1
1693,0.04328748573704127,0.18310376667673228,5.012163365058398,1.0129529445247532,0.5219360700161577,1.939857868780004,11.47112511323022,2.296319445327143,246.32,37.813706028851016,17.64,64.62096479401318,0.2961619316373169,1.0829350846037096,0.30794980657241255,1.1434965551728005,1.6380398893465757,0.07322843720365224,0.3312529985629129,1.2390453720301329,0.02,0.02,0.9,0.01,0.0,0.03,0.0,0.0,0.0,0.02,0.0,0.0,0.0,0.0,0.0,0.07,0.93,0.0,0.0,2,1
1694,0.12264330792717602,0.28034993995618535,5.365029516866499,1.3217899260437123,1.310144086907283,2.849500949099676,10.39653144901003,3.761191242162395,232.88,60.37747924516226,45.36,97.302975755673,0.9166535379873086,1.9025370610304717,0.802196067536223,1.734219016007518,1.6595279295872758,0.0837845826824453,0.8732327817262977,1.9042314486827214,0.18,0.0,0.7,0.01,0.0,0.1,0.0,0.0,0.0,0.01,0.0,0.0,0.0,0.0,0.0,0.18,0.8,0.02,0.0,8,1
1695,0.049336344594768065,0.1624381106852349,5.0650720642913605,0.787522855853896,0.8353080628893008,2.5022753290414825,11.312522966806025,2.7604260471061077,244.4,42.05623940305734,27.72,79.24544150927547,0.4375693634429525,1.2530076315013348,0.4206577396658815,1.2366815251912424,1.6401695431200283,0.04959805830265582,0.5384737383775205,1.602485965155611,0.19,0.0,0.73,0.01,0.0,0.05,0.0,0.01,0.0,0.01,0.0,0.0,0.0,0.0,0.0,0.11,0.89,0.0,0.0,5,1
1696,0.1461865669573984,0.26572230685420234,5.550941423883867,1.3048087639319026,1.665699310389485,3.13657431858385,9.498773949847527,4.022806693804762,236.72,55.223710322814966,58.56,106.42323738049625,1.2303008398590451,1.9819495696042164,0.9987956165240232,1.8752868313625488,1.663699328778622,0.09582689925278437,1.0739601481443395,1.9919690829251098,0.25,0.0,0.6,0.04,0.0,0.09,0.0,0.01,0.0,0.01,0.0,0.0,0.0,0.0,0.0,0.23,0.76,0.0,0.01,8,1
1697,0.21449411763389709,0.4194045051153163,5.6004089092009135,1.3789693635458593,1.6522106089904685,3.1462101067708605,9.357261116372696,4.275514598172553,232.88,60.37747924516226,57.96,106.58405133977598,1.411386195959729,2.3240529414543394,1.0993747780486158,2.124285291173024,1.6611914944770085,0.08242025545932824,1.0695017284230095,2.0345925191830005,0.26,0.0,0.56,0.01,0.02,0.11,0.0,0.02,0.0,0.02,0.0,0.0,0.0,0.0,0.0,0.23,0.77,0.0,0.0,8,1
1698,0.2979397076033019,0.5273523948274588,5.833161265976913,1.7581015334571135,1.6841603836462153,3.0237635612788787,8.877171786116573,4.700235637841442,240.56,49.235020795438615,63.0,109.66892325208966,1.747998599903111,2.5381500793018703,1.2174701883042993,2.2128241327219524,1.6683344526548987,0.09730894961307619,1.1059219184864006,1.9975060506146685,0.33,0.0,0.59,0.0,0.0,0.06,0.0,0.01,0.0,0.01,0.0,0.0,0.0,0.0,0.0,0.25,0.75,0.0,0.0,5,1
1699,0.15519012524231546,0.30238699744107306,5.576373465245614,1.4759163148378929,1.680154192192682,3.1042135442057335,9.930991848343849,4.067234750175206,238.64,52.350705474103826,52.8,100.78960985411867,1.149835432603228,2.100202453697788,0.9592228155740101,1.9644625934175013,1.6838535817588027,0.11668689572179411,1.1401470627117474,2.092472819708836,0.27,0.01,0.6,0.02,0.01,0.07,0.0,0.0,0.0,0.02,0.0,0.0,0.0,0.04,0.0,0.2,0.76,0.0,0.0,9,1
1700,0.177623011447585,0.3442889252490551,5.480549563212486,1.3026536085961187,1.5905251013693822,3.0633612226379245,9.37912612934128,4.158487932289447,232.88,60.37747924516226,48.36,96.7764809895838,1.332583745922064,2.270104044540746,0.7892507949831029,1.7162589813383502,1.6623016514261506,0.0950637156401756,1.1075361145461038,2.0867912369108392,0.27,0.0,0.6,0.0,0.01,0.1,0.0,0.01,0.0,0.01,0.0,0.0,0.0,0.06,0.0,0.17,0.77,0.0,0.0,8,1
1701,0.20488982598986724,0.4346800768666609,5.401537969882139,1.1181911268953555,0.7948178886297288,2.185143232280158,9.900118905969993,4.3723413087123495,244.4,42.05623940305735,30.24,82.30285535751477,1.2481379375103037,2.372910466978925,0.533584748065484,1.460330883363957,1.6518561578974533,0.08324005317574229,0.5292425316709395,1.4611327135307433,0.34,0.0,0.59,0.01,0.01,0.04,0.0,0.0,0.0,0.01,0.0,0.0,0.0,0.0,0.0,0.12,0.88,0.0,0.0,9,1
1702,0.2824822458564852,0.5477306102259053,5.782438968828244,1.7621916286547796,0.9070872700899913,2.3132526229579504,9.240458780162387,4.519911049716663,246.32,37.813706028851016,35.28,87.8812421809838,1.5178830818126594,2.5583405585566505,0.6638035926193591,1.661299507318035,1.6816667897617297,0.09717935080962163,0.6045213517348946,1.5473792210320434,0.35,0.0,0.6,0.0,0.0,0.04,0.0,0.0,0.0,0.01,0.0,0.0,0.0,0.0,0.0,0.14,0.73,0.13,0.0,5,1
1703,0.14897887108283228,0.35571900315956123,5.382342886022588,1.3861746873199936,1.029055046496976,2.5113426633305878,10.21678454413894,3.806764105871084,240.56,49.235020795438615,37.8,90.43531088322445,0.9852252668669272,2.1231898924540675,0.7156640654980951,1.7202463861284925,1.663834068031363,0.09930849455940391,0.6664889996165649,1.6304354971957933,0.22,0.0,0.67,0.0,0.02,0.05,0.0,0.01,0.0,0.02,0.01,0.0,0.0,0.0,0.0,0.15,0.83,0.02,0.0,7,1
1704,0.07431505616718932,0.22307854040653463,5.098533504629507,0.7361664887685149,0.8847553762791494,2.495670620673218,10.891698727648496,2.9594529177345006,240.56,49.2350207954386,30.24,82.30285535751477,0.5681343985950259,1.5449376250870666,0.5548591198219276,1.5349125059227557,1.6452797298085984,0.053517133696922355,0.5793489039137012,1.630116410303971,0.16,0.0,0.73,0.02,0.01,0.08,0.0,0.0,0.0,0.0,0.0,0.0,0.0,0.0,0.0,0.12,0.88,0.0,0.0,9,1
1705,0.05513904879982865,0.1876199642094714,5.0905317153706315,0.7945764192100766,0.6430503232000754,2.1063078109371722,11.167511508279958,2.655422497793184,246.32,37.813706028851016,22.68,72.48111979869466,0.429401623010498,1.3621697008145213,0.43544373099738637,1.4026711586109426,1.6522072442405993,0.07934038840411334,0.4336880185845074,1.4201291293762544,0.2,0.0,0.76,0.0,0.0,0.02,0.0,0.0,0.0,0.01,0.0,0.0,0.01,0.0,0.0,0.09,0.91,0.0,0.0,4,1
1706,0.09751032515649939,0.2866771313288363,5.334539293433736,1.5227741653151614,0.9306630072689451,2.3389468699822014,10.823334900260908,3.197077844089463,242.48,45.82718526258087,31.44,82.29048326728696,0.6184602275289989,1.5462324437757529,0.6797755473344915,1.7150358945246131,1.6620150810179701,0.11198847387003123,0.5877994846862593,1.470757385242623,0.17,0.0,0.75,0.0,0.02,0.03,0.0,0.0,0.0,0.03,0.0,0.0,0.0,0.02,0.0,0.12,0.86,0.0,0.0,5,1
1707,0.10451007582373462,0.32961264505790394,5.229739805855421,1.098768307771116,0.6610009145449094,2.216551270334258,10.87572346976636,3.1710743027950428,246.32,37.81370602885102,22.68,72.48111979869466,0.6293758974011683,1.730348625386855,0.41788451575903257,1.3500832484581708,1.65743984151232,0.08415208697979351,0.42689948288745055,1.411432857111484,0.24,0.0,0.71,0.01,0.0,0.04,0.0,0.0,0.0,0.0,0.0,0.0,0.0,0.0,0.0,0.09,0.88,0.03,0.0,7,1
1708,0.14852445576771753,0.34693410820573894,5.393640760931735,1.4213714566030566,1.4235363763254156,3.114809305751233,10.131891278934459,3.7512979459027833,236.72,55.22371032281497,45.96,97.20538705610545,0.9870008899873707,1.955416911492615,0.8589972961648459,1.826101038108429,1.6527675155474941,0.08785272114461178,0.9286155415330899,2.0070683092481256,0.15,0.0,0.74,0.0,0.01,0.09,0.0,0.0,0.0,0.01,0.0,0.0,0.0,0.01,0.0,0.18,0.8,0.01,0.0,6,1
1709,0.1244249813865569,0.315306225872975,5.366571693954239,1.4702118938313935,1.1823942216868,2.724929377036843,10.3625150422547,3.5689445531534947,242.48,45.82718526258087,42.84,95.13634235329648,0.8485921564716234,1.8054616532965175,0.7541931767411001,1.6940549806085534,1.6535847913817971,0.08659768053424338,0.7631691014919403,1.7600578960025066,0.2,0.0,0.72,0.0,0.01,0.05,0.0,0.0,0.0,0.02,0.0,0.0,0.0,0.0,0.0,0.17,0.83,0.0,0.0,7,1
1710,0.07160721637471566,0.20861514687637076,5.13387520356953,0.9605840707184309,0.8085648506229924,2.2334431029062025,11.132537711290011,3.0904821849631885,246.32,37.813706028851016,30.24,82.30285535751477,0.5581479603201878,1.5151280330978196,0.5826273042642218,1.5958893773740852,1.6502482557150848,0.07015933772218169,0.5341513478459686,1.4767147561943523,0.22,0.0,0.75,0.0,0.0,0.02,0.0,0.0,0.0,0.01,0.0,0.0,0.0,0.0,0.0,0.12,0.88,0.0,0.0,6,1
1711,0.05477083493032674,0.1571078000193679,5.073442165658232,0.8169372480202606,0.751014372685351,2.068624746540816,10.89482088345936,2.9023867718129597,248.24,32.91774873557093,30.24,82.3028553575148,0.5302231875448252,1.4399671016034876,0.5531064106554028,1.5157482750541915,1.6443256070893164,0.06272274113360012,0.5081187108000067,1.4074891141582113,0.17,0.0,0.78,0.0,0.0,0.05,0.0,0.0,0.0,0.0,0.0,0.0,0.0,0.0,0.0,0.12,0.88,0.0,0.0,5,1
1712,0.19394464489233745,0.4331301058894639,5.3084114781753335,1.3510878377422242,1.0931899005010057,2.5658403453747045,9.900390189792166,4.142263289999713,240.56,49.23502079543862,40.32,92.85014319272261,1.1899120090507287,2.3616452925790714,0.7728355880742995,1.8046655896659496,1.6380418285967764,0.06707732836675763,0.7104405580897404,1.6661305391049512,0.21,0.0,0.71,0.0,0.01,0.05,0.0,0.0,0.0,0.02,0.0,0.0,0.0,0.0,0.0,0.16,0.84,0.0,0.0,4,1
1713,0.12316459722287322,0.3622759815492017,5.194964392452233,1.0001792107517782,0.3017614509362949,1.3263165531432315,10.77348742493511,3.4925673289254213,252.08,19.200000000000003,12.6,55.19881421651275,0.7492579805748169,2.064273636447527,0.25399925266584483,1.1197556826418802,1.661328481062753,0.0792506582483253,0.2013897799402181,0.8875699609667734,0.26,0.0,0.7,0.01,0.0,0.03,0.0,0.0,0.0,0.0,0.0,0.0,0.0,0.0,0.0,0.05,0.88,0.07,0.0,10,1
1714,0.07671525356775238,0.23914851460497072,5.1967791370332534,0.8816252652795681,0.7534613258866943,2.2165283994870966,11.172327770714713,3.053835946829783,248.24,32.91774873557093,27.72,79.24544150927548,0.5573359181014521,1.6209177282613751,0.5633947960233643,1.6605575477919392,1.6655999220669278,0.0864513638874828,0.4898410621806125,1.4411167899103094,0.29,0.0,0.63,0.01,0.01,0.06,0.0,0.0,0.0,0.0,0.0,0.0,0.0,0.0,0.0,0.11,0.89,0.0,0.0,10,1
1715,0.19756615509467487,0.4807090312629969,5.425864542050509,1.5691417657964504,0.710723378765,2.3334012957699577,10.326285115964758,3.8431426733367853,244.4,42.05623940305734,22.68,72.48111979869465,0.9635200592630103,2.195267383430759,0.4125151082751852,1.3375300581821046,1.6534178960457115,0.08536067211393217,0.43725567113285885,1.4403340549007686,0.12,0.0,0.82,0.01,0.0,0.03,0.0,0.01,0.0,0.01,0.0,0.0,0.0,0.0,0.0,0.09,0.88,0.03,0.0,6,1
1716,0.08006639463468422,0.2464511808767871,5.162945786469279,0.8650483206530738,0.8426423239086551,2.3282445543731662,10.875479676347105,3.150691541878305,240.56,49.2350207954386,30.24,82.30285535751479,0.6249656636779647,1.6369013578642369,0.5527140246161248,1.5220597419083877,1.6527084455447791,0.07615895192815622,0.5671206850682815,1.5767797132504628,0.18,0.0,0.73,0.01,0.0,0.07,0.01,0.0,0.0,0.0,0.0,0.0,0.0,0.0,0.0,0.12,0.88,0.0,0.0,5,1
1717,0.23637502988125814,0.5238403117894157,5.441422350383908,1.3522840967509637,0.4520255457698845,1.8978469731255567,10.086649833058257,4.284790691756058,248.24,32.917748735570925,15.12,60.1481806571374,1.1901108879975892,2.499465744656797,0.30009253487973353,1.257106425570987,1.6580523033548513,0.08352543012200153,0.28883858031529763,1.1866618715819213,0.31,0.0,0.66,0.0,0.0,0.03,0.0,0.0,0.0,0.0,0.0,0.0,0.0,0.0,0.0,0.06,0.88,0.06,0.0,10,1
1718,0.1552056572417963,0.40682498179064724,5.377546634791049,1.5780370730587032,0.7845632823274703,2.2740359977358624,10.786974760129795,3.814847320671198,240.56,49.23502079543861,27.72,79.24544150927548,0.84697454035747,2.0053936407537996,0.5394528583885907,1.5527860272670198,1.658168831802232,0.09614446040183477,0.5099197100396019,1.490675060721644,0.12,0.0,0.79,0.01,0.01,0.05,0.0,0.0,0.0,0.02,0.0,0.0,0.0,0.0,0.0,0.11,0.84,0.05,0.0,5,1
1719,0.06302103109204273,0.21899457448872958,5.1657020146297805,1.1583537539868236,0.7487657922711719,2.4110493714368704,11.242963689771365,2.7205137173964427,246.32,37.813706028851016,23.28,72.53979472111718,0.3989637449913607,1.2653416317435178,0.40297288373074813,1.3134887935108488,1.6552729071926364,0.09698195317015716,0.4728737702380191,1.4788974699808826,0.17,0.0,0.78,0.0,0.0,0.03,0.0,0.0,0.0,0.02,0.0,0.0,0.0,0.01,0.0,0.09,0.9,0.0,0.0,6,1
1720,0.11278832938900978,0.35138563737960876,5.26352772739915,1.236299127598747,0.6748302396681476,2.056155268061815,10.650745372545005,3.34126761069303,244.4,42.05623940305734,25.2,75.98085883359644,0.7077476332344513,1.8097843009913044,0.4408921994340187,1.3374029067628248,1.6563680589422445,0.09032796315669953,0.44996160939813223,1.374306501679487,0.11,0.0,0.8,0.01,0.01,0.06,0.0,0.0,0.0,0.01,0.0,0.0,0.0,0.0,0.0,0.1,0.86,0.04,0.0,5,1
1721,0.09159913218070079,0.3330172276403371,5.087436401633615,0.8913693538901283,0.37140249108983164,1.482210615567827,11.103168864989042,3.02522490175756,252.08,19.2,15.12,60.14818065713739,0.5303330273438955,1.6230300431413425,0.267195022667674,1.0655657036621586,1.6393655576789277,0.03794570858236245,0.24115406706929998,0.9637206929365086,0.15,0.0,0.82,0.01,0.0,0.02,0.0,0.0,0.0,0.0,0.0,0.0,0.0,0.0,0.0,0.06,0.93,0.01,0.0,6,1
1722,0.07577586577939396,0.23355635011688203,5.158796796473828,0.9772963910529393,0.8774025170109124,2.32677309261003,10.748761340385602,3.025114155946826,244.4,42.05623940305734,32.76,85.17541258538704,0.5919187976459503,1.5567159728348758,0.6172075793020927,1.638304248360856,1.6500038997404227,0.07464143988979421,0.5757527737675003,1.5266554638883627,0.2,0.0,0.71,0.0,0.01,0.05,0.0,0.02,0.0,0.01,0.0,0.0,0.0,0.0,0.0,0.13,0.87,0.0,0.0,6,1
1723,0.18042437640279987,0.3680154209789087,5.553076044364816,1.403361495796595,1.440853778419842,2.8446266107603755,9.612354057871297,4.237430756294394,229.04,64.89555244600918,52.92,103.15876554656377,1.3030885150712281,2.258607840170728,0.9122172664021143,1.7928967918177534,1.6699009749652098,0.09936775437057134,0.9543904095469946,1.8927692380062164,0.26,0.0,0.61,0.02,0.02,0.06,0.0,0.0,0.0,0.03,0.0,0.0,0.0,0.0,0.0,0.21,0.73,0.06,0.0,7,1
1724,0.11351756342310654,0.299787424953658,5.3628593091325385,1.1914051658415348,1.0634930871067905,2.5924195771661123,10.64246470975886,3.554260699439365,238.64,52.35070547410381,37.8,90.43531088322443,0.7783246874811469,1.7495016337535838,0.6707275068893951,1.612207471389539,1.6645390878983377,0.08187944600569791,0.696372691094176,1.7002275417497787,0.26,0.0,0.65,0.01,0.0,0.04,0.0,0.01,0.0,0.03,0.0,0.0,0.0,0.0,0.0,0.15,0.83,0.02,0.0,7,1
1725,0.06700879971051907,0.22595015906599727,5.0689470694509176,0.7723737500980309,0.6922962592174771,2.105543162491463,11.19629390230499,2.956902709358658,244.4,42.05623940305735,25.2,75.98085883359644,0.5048107180836737,1.4468348325398754,0.4469128845294412,1.3531456861306002,1.6400794944074706,0.04126583822948374,0.4567584263795901,1.3961687025994072,0.16,0.0,0.78,0.03,0.0,0.03,0.0,0.0,0.0,0.0,0.0,0.0,0.0,0.0,0.0,0.1,0.89,0.01,0.0,3,1
1726,0.12637976598322667,0.3493760073921927,5.201894215453206,1.0806362331698078,0.6198633545635268,1.9034724959570435,10.515731791802297,3.6572476068351296,254.0,0.0,25.2,75.98085883359643,0.8462850407405825,2.0144202816021783,0.44899492185733564,1.360913452145518,1.6464095293781928,0.07422286711641804,0.415150004989062,1.2809492043966773,0.17,0.0,0.81,0.0,0.0,0.02,0.0,0.0,0.0,0.0,0.0,0.0,0.0,0.0,0.0,0.1,0.84,0.06,0.0,4,1
1727,0.04778423033445438,0.1489004297661101,5.029913831091228,0.8769897946462862,0.6647556050298481,2.0360046386489343,11.21927515436634,2.8406918725563606,246.32,37.813706028851016,25.2,75.98085883359644,0.4281540915976747,1.2826078316722584,0.4479809852405339,1.3584247926510458,1.6376414882310555,0.06737619172093877,0.44222474339079043,1.3558796701200477,0.08,0.0,0.88,0.0,0.0,0.02,0.0,0.01,0.0,0.01,0.0,0.0,0.0,0.0,0.0,0.1,0.9,0.0,0.0,2,1
1728,0.04551172255919322,0.16160084532927277,4.8787294149317,0.46284673430691625,0.48570373849504356,1.663256786558315,11.286054522886865,2.536347036818826,252.08,19.2,20.16,68.71030093476126,0.3794140415059612,1.278207456756066,0.3952181040866796,1.3508927667966881,1.620757556236301,0.0053210314853663464,0.31404320834372224,1.0717956780882083,0.07,0.0,0.92,0.01,0.0,0.0,0.0,0.0,0.0,0.0,0.0,0.0,0.0,0.0,0.0,0.08,0.92,0.0,0.0,2,1
1729,0.06802288235210117,0.21997283120295166,5.120026870582734,0.9801392866953891,1.0286502609324726,2.827105649315125,10.89426017589228,2.9599950529875683,248.24,32.91774873557093,33.36,85.15363655289079,0.5503446547339076,1.3969189747356787,0.5238085769816178,1.393887087940428,1.6379064876452292,0.060284313184182585,0.655706908182008,1.7105047217709666,0.09,0.0,0.83,0.0,0.0,0.08,0.0,0.0,0.0,0.0,0.0,0.0,0.0,0.02,0.0,0.12,0.86,0.0,0.0,2,1
1730,0.07549609888425948,0.22357163701685837,5.284268079303959,1.5758789156323232,0.906110166059588,2.4399435699926553,10.971894087890508,2.898409162304236,244.4,42.05623940305734,32.76,85.17541258538704,0.5075715014941269,1.3393187020553425,0.5606256433129548,1.490073875854978,1.655761401292589,0.10641654319574571,0.5530705133218451,1.4736166681663392,0.09,0.0,0.84,0.0,0.0,0.04,0.0,0.0,0.0,0.03,0.0,0.0,0.0,0.0,0.0,0.13,0.87,0.0,0.0,2,1
1731,0.09604496864698002,0.2895160824699513,5.1806612465048065,1.067680045256588,0.8620859834954621,2.542772020261861,10.752319627477597,3.043712283570323,238.64,52.35070547410382,27.72,79.24544150927548,0.6135433697086348,1.6166127969473691,0.46170029897041936,1.3347499992781948,1.6430371500907055,0.08029710102322991,0.5447780795421108,1.603617002720643,0.09,0.0,0.84,0.01,0.0,0.02,0.0,0.01,0.0,0.03,0.0,0.0,0.0,0.0,0.0,0.11,0.87,0.02,0.0,2,1
1732,0.0883917722287878,0.28137539128043193,5.140945800045505,1.0191207546172092,0.7232499961249992,2.120694124050885,10.94801260706874,3.232897542973079,250.16,27.01541647416762,27.72,79.24544150927548,0.6226731581111014,1.6485811601139768,0.5072111800850463,1.4707110024890147,1.6436828174690283,0.07224763904121766,0.47959710184631843,1.4054686083935974,0.08,0.0,0.86,0.0,0.0,0.05,0.0,0.0,0.0,0.01,0.0,0.0,0.0,0.0,0.0,0.11,0.87,0.02,0.0,2,1
1733,0.08631626726615842,0.23777646836376307,5.28202688143349,1.3046732913883634,0.9656789633972448,2.4686081946614506,10.715835600551996,3.2409649212002023,244.4,42.05623940305733,35.28,87.88124218098379,0.6469172091609559,1.5640971369285668,0.6299841127490685,1.589792179996528,1.6565605075406964,0.10071414990437896,0.6401614414833555,1.6433140831892021,0.12,0.0,0.8,0.0,0.0,0.08,0.0,0.0,0.0,0.0,0.0,0.0,0.0,0.0,0.0,0.14,0.86,0.0,0.0,2,1
1734,0.06240180719282577,0.2541619839632682,5.057055670142924,0.9137246329795355,0.3629406964278935,1.452788463677803,11.260111842718558,2.6399153736235035,252.08,19.2,15.12,60.1481806571374,0.447073211010531,1.5674645534082123,0.3304549885280958,1.3845060890107612,1.6430967483796823,0.08260381796980074,0.23577079932619413,0.9400114329124172,0.1,0.0,0.89,0.0,0.0,0.0,0.0,0.0,0.0,0.01,0.0,0.0,0.0,0.0,0.0,0.06,0.92,0.02,0.0,2,1
1735,0.043604351606724656,0.18074216672436735,4.928597470176291,0.6309489948734969,0.5776449025260061,2.2732851137661942,11.369155564233852,2.2401764472046963,248.24,32.91774873557093,17.64,64.62096479401318,0.42414500254910387,1.5468549720132212,0.28468766657891714,1.0846849819964697,1.6278723796341321,0.046916393676167976,0.36125304653901963,1.3871682364007953,0.04,0.0,0.91,0.0,0.02,0.03,0.0,0.0,0.0,0.0,0.0,0.0,0.0,0.0,0.0,0.07,0.92,0.01,0.0,2,1
1736,0.09489876010713343,0.2244096252934534,5.176628325034984,1.1256156150234016,1.225361843370741,2.8087934993759323,10.506601207194699,3.3081222483725496,240.56,49.23502079543863,42.84,95.13634235329648,0.7476435582347374,1.6534582841315464,0.7487422917864005,1.6780512475253742,1.6363106891019183,0.06938908927755887,0.7834989478010352,1.7903587753223127,0.09,0.0,0.83,0.01,0.01,0.03,0.0,0.0,0.0,0.03,0.0,0.0,0.0,0.0,0.0,0.17,0.83,0.0,0.0,2,1
1737,0.0898530870048212,0.21496847805335184,5.220861005789162,1.2612846095166554,1.1575258470867176,2.6647000926534066,10.674803051620763,3.3533895843896535,246.32,37.813706028851016,42.84,95.13634235329648,0.7127854886969323,1.5955158642700114,0.7596239632852607,1.6999529948629906,1.6409788189757888,0.07676863003660911,0.7403538721713652,1.6840067204319509,0.18,0.0,0.78,0.0,0.0,0.02,0.0,0.01,0.0,0.01,0.0,0.0,0.0,0.0,0.0,0.17,0.83,0.0,0.0,2,1
1738,0.07452441508451743,0.21352891965783585,5.195266102141004,1.4524129485191268,0.8004158010867076,2.1972377328417103,11.011968384013677,2.9009013565938386,248.24,32.91774873557094,30.24,82.30285535751479,0.5005523980015121,1.3678404307107885,0.5551419514003838,1.5148589342070045,1.6466460261411393,0.09253943751359907,0.48958919052342337,1.3354577290847922,0.12,0.0,0.85,0.0,0.0,0.0,0.0,0.0,0.0,0.03,0.0,0.0,0.0,0.0,0.0,0.12,0.88,0.0,0.0,4,1
1739,0.0811744638310958,0.22911107902609926,5.039448780797278,0.7792863496952388,0.8694900312721207,2.333498303195094,10.871101185697796,3.2998225521574214,248.24,32.91774873557094,32.76,85.17541258538704,0.6806252694065694,1.7547526409987202,0.6092732392532866,1.601602415430343,1.6330248565571444,0.046836686177330354,0.5888305143187016,1.5751667019565467,0.09,0.0,0.85,0.0,0.01,0.05,0.0,0.0,0.0,0.0,0.0,0.0,0.0,0.0,0.0,0.13,0.87,0.0,0.0,2,1
1740,0.16408461931888912,0.3386509226855932,5.548476164130664,1.5915547512252854,1.507227938166677,2.8654082011928854,9.841460672002645,4.09456573023033,244.4,42.05623940305734,57.96,106.58405133977597,1.1322280560545586,2.0776160983573098,1.0748683177039298,2.071914621576713,1.671303280496912,0.11949389482835356,0.9935746596368442,1.875663863407223,0.22,0.0,0.71,0.0,0.0,0.05,0.0,0.01,0.0,0.01,0.0,0.0,0.0,0.01,0.0,0.22,0.77,0.0,0.0,3,1
1741,0.20634850057842147,0.459286652202556,5.466465307081122,1.5881301194149027,1.0489821861065673,2.735292392614833,10.15756090912372,4.152107591228593,240.56,49.235020795438615,35.28,87.88124218098379,1.074913869058368,2.2245231610568306,0.5987496310545134,1.5785280742418213,1.6525574146076492,0.09201337425589665,0.6704651785313849,1.7273654448445526,0.08,0.0,0.83,0.0,0.0,0.04,0.0,0.02,0.0,0.03,0.0,0.0,0.0,0.01,0.0,0.13,0.83,0.03,0.0,2,1
1742,0.13582926392241704,0.29178900588184536,5.278954756708507,1.1887743181991917,1.4514264400493553,3.004168141729836,10.223259372423989,3.866391190865557,240.56,49.235020795438615,50.4,101.30781177812857,1.0094310823664747,1.9931770160627995,0.9535534197763595,1.9458734760681446,1.6444179483332002,0.07445617325913631,0.9744840186605888,2.0149112263630706,0.18,0.0,0.71,0.0,0.02,0.09,0.0,0.0,0.0,0.0,0.0,0.0,0.0,0.0,0.0,0.2,0.79,0.01,0.0,2,1
1743,0.07379971302896382,0.2062911109599578,5.160994467264544,1.1614356560541759,0.8631226097412071,2.2779267967376846,10.705062029124855,3.128112604973774,248.24,32.91774873557093,28.92,79.27113426255946,0.6091690593886696,1.4486630524025708,0.48166561819615866,1.3811777409145558,1.6398123048299573,0.06793244094460704,0.5979426992386107,1.5847971942603925,0.09,0.0,0.86,0.0,0.0,0.04,0.0,0.0,0.0,0.01,0.0,0.0,0.0,0.02,0.0,0.11,0.87,0.0,0.0,4,1
1744,0.018137975836007417,0.09407696033990061,4.850753999025887,0.549813227584366,0.29468660495503607,1.4942768763071583,11.749089888012717,1.7681373834297958,250.16,27.015416474167623,10.08,49.63048916286696,0.17143812890496296,0.821264184123906,0.16104094141001696,0.8192139831497821,1.626859462145325,0.03511195792340358,0.19099249169007926,0.9758668883682187,0.03,0.0,0.95,0.0,0.0,0.01,0.0,0.0,0.0,0.01,0.0,0.0,0.0,0.0,0.0,0.04,0.96,0.0,0.0,2,1
1745,0.11196827147708026,0.2751357661590555,5.497655808054046,1.7936131169413638,1.3370731853593565,3.0295525008047854,10.533804027181956,3.3112815101920714,242.48,45.82718526258087,45.36,97.30297575567302,0.7172016758949171,1.5776808109501788,0.7869261020580006,1.7400326506670212,1.6656211076407361,0.1269062356685969,0.8211409161904573,1.8358184979886814,0.13,0.0,0.79,0.01,0.01,0.06,0.0,0.0,0.0,0.0,0.0,0.0,0.0,0.0,0.0,0.18,0.82,0.0,0.0,2,1
1746,0.05000824135375196,0.2017496191854961,4.974706647976939,0.8016930187945882,0.580964789093926,2.0306952348681877,11.227765022931397,2.4715216583592254,250.16,27.015416474167612,20.16,68.71030093476125,0.3725824628637374,1.2825612225951823,0.3734506915257262,1.3151931832255739,1.633060781721171,0.04892476327964323,0.37459715657669235,1.303904211713475,0.1,0.0,0.88,0.0,0.0,0.01,0.0,0.0,0.0,0.01,0.0,0.0,0.0,0.0,0.0,0.08,0.92,0.0,0.0,2,1
1747,0.05739069682154451,0.20073116196008559,5.011781467043767,0.935456575693998,0.7155936769292316,2.0616915823228865,11.319355568170483,2.9312764779187,250.16,27.015416474167612,25.8,76.01674456687458,0.476865807387801,1.3637315209616339,0.5047449343221895,1.4625105653919501,1.6305669828542535,0.04825262091513727,0.4756876914823324,1.3758116284547355,0.1,0.0,0.87,0.0,0.01,0.02,0.0,0.0,0.0,0.0,0.0,0.0,0.0,0.01,0.0,0.1,0.89,0.0,0.0,3,1
1748,0.024121108777158794,0.13022764011053967,4.847026892835061,0.5399046972244752,0.3098902023987486,1.57282182651964,11.936583223576303,1.8129311446463698,252.08,19.2,10.08,49.63048916286696,0.17435082419202474,0.8392823964180279,0.1689172028323705,0.8353059664729623,1.6239832872049158,0.024155717007981487,0.19455007919372413,0.9840870052769376,0.02,0.0,0.95,0.01,0.0,0.01,0.0,0.01,0.0,0.0,0.0,0.0,0.0,0.0,0.0,0.04,0.96,0.0,0.0,2,1
1749,0.03328881788901479,0.12728521678524565,5.0262672508792114,0.9450115386264374,0.6064480398400124,2.1259221802274104,11.456319809438732,2.2873606551525656,246.32,37.813706028851016,20.16,68.71030093476125,0.2943078147291806,0.9950473976124543,0.3029640270145633,1.047447733858133,1.6399033494828266,0.06176807559444366,0.3939786159740919,1.3787074534717825,0.1,0.0,0.84,0.0,0.0,0.05,0.0,0.0,0.0,0.01,0.0,0.0,0.0,0.0,0.0,0.08,0.92,0.0,0.0,2,1
1750,0.010455346596927127,0.05290353522926761,4.837842369396808,0.4435147837283558,0.32173701782414055,1.6044999609559545,11.582061106599852,1.6268494956136983,248.24,32.91774873557094,10.08,49.63048916286696,0.1533013950416809,0.7195476687775392,0.1385662834024022,0.6890666219250084,1.6265728763496168,0.031165981395367633,0.22840049834968668,1.1463055973107767,0.03,0.0,0.95,0.0,0.0,0.02,0.0,0.0,0.0,0.0,0.0,0.0,0.0,0.0,0.0,0.04,0.96,0.0,0.0,2,1
1751,0.043030536707113834,0.16087266088241378,5.019621679229744,1.104937433017738,0.5710928755620583,2.004949043455679,11.460943592875198,2.3577626634879496,248.24,32.91774873557093,20.16,68.71030093476125,0.31376310409433594,1.0566993195125358,0.3329278298884975,1.1465617762148597,1.6348489503072623,0.07054732900787859,0.3495781397636753,1.2236876582977605,0.05,0.0,0.91,0.0,0.0,0.01,0.0,0.0,0.0,0.03,0.0,0.0,0.0,0.0,0.0,0.08,0.92,0.0,0.0,2,1
1752,0.03457089822469373,0.15536963416166272,4.971162005948384,1.105030558187666,0.4951806671126059,2.2140453117348344,11.604913590304532,1.7195171408152734,244.4,42.05623940305734,12.6,55.19881421651275,0.1816098903403116,0.7802352366816051,0.16871551327614434,0.7514381390516025,1.6309903649753243,0.06529916063230176,0.289855010766323,1.3044697020569105,0.01,0.0,0.95,0.0,0.0,0.01,0.0,0.01,0.0,0.02,0.0,0.0,0.0,0.0,0.0,0.05,0.95,0.0,0.0,2,1
1753,0.024524019692998045,0.1152656347533747,4.9006169487463955,0.7731265061206402,0.3280552015096313,1.4789998927475179,11.47278263861237,1.8457376138094708,249.3170731707317,29.985362282612364,12.292682926829269,54.95736706868289,0.20403577684232788,0.88024026826409,0.20811188509854217,0.9304732880347731,1.6301482577873767,0.05313584513504464,0.20259688195367279,0.9090668432594873,0.024390243902439025,0.0,0.9512195121951219,0.0,0.0,0.0,0.0,0.0,0.0,0.024390243902439025,0.0,0.0,0.0,0.0,0.0,0.04878048780487805,0.9512195121951219,0.0,0.0,2,1
