window_id,dur_mean,dur_std,sbytes_mean,sbytes_std,dbytes_mean,dbytes_std,rate_mean,rate_std,sttl_mean,sttl_std,dttl_mean,dttl_std,sinpkt_mean,sinpkt_std,dinpkt_mean,dinpkt_std,smean_mean,smean_std,dmean_mean,dmean_std,service_-_mean,service_dhcp_mean,service_dns_mean,service_ftp_mean,service_ftp-data_mean,service_http_mean,service_irc_mean,service_pop3_mean,service_radius_mean,service_smtp_mean,service_snmp_mean,service_ssh_mean,service_ssl_mean,state_CON_mean,state_ECO_mean,state_FIN_mean,state_INT_mean,state_REQ_mean,state_RST_mean,proto_nunique,window_attack
0,0.31784381749265433,0.38346798056676007,6.5716807125329195,1.1388468997147558,4.251369018869703,3.4099738734304528,5.920870436503229,4.0080422309938175,189.21,98.1731407033286,147.05,124.08846428938095,2.894243282809059,2.538445661961594,2.7864669764500594,2.4574460784189904,1.7435326838282654,0.1550760378648899,2.857311712242818,2.291274474047946,0.75,0.0,0.0,0.02,0.0,0.19,0.0,0.0,0.0,0.03,0.01,0.0,0.0,0.04,0.0,0.6,0.36,0.0,0.0,4,0
1,0.2723404993372314,0.5361341405592671,7.0099899389755125,0.9164838081220892,3.4283527191774748,4.077961695892318,8.423115274725593,3.9425078049953988,162.58,110.31023103369456,21.39,49.345390623214,1.5568401207882772,2.7342913731232734,1.4496347329558252,2.6215522753286113,1.8542539147516368,0.16436663654794156,2.2618423554668365,2.649988243358671,0.8,0.0,0.05,0.01,0.03,0.1,0.0,0.0,0.0,0.01,0.0,0.0,0.0,0.08,0.01,0.36,0.55,0.0,0.0,4,0
2,0.27011913999515225,0.511045086147424,6.097047259470468,1.2666315792422869,6.447498856257861,1.8522944712754152,6.474862939319287,2.489866069723862,31.0,0.0,29.0,0.0,1.5613397799747961,2.4426905953347675,1.4906401354019545,2.394986745264835,1.696387382045655,0.05879032159890656,4.773698223273155,0.7313158830955347,0.46,0.0,0.47,0.0,0.01,0.05,0.0,0.0,0.0,0.0,0.0,0.01,0.0,0.69,0.0,0.31,0.0,0.0,0.0,2,0
3,0.363758517378751,0.5345915541580684,6.504552300336509,1.2707453721293442,6.984389661775676,1.9123158803472662,5.836960432633054,2.8094546497501076,31.0,0.0,29.0,0.0,2.2711821809738093,2.8272234079593637,2.1700876883508413,2.7714375844738783,1.7047892819460961,0.06502248582862277,4.891290924202704,0.8444475915671605,0.41,0.0,0.33,0.0,0.02,0.23,0.0,0.0,0.0,0.01,0.0,0.0,0.0,0.42,0.0,0.58,0.0,0.0,0.0,2,0
4,0.6640229400611993,0.6258246807554056,7.218753546523685,0.7618261439734756,7.610471658391897,1.4543994884977216,4.008287030146534,2.882683570478867,31.0,0.0,29.0,0.0,4.08869967126202,3.0387934415177913,3.959000214266045,2.9707060708978204,1.7274748125689265,0.05694128686961102,4.88544374983809,0.8207639380468018,0.56,0.0,0.06,0.0,0.02,0.35,0.0,0.0,0.0,0.0,0.0,0.01,0.0,0.07,0.0,0.93,0.0,0.0,0.0,2,0
5,0.6740334817550666,0.5210876816602029,7.185943273792951,0.8357853547790693,7.616637948956098,1.3634035204800006,3.7213854225026073,2.5176732167325686,30.69,3.1,28.71,2.9,4.3542038606419915,2.5843467031991345,4.196939005174504,2.531195301764879,1.7230443217876132,0.06838851185827138,4.893924033616647,0.8317244050849066,0.52,0.0,0.05,0.02,0.06,0.33,0.0,0.0,0.0,0.01,0.0,0.01,0.0,0.06,0.0,0.94,0.0,0.0,0.0,3,0
6,0.6007260616149004,0.39682272510714367,7.2316398736229255,0.735305631479248,7.794312685782958,1.3968654984356836,3.6362926058606524,1.6174486928287046,31.0,0.0,29.0,0.0,4.1227561844626415,1.793840672947819,3.984473137965564,1.7510264087726233,1.7086716754979152,0.042425453405092795,4.968323554478633,0.808923381117771,0.82,0.0,0.07,0.01,0.0,0.1,0.0,0.0,0.0,0.0,0.0,0.0,0.0,0.11,0.0,0.89,0.0,0.0,0.0,2,0
7,0.7176605429569243,0.3654979811996488,7.500677662181224,0.8979937339113796,7.75885297677554,1.7111727630798943,3.3740184668682365,1.7609293716085872,30.4,4.22115882408869,28.42,4.080453529952401,4.513780297293531,1.7196648062287205,4.227913900955583,1.6700135137994445,1.7222405796505535,0.07915573359101206,4.816719860847961,1.0445011633409518,0.85,0.0,0.03,0.01,0.01,0.05,0.0,0.0,0.0,0.04,0.0,0.01,0.0,0.06,0.0,0.92,0.0,0.02,0.0,3,0
8,0.7173253043600454,0.2992195987610871,7.470813009326974,0.5277023717045137,8.101861268444942,1.4103106298287131,3.2651935693032716,1.1899910483081404,31.0,0.0,29.0,0.0,4.520198310211566,1.192290673582186,4.405711489855397,1.2023704337762944,1.7067820001681875,0.047082847202583065,5.026291093111003,0.8966065008641606,0.92,0.0,0.01,0.01,0.02,0.02,0.0,0.0,0.0,0.0,0.0,0.02,0.0,0.03,0.0,0.97,0.0,0.0,0.0,2,0
9,0.5960057292702164,0.38253108267365066,7.288851819533179,0.9803516659123427,7.8507912504799435,1.9402844978446323,3.850651176768504,1.9229281067702018,30.38,4.36186411822498,28.42,4.0804535299524005,4.062801500982679,2.0185183510691953,3.733614862017289,1.7983877659238194,1.7076175774556572,0.0702507530474732,4.974850145412628,1.1817951781386125,0.81,0.0,0.06,0.02,0.04,0.06,0.0,0.0,0.0,0.01,0.0,0.0,0.0,0.09,0.0,0.89,0.02,0.0,0.0,3,0
10,0.6855742937362185,0.3773774062128231,7.426087575178227,0.7458786339974992,8.292864822718146,1.661517266686606,3.6935983769862806,1.8581544175293896,31.0,0.0,29.0,0.0,4.166952199184137,1.7500219418802887,4.038335684297092,1.7226989057992077,1.7030873583303292,0.053057694144374744,5.232086913165082,0.9949383051122469,0.89,0.0,0.04,0.0,0.03,0.02,0.0,0.0,0.0,0.0,0.0,0.02,0.0,0.08,0.0,0.92,0.0,0.0,0.0,2,0
11,0.706330734715184,0.47474618344262454,7.491302450229494,0.8744474386758951,8.21856156447617,1.6373809066662568,3.7711719736628333,2.1519547905563217,31.0,0.0,29.0,0.0,4.1263660304477865,2.029841499488177,4.014622660713247,2.0238217671056433,1.7096605213741458,0.06356767780526697,5.150922125274368,0.9471764967282328,0.86,0.0,0.05,0.0,0.0,0.04,0.0,0.0,0.0,0.02,0.0,0.03,0.0,0.09,0.0,0.91,0.0,0.0,0.0,2,0
12,0.5484901400888673,0.4585944066511084,7.5141994950061015,1.0834925809320863,8.507047491966349,1.9952698098131478,4.552291088690621,2.0042309309665303,31.0,0.0,29.0,0.0,3.3299361433759516,1.8991251120920154,3.2027223068312374,1.8555175447588237,1.6957604164070494,0.06699233489256279,5.3224857832530805,1.0012546496597685,0.79,0.0,0.08,0.0,0.01,0.08,0.0,0.0,0.0,0.02,0.0,0.02,0.0,0.1,0.0,0.9,0.0,0.0,0.0,2,0
13,0.5409467018515739,0.5086231273409596,7.482023347201999,1.0242624018453312,8.056611820174764,1.7455194120480362,4.662889634201868,2.347218312229264,31.0,0.0,29.0,0.0,3.2943443238235823,2.207928530755769,3.190061755223304,2.1822048629409263,1.7182491515576066,0.07614508074054108,5.044315234928625,0.9248380008518413,0.79,0.0,0.07,0.0,0.01,0.09,0.0,0.0,0.0,0.03,0.0,0.01,0.0,0.09,0.0,0.91,0.0,0.0,0.0,2,0
14,0.3923996705384327,0.5365327577036233,7.399698780019422,1.0579864925198925,8.193374982821624,1.7701648839933435,5.507488185986957,2.317195057077933,31.0,0.0,29.0,0.0,2.5003296800743713,2.2139277280996095,2.397833390197488,2.1904315823896265,1.7056536176448776,0.06778436153551064,5.182913038718349,0.9662389154871406,0.74,0.0,0.1,0.01,0.01,0.11,0.0,0.0,0.0,0.02,0.0,0.01,0.0,0.1,0.0,0.9,0.0,0.0,0.0,2,0
15,0.5206033570000322,0.5985394654135009,7.466540971262938,0.9828085816855128,8.28276290588844,1.7180990215525114,5.166332187063498,2.765440996997039,31.0,0.0,29.0,0.0,2.9120362160759856,2.6016243684117115,2.8335489082734773,2.5909474649634983,1.7099433472183534,0.07477872045250604,5.256806371639615,0.9606908617935669,0.78,0.0,0.07,0.0,0.0,0.12,0.0,0.0,0.0,0.03,0.0,0.0,0.0,0.1,0.0,0.9,0.0,0.0,0.0,2,0
16,0.5111311589353709,0.6044872099445947,7.510749418494958,1.2093394835582658,8.171612925028203,1.6519021214479392,5.300680084590697,2.9188186649312673,30.69,3.0999999999999996,28.71,2.9,2.87602021611428,2.7934985459540895,2.784810048585385,2.7470622010119894,1.7192951116168793,0.09369667346811539,5.166570742061156,0.896997532449229,0.7,0.0,0.08,0.0,0.0,0.15,0.0,0.0,0.0,0.06,0.0,0.01,0.0,0.13,0.0,0.87,0.0,0.0,0.0,3,0
17,0.3563917036262653,0.5276502002237289,7.410919650975545,1.4932345167741967,8.167905585444709,2.2012747307591503,6.191731180629626,2.4214610711111826,31.0,0.0,29.0,0.0,1.9607489920924959,2.1989490649696215,1.8853550261400986,2.1517897059437625,1.7099489202112421,0.09828846101635196,5.226218065557447,1.001313512364657,0.6,0.0,0.17,0.01,0.03,0.11,0.0,0.0,0.0,0.05,0.0,0.03,0.0,0.24,0.0,0.76,0.0,0.0,0.0,2,0
18,0.06738003866298725,0.18872171676769778,7.1449785209762595,1.3766946674610328,7.569585113623425,1.8232609360761025,7.520367145703245,1.125520001544502,31.0,0.0,29.0,0.0,0.7909711544639751,0.9013993597296309,0.7372239189463212,0.87324866520439,1.7156660231131329,0.08741946043088206,4.920641030247662,0.8334109988862786,0.62,0.0,0.19,0.01,0.03,0.09,0.0,0.0,0.0,0.04,0.0,0.02,0.0,0.23,0.0,0.77,0.0,0.0,0.0,2,0
19,0.041929242899583864,0.10793468972090607,7.12589370954238,0.9766022062049489,7.73753072485597,1.6650469371463674,7.641047762384339,0.9284321605250524,31.0,0.0,29.0,0.0,0.7213128588030006,0.7667266726433462,0.6487596435951261,0.7141604995343289,1.7036666479800733,0.040194035919776466,4.975133302924914,0.8716404283450759,0.71,0.0,0.14,0.0,0.0,0.13,0.0,0.0,0.0,0.0,0.0,0.02,0.0,0.14,0.0,0.86,0.0,0.0,0.0,2,0
20,0.03569910451356302,0.10289863006413169,7.115807330957818,1.015075473195826,7.675974975279335,1.628476921600977,7.692755004503266,0.9883646292632458,31.0,0.0,29.0,0.0,0.7038614558306824,0.8306365571818224,0.6299544377298703,0.7596156667171681,1.7083542145610289,0.05238501334549299,4.959407510825623,0.8537941733020601,0.7,0.0,0.14,0.0,0.0,0.14,0.0,0.0,0.0,0.01,0.0,0.01,0.0,0.15,0.0,0.85,0.0,0.0,0.0,2,0
21,0.050213204461767295,0.11729354676025362,7.150259478020436,1.3304028856818964,7.507453824767567,1.6036481929503725,7.553741867064085,1.0206732777241643,31.0,0.0,29.0,0.0,0.7473213991904233,0.8000310380084208,0.696971766923124,0.8020558174018401,1.7210926005050635,0.08822150517936832,4.881068874671165,0.7967172550685339,0.63,0.0,0.18,0.01,0.03,0.08,0.0,0.0,0.0,0.05,0.0,0.02,0.0,0.2,0.0,0.8,0.0,0.0,0.0,2,0
22,0.038545560483780376,0.09399787939301946,7.095632721240229,1.146097252733278,7.641529315252358,1.7816707164236374,7.6867426635038285,0.8970652834438391,31.0,0.0,29.0,0.0,0.6873216341540394,0.697976728805832,0.621459557455135,0.6643783947099833,1.7087642239200738,0.06741425497621518,4.978529164442452,0.8774786787053521,0.68,0.0,0.15,0.01,0.03,0.1,0.0,0.0,0.0,0.01,0.0,0.02,0.0,0.22,0.0,0.78,0.0,0.0,0.0,2,0
23,0.06653882412307477,0.1492079805436826,7.225309088207897,1.2118271386522106,7.813353101740969,1.7413267765481226,7.534487104659513,1.3630021168192814,31.0,0.0,29.0,0.0,0.8561547587375157,1.1216420818657795,0.7793480246134818,1.0424196887655754,1.7187460916346824,0.07398473939708701,5.073640878228078,0.8797687256241672,0.62,0.0,0.15,0.0,0.0,0.15,0.0,0.0,0.0,0.03,0.0,0.05,0.0,0.19,0.0,0.81,0.0,0.0,0.0,2,0
24,0.04110712574003346,0.1167115130177989,7.13679525620969,0.9369397479688362,7.65460857475162,1.5774224794759268,7.628743095409714,1.0109126064132645,31.0,0.0,29.0,0.0,0.7543049138957381,0.8580782313511448,0.6735601820514183,0.7833965014763753,1.7124007425556615,0.051550073391190734,4.9416797073688805,0.8425222109006643,0.76,0.0,0.11,0.0,0.0,0.11,0.0,0.0,0.0,0.01,0.0,0.01,0.0,0.16,0.0,0.84,0.0,0.0,0.0,2,0
25,0.037007723243274414,0.08583959392360269,7.154260380035213,1.2017596957933885,7.732738485631035,1.8251160954301522,7.70109515360623,0.8949420761551338,31.0,0.0,29.0,0.0,0.6627586544119305,0.7096892642480451,0.6058881428438967,0.6698668479797669,1.706351688745783,0.06789871607495225,5.006721770486636,0.8819844745845424,0.7,0.0,0.17,0.0,0.0,0.1,0.0,0.0,0.0,0.02,0.0,0.01,0.0,0.2,0.0,0.8,0.0,0.0,0.0,2,0
26,0.05795156592395803,0.14223572054917522,6.984889401433769,1.3274926981794881,7.556424880481209,1.881001151934058,7.519455674234734,1.2316495700368653,31.0,0.0,29.0,0.0,0.7790260731108191,1.0450693618952454,0.7283006488014044,0.9846032878305722,1.7119109280004716,0.07912581057079036,5.025000274731192,0.8959479908310525,0.59,0.0,0.22,0.01,0.03,0.11,0.0,0.0,0.0,0.03,0.0,0.01,0.0,0.26,0.0,0.74,0.0,0.0,0.0,2,0
27,0.07561786213083223,0.22989095339767515,7.415844991235113,1.212815790564185,7.955034779174264,1.8057669568110346,7.60909867604134,1.153327827996414,31.0,0.0,29.0,0.0,0.8051231614590774,0.8732175074378139,0.7403516630492684,0.8083186062693308,1.7189969884422194,0.08853418323829343,5.041304706895803,0.8942429967302671,0.7,0.0,0.1,0.01,0.03,0.1,0.0,0.0,0.0,0.04,0.0,0.02,0.0,0.14,0.0,0.86,0.0,0.0,0.0,2,0
28,0.047285418509468685,0.1184982970989478,6.992775907436086,1.2684847454120334,7.315823420809866,1.8204099818365012,7.559591676242262,1.1775404258072257,31.32,3.1999999999999997,28.71,2.9,0.7722956775946401,0.926387349355776,0.701931326806313,0.8745657895884372,1.7217964307167315,0.07618241878182941,4.830145210768362,0.948815710674843,0.63,0.0,0.19,0.0,0.0,0.14,0.0,0.0,0.0,0.04,0.0,0.0,0.0,0.25,0.01,0.74,0.0,0.0,0.0,3,0
29,0.06548787930609101,0.14189620095606303,7.10812232085789,1.111395884577691,7.646288713400331,1.7161205869338378,7.404507900388455,1.3924359082326754,31.0,0.0,29.0,0.0,0.9277620825247337,1.1644353275450645,0.8438497161636446,1.0671407468538057,1.7114085480685168,0.06100703892723202,4.980375019481828,0.8543082599540216,0.67,0.0,0.15,0.01,0.01,0.13,0.0,0.0,0.0,0.01,0.0,0.02,0.0,0.21,0.0,0.79,0.0,0.0,0.0,2,0
30,0.07187131759328164,0.2028930826882124,7.181668601851426,1.130607724865466,8.014060612169198,1.8623559970844132,7.49270465532332,1.4028252860037151,31.0,0.0,29.0,0.0,0.8926164902972228,1.3120084363533118,0.8219981494424253,1.2654497967050156,1.7007708783060664,0.06714221201992288,5.211809267906924,0.9581026388817545,0.68,0.0,0.15,0.0,0.03,0.11,0.0,0.0,0.0,0.01,0.0,0.02,0.0,0.18,0.0,0.82,0.0,0.0,0.0,2,0
31,0.06677676920274253,0.1943477441003733,7.131251453287741,1.111035128695556,7.631320317485501,1.8401009264266526,7.467947641509529,1.3159779990222416,31.0,0.0,29.0,0.0,0.8975555305771644,1.233456007335496,0.8172955702357187,1.198636476478253,1.7149291665144342,0.06364879712944073,4.958933474961689,0.8714735582641453,0.71,0.0,0.13,0.0,0.01,0.12,0.0,0.0,0.0,0.01,0.0,0.02,0.0,0.24,0.0,0.76,0.0,0.0,0.0,2,0
32,0.0568293075125606,0.1206829315979891,7.129238811474104,1.2786568593745176,7.663255330425899,1.8774161455804057,7.449924730079542,1.1341172462042508,31.0,0.0,29.0,0.0,0.8372451104593673,0.9132663516004823,0.7735039267775611,0.8912043344112843,1.710990910173644,0.07766918420611933,4.991263928832051,0.886808398313086,0.67,0.0,0.18,0.01,0.03,0.08,0.0,0.0,0.0,0.02,0.0,0.01,0.0,0.23,0.0,0.77,0.0,0.0,0.0,2,0
33,0.05207666384974216,0.13349546890914157,7.078540006817138,1.2181833727828781,7.8193067167611785,2.1680710132944707,7.444482157307321,1.5640532549169646,30.38,4.36186411822498,28.42,4.0804535299524,0.9682364798369001,1.735068100461223,0.6861458782352495,0.9026377180262443,1.6954621322641816,0.06917455505526908,5.105767819492524,1.1949557975301934,0.66,0.0,0.16,0.02,0.03,0.11,0.0,0.0,0.0,0.01,0.0,0.01,0.0,0.18,0.0,0.8,0.02,0.0,0.0,3,0
34,0.07084518938348594,0.16430571697821347,7.17981817757119,1.282328882404528,7.771480270710913,1.8874868732002692,7.424690333886201,1.3584338789440074,31.0,0.0,29.0,0.0,0.8960639394401081,1.115462792268453,0.8336414843734603,1.0729268384843826,1.7141811540615723,0.08236232628671233,5.07229239161195,0.9081119224165899,0.6,0.0,0.17,0.01,0.02,0.15,0.0,0.0,0.0,0.03,0.0,0.02,0.0,0.21,0.0,0.79,0.0,0.0,0.0,2,0
35,0.08769830403209095,0.20097025024039347,6.971756651513655,1.2023089259328352,7.49168303184609,1.7329025374298594,7.192352438069865,1.595828509092973,30.69,3.1,28.71,2.9,1.0968111172637844,1.4713962845912691,1.0201119523281397,1.4210599768904486,1.710570137595627,0.07246576155061814,4.966586451797472,0.8621181539999071,0.63,0.0,0.19,0.01,0.02,0.12,0.0,0.0,0.0,0.02,0.0,0.01,0.0,0.24,0.0,0.76,0.0,0.0,0.0,3,0
36,0.153815976505036,0.23984955883664202,7.31147532110782,1.4580123452955833,8.012332081681645,2.1221293197273208,6.798061670170902,1.7850365405064423,30.69,3.0999999999999996,28.71,2.9,1.4060177066351052,1.6132961085564743,1.334662116832345,1.5802112819273086,1.70804060942916,0.09506431594890832,5.144442862210234,0.9863410920059236,0.61,0.0,0.18,0.01,0.03,0.1,0.0,0.0,0.0,0.05,0.0,0.02,0.0,0.2,0.0,0.8,0.0,0.0,0.0,3,0
37,0.11901304377642649,0.19267398196696423,7.192328979218115,1.4596979261706946,7.829642141530695,2.21557901719414,6.995673002616943,1.6653565671153154,31.32,3.2,28.71,2.9,1.1846461887267503,1.4042406483288261,1.0635779368798872,1.2181970412364889,1.7032086045985295,0.08689591401090825,5.11019660652274,1.0683531296607491,0.59,0.0,0.23,0.01,0.02,0.06,0.0,0.0,0.0,0.04,0.0,0.05,0.0,0.27,0.0,0.72,0.01,0.0,0.0,2,0
38,0.1453155525366931,0.22087557754447135,7.204051660564806,1.555221888397924,7.868258372751679,2.064942904639085,6.898659895175123,1.7888510645870632,31.0,0.0,29.0,0.0,1.2998708216819095,1.523379879266115,1.2293087866684416,1.4540942432426727,1.727874925264465,0.110724937195008,5.249874400790316,0.9812323037711373,0.5,0.0,0.21,0.01,0.03,0.17,0.0,0.0,0.0,0.08,0.0,0.0,0.0,0.29,0.0,0.71,0.0,0.0,0.0,2,0
39,0.10918743503069293,0.18473002805675776,7.208863361307205,1.2064342024575203,7.833412101462265,1.9261178366890286,6.970957361636025,1.63562915233599,31.0,0.0,29.0,0.0,1.2573376854271634,1.3295636061147371,1.1654689036994652,1.249076823631022,1.7119883164792933,0.0745288842639755,5.100374708901916,0.8863410771851106,0.75,0.0,0.13,0.0,0.01,0.08,0.0,0.0,0.0,0.02,0.0,0.01,0.0,0.26,0.0,0.74,0.0,0.0,0.0,2,0
40,0.16264452835959337,0.27860555494066674,7.0990560220404415,1.2971890505648298,7.730286650631773,2.4023775679571027,6.579125545606065,1.934398710763257,30.4,4.221158824088691,28.42,4.080453529952401,1.5756873424478528,1.8175306046771789,1.30556089161607,1.3918160698624311,1.700689640604544,0.0695909903262852,5.058084971103121,1.21006421855481,0.65,0.0,0.18,0.01,0.02,0.12,0.0,0.0,0.0,0.01,0.0,0.01,0.0,0.26,0.0,0.72,0.0,0.02,0.0,3,0
41,0.17465168369181394,0.26738051444215577,7.36495112615799,1.3240009604603324,7.9882345020590435,2.38109224215619,6.6863437762673446,1.8014123673956353,31.32,3.1999999999999997,28.71,2.9,1.5047282402362396,1.5021096230613145,1.3161998103840102,1.322991380418826,1.7180837598444905,0.0769666680347971,5.11489938003671,1.0940737513209227,0.69,0.0,0.13,0.0,0.0,0.14,0.0,0.0,0.0,0.02,0.0,0.02,0.0,0.25,0.0,0.74,0.01,0.0,0.0,2,0
42,0.1911802106757693,0.34751600922467096,7.410273729931083,1.5286526971047825,8.22697131327965,2.67697712536221,6.861449705226439,1.854186650956491,30.4,4.221158824088691,28.42,4.0804535299524005,1.3878195050362812,1.6905842211671072,1.1381592954887372,1.2046127471741692,1.7015623776627655,0.09747690923912032,5.270710508329743,1.2702661910161683,0.62,0.0,0.16,0.01,0.07,0.08,0.0,0.0,0.0,0.03,0.0,0.03,0.0,0.23,0.0,0.75,0.0,0.02,0.0,3,0
43,0.12757664135219415,0.22586799507774763,7.068546826258448,1.3036214242771582,7.861406762149403,2.115469017146341,7.0376010362121075,1.7498418754828635,31.0,0.0,29.0,0.0,1.2215674568839932,1.4495541234886895,1.1509932374608491,1.3701545845263317,1.7005688312594824,0.07378463725318682,5.190926435013632,0.9770777465426996,0.56,0.0,0.19,0.03,0.06,0.13,0.0,0.0,0.0,0.0,0.0,0.03,0.0,0.28,0.0,0.72,0.0,0.0,0.0,2,0
44,0.13831025730781377,0.22509229599581698,7.131242090956681,1.3293588199208428,7.947133363189547,2.142245819250998,7.019554488938045,1.8906633269601987,31.32,3.1999999999999997,28.71,2.9,1.2679406306123417,1.5902449616950693,1.1177494165187272,1.3714511001250684,1.698064469597136,0.07649470492525344,5.230165015963843,1.0641984804057094,0.61,0.0,0.2,0.01,0.05,0.09,0.0,0.0,0.0,0.01,0.0,0.03,0.0,0.26,0.0,0.73,0.01,0.0,0.0,2,0
45,0.12439590676553972,0.21711375968867994,7.503345356894312,1.3169849112679715,8.335852962493028,2.1368856509466356,6.996780679477547,1.503694462047017,31.0,0.0,29.0,0.0,1.2342851315195318,1.1891850607969496,1.1747434045171112,1.1785153415855403,1.7126084214215727,0.09839014878675442,5.3222149491733965,1.0141563917719114,0.68,0.0,0.09,0.0,0.06,0.11,0.0,0.0,0.0,0.04,0.0,0.02,0.0,0.17,0.0,0.83,0.0,0.0,0.0,2,0
46,0.11915081285044367,0.21744166239287435,7.262015604379363,1.2756367927179033,7.972684621416858,2.121525947645605,6.9303914202370995,1.533476002509309,31.0,0.0,29.0,0.0,1.265174403013702,1.2326280122413213,1.2012864952844446,1.2058103295376703,1.7102739846008652,0.08695930715301771,5.163938767132269,0.9766207896782774,0.68,0.0,0.12,0.03,0.06,0.07,0.0,0.0,0.0,0.02,0.0,0.02,0.0,0.23,0.0,0.77,0.0,0.0,0.0,2,0
47,0.17555449568525397,0.2582869546322305,7.092132180517638,1.4744024168170489,7.823303788260887,2.474451988273775,6.554079099956865,1.8900421865780601,35.78,31.494293214017436,31.25,22.702456147992336,1.5478225604604692,1.6038419849309393,1.3885810009670818,1.4497194806982934,1.6925887783367803,0.08610489894875532,5.131652921569861,1.1481779763233677,0.55,0.0,0.21,0.05,0.09,0.06,0.0,0.0,0.0,0.01,0.0,0.03,0.0,0.3,0.0,0.68,0.01,0.0,0.01,2,0
48,0.17247299805078456,0.30513081038217177,7.5504239652687986,1.370932237427096,8.059290982573977,2.3703044902143002,6.754460137621861,2.0059045084513643,39.32,44.24378744267638,29.66,7.4416518205423845,1.5235175665657124,1.7437899542053015,1.1819108703410661,1.3023576477509087,1.7117196066285267,0.11118715880711326,5.125060444122262,1.233248378491052,0.66,0.0,0.07,0.02,0.06,0.09,0.0,0.0,0.0,0.05,0.0,0.05,0.0,0.17,0.0,0.77,0.0,0.02,0.04,3,0
49,0.11889597989912987,0.17379940529362453,7.424420332978331,1.4489914101673125,8.16311156163922,2.3959544321357105,6.901954104987087,1.5653779079444667,42.15,48.846569723342625,32.47,22.999541058223066,1.2581394935890509,1.2236005296839336,1.114593844581437,1.246425198552377,1.7031210966778856,0.11342767572697622,5.268366539486232,1.0973626980007793,0.65,0.0,0.12,0.02,0.1,0.05,0.0,0.0,0.0,0.03,0.0,0.03,0.0,0.2,0.0,0.76,0.0,0.0,0.04,2,0
50,0.10827591956370718,0.17024007391948906,7.279255307031333,1.4373688980834034,7.927219287201911,2.1832846742720076,6.997275918406832,1.6472537187514444,39.92,43.91904398142593,30.24,6.105337952574905,1.2111036722786452,1.2548804589628837,1.0594752124217635,1.2150512615880724,1.6969802518661419,0.1039797204710074,5.161974647898947,0.9988170185630263,0.6,0.0,0.16,0.03,0.08,0.05,0.0,0.0,0.0,0.03,0.0,0.05,0.0,0.21,0.0,0.75,0.0,0.0,0.04,2,0
51,0.111947687648088,0.21031662116373015,7.015873456759217,1.4745904699971402,7.818309400760361,2.476436165589485,7.116195245589121,1.7731764939459933,44.7,53.24130317372372,30.57,8.015458549426583,1.1369100638386511,1.467542380498906,0.8155429670809262,1.1559663917806007,1.6885958524284377,0.09231397999705934,5.24677965387374,1.170524264156534,0.59,0.0,0.21,0.01,0.06,0.08,0.0,0.0,0.0,0.03,0.0,0.02,0.0,0.27,0.0,0.66,0.01,0.0,0.06,2,0
52,0.137654426394613,0.22611173804914875,7.214537481642321,1.4061037210942635,7.9731092928978065,2.1730781919196698,6.927374007755479,1.8706568341717367,42.15,48.846569723342654,30.55,6.7903303202853,1.322063360089892,1.505525553740578,1.1100555071707132,1.3955910311232314,1.6944944507409279,0.09116599891169522,5.236891682961264,0.9981370979112759,0.56,0.0,0.16,0.03,0.04,0.13,0.0,0.0,0.0,0.03,0.0,0.05,0.0,0.21,0.0,0.74,0.0,0.0,0.05,2,0
53,0.15504099283214756,0.28596029042650706,7.051279823573037,1.6268585538178097,7.620403052502736,2.60472746677146,6.5962748220002565,2.2690770403664127,43.14,53.88727853472272,29.7,9.577435602877879,1.6832945322250985,2.3426962972273317,1.2627969471117415,1.8980013951205998,1.6967202066689573,0.11198982799617783,5.082406295403715,1.2822294462633252,0.54,0.0,0.19,0.02,0.07,0.12,0.0,0.0,0.0,0.03,0.0,0.03,0.0,0.27,0.0,0.65,0.02,0.0,0.06,3,0
54,0.16542448798680204,0.2944399942797928,7.274549671346854,1.4066211652799454,8.392358430489482,2.455848945953588,7.013319114371671,1.821675195167959,37.69,38.23259358350166,29.93,5.314844847930723,1.2669559701078295,1.512580882229992,1.0820496933559829,1.3689747334387838,1.6831407033490076,0.07768934630544691,5.4605176546852086,1.060118871861283,0.6,0.0,0.17,0.02,0.04,0.14,0.0,0.0,0.0,0.01,0.0,0.02,0.0,0.22,0.0,0.75,0.0,0.0,0.03,2,0
55,0.21182715216415787,0.3169637898670301,7.247286501260366,1.53453662840062,8.138228105430693,2.6769566596614625,6.509908158909618,1.881007969618597,42.47,48.8775949994401,30.26,7.444908774905619,1.6110198581083288,1.575949596484277,1.295666308789177,1.3993308889242275,1.6806129332893223,0.09056090058626093,5.2525380924347544,1.202013479178794,0.58,0.0,0.18,0.03,0.08,0.09,0.0,0.0,0.0,0.02,0.0,0.02,0.0,0.2,0.0,0.74,0.01,0.0,0.05,2,0
56,0.120057556534781,0.1885559365967578,7.191641004731747,1.3542948827402665,7.293853735704627,2.8621544601335716,6.984473767918281,2.184779836532682,62.54,77.70397335238059,31.37,24.9810655570101,1.4014220620653064,1.3776889475712502,1.16454504837328,1.3069847864858242,1.7062738982066268,0.12216950155479155,4.776114437606212,1.614191896240339,0.71,0.0,0.1,0.01,0.09,0.04,0.0,0.0,0.0,0.03,0.0,0.02,0.0,0.17,0.01,0.69,0.06,0.0,0.07,3,0
57,0.13007961342204133,0.2586808143697216,7.286738627132982,1.473572833435265,7.809268646571096,2.6715994541531134,7.1235743429671246,2.0316734739496822,52.68,67.58531906808868,35.48,39.317017674130355,1.2778707370346207,1.8286416507785297,1.1162989868972397,1.7942978915036425,1.702347316821222,0.11034848800188246,5.056156139682341,1.3825304910455287,0.64,0.0,0.14,0.01,0.02,0.11,0.0,0.0,0.0,0.04,0.0,0.04,0.0,0.21,0.0,0.72,0.03,0.0,0.04,3,0
58,0.09037739313990414,0.1794682471187016,6.946622987642992,1.3199676811338912,7.051531840709296,2.534003773915328,7.269136882608915,2.0975483049160064,53.62,67.2059671472855,33.25,32.67543945281139,1.1559403001476154,1.5545246603378826,0.9182357085046585,1.3409148616867874,1.7186939186351808,0.11861863240404316,4.799151613111251,1.4552499046872094,0.54,0.0,0.18,0.02,0.1,0.13,0.0,0.0,0.0,0.02,0.0,0.01,0.0,0.26,0.0,0.65,0.05,0.0,0.04,2,0
59,0.11546633478281336,0.2191477434984316,7.101432966547321,1.5891704191441485,7.672686541207278,2.626803399652858,7.077199409972368,2.013520691035108,48.84,60.80316312877682,29.68,8.576312221061643,1.2644732726859322,1.5229109760669421,1.055770152003097,1.401738608502556,1.6965380625057125,0.12114193672759573,5.092303425148552,1.366622218616168,0.47,0.0,0.19,0.03,0.15,0.08,0.0,0.0,0.0,0.05,0.0,0.03,0.0,0.22,0.0,0.7,0.03,0.0,0.05,2,0
60,0.13776610773884457,0.22535351080915708,7.065885668072886,1.5326070471480617,7.195581933652996,2.5071820286531876,6.882028525218941,2.07748764968474,42.47,48.877594999440106,28.46,7.286933095575527,1.3731075147402765,1.6184235569705396,1.19714983326527,1.4854501039430779,1.722792682360652,0.12413328878246517,4.804166239365942,1.3481371566161748,0.49,0.0,0.22,0.04,0.11,0.06,0.0,0.0,0.0,0.04,0.0,0.04,0.0,0.29,0.0,0.65,0.04,0.0,0.02,2,0
61,0.14528776085493378,0.24306267184887453,7.223237294007284,1.4315781738047166,8.010654458628567,2.1320393657887964,7.000547030097921,1.7999957085183549,33.23,22.3,31.23,22.3,1.2388592157470832,1.4894536014215967,1.2012928553374091,1.4513925113652126,1.6998199316610105,0.09524529931485565,5.256274825256266,0.9696017257507701,0.58,0.0,0.19,0.03,0.06,0.09,0.0,0.0,0.0,0.03,0.0,0.02,0.0,0.27,0.0,0.73,0.0,0.0,0.0,2,0
62,0.15469447664758978,0.2734051600232525,7.197478736576175,1.6116392894020444,8.001964633312124,2.476517529395806,7.097230763674592,1.7127716259362955,35.46,31.3772805923926,33.46,31.3772805923926,1.162473362668595,1.4223952408277445,1.083839327322289,1.3451754213772682,1.699532205021751,0.10323234399292931,5.246416181298475,1.0367982975495222,0.53,0.0,0.21,0.01,0.09,0.1,0.0,0.0,0.0,0.04,0.0,0.02,0.0,0.29,0.0,0.71,0.0,0.0,0.0,2,0
63,0.11989893316515333,0.19486822924673225,7.059065366603321,1.5096670461989279,7.6364931274516525,1.9844318401599843,7.005840846689929,1.748957581442199,35.46,31.3772805923926,33.46,31.3772805923926,1.207528062686731,1.4764179719812724,1.1635010170577924,1.4384770402458005,1.7094679615128492,0.10634413403430527,5.096390907068838,0.9410987985640634,0.48,0.0,0.22,0.04,0.09,0.12,0.0,0.0,0.0,0.04,0.0,0.01,0.0,0.31,0.0,0.69,0.0,0.0,0.0,2,0
64,0.1541614647292954,0.23052333540913905,7.296687706942018,1.5035510476575649,8.07229441686091,2.469584475696666,6.881597466258628,1.8821246277638999,33.55,22.496408243059246,30.94,22.516804050452286,1.3359531102960716,1.5927540841454237,1.2184668521158377,1.4881688302380693,1.7029475922252084,0.09892603766237386,5.253344530054616,1.1669415551288143,0.56,0.0,0.19,0.01,0.08,0.1,0.0,0.0,0.0,0.03,0.0,0.03,0.0,0.25,0.0,0.74,0.01,0.0,0.0,2,0
65,0.20945661967007545,0.31530356008522675,6.973303596691998,1.5734598424822577,7.501700024292393,2.261137134201068,6.623398335419088,1.9862578629045482,35.46,31.37728059239261,33.46,31.37728059239261,1.4938703374623634,1.6884170617043401,1.4618716876910574,1.6977888813160216,1.7005381454027144,0.09591672374455755,5.017429018463876,0.9281684252705756,0.37,0.0,0.28,0.05,0.1,0.15,0.0,0.0,0.0,0.01,0.0,0.04,0.0,0.35,0.0,0.65,0.0,0.0,0.0,2,0
66,0.21579004356552609,0.2986468187357143,7.450034346979697,1.6312172812589958,8.091788057614835,2.429400695079736,6.465407708608081,2.0637801864910346,38.01,38.309872926392785,35.4,38.39349692409648,1.6861805917649604,1.7229454311243206,1.5760513396673517,1.6533694351449886,1.718009871328905,0.127538761166072,5.243012201614382,1.188567752653957,0.36,0.0,0.18,0.05,0.12,0.18,0.0,0.0,0.0,0.07,0.0,0.04,0.0,0.21,0.0,0.78,0.01,0.0,0.0,2,0
67,0.19747523561053096,0.30925911259680844,7.510755050193159,1.6187489660727243,8.14862727198931,2.21872866291527,6.598441707804669,2.1277016113406098,32.61,22.78396343700959,30.65,22.72780302411631,1.6528038154849372,1.9929281007546678,1.6382502733490427,2.0004766339010556,1.7194307926911592,0.13155625625451714,5.2668874330757705,1.050073673222465,0.5,0.0,0.14,0.05,0.08,0.1,0.0,0.0,0.0,0.08,0.0,0.05,0.0,0.25,0.0,0.75,0.0,0.0,0.0,3,0
68,0.12048551812490904,0.21086591921631326,7.150256350263271,1.6146937516545878,7.655070828847529,2.331265066429527,7.117931530062626,1.8771034156264237,33.23,22.3,28.71,2.9000000000000004,1.1557559797960273,1.4894817099131419,1.1390288806243267,1.5054306638606476,1.7147064902914115,0.10985767177724103,5.0948134053621885,1.078444623280623,0.49,0.0,0.24,0.02,0.08,0.09,0.0,0.0,0.0,0.04,0.0,0.04,0.0,0.33,0.01,0.66,0.0,0.0,0.0,3,0
69,0.14564539534218204,0.21637825440333464,7.2354751232217716,1.4175221576475154,7.91885552979314,2.080881837365159,6.911005595779262,1.9790342967075758,35.46,31.377280592392605,33.46,31.377280592392605,1.3899896418855602,1.598870284828318,1.3239543589205405,1.5516127606597037,1.7154617898483802,0.10098779584599415,5.223930291847035,0.9674389387549182,0.52,0.0,0.14,0.02,0.1,0.15,0.0,0.0,0.0,0.03,0.0,0.04,0.0,0.27,0.0,0.73,0.0,0.0,0.0,2,0
70,0.0964033858335704,0.16639627651956987,7.293433622518954,1.4967558095081261,7.882181017775833,2.104005512653809,7.215358047473379,1.6293653606601437,33.23,22.3,31.23,22.3,1.0521974782852612,1.2794259643405719,1.051313240026642,1.2970769613093418,1.7080967376966592,0.10969357526566953,5.168440793373178,0.976424745913407,0.57,0.0,0.18,0.03,0.07,0.06,0.0,0.0,0.0,0.05,0.0,0.04,0.0,0.29,0.0,0.71,0.0,0.0,0.0,2,0
71,0.13739288778838232,0.2568555931833878,7.205831555267497,1.5221801660676062,7.566872970029947,2.2789497589529906,7.02761900471203,2.028391881004536,36.1,31.607600415729184,32.88,31.72396092813281,1.2665470965790766,1.6800274070988122,1.1218399402369075,1.446382675542783,1.7110911108585198,0.11573474709497,5.004271844765582,1.1735834373803162,0.42,0.0,0.21,0.03,0.11,0.12,0.0,0.0,0.0,0.05,0.0,0.06,0.0,0.23,0.0,0.75,0.02,0.0,0.0,2,0
72,0.10873359229210268,0.20593266335886737,7.0917196227947565,1.4562383018272116,7.812033150265503,2.2032265136838927,7.238388276630233,1.7028976269544778,31.0,0.0,29.0,0.0,1.053663387372141,1.3600849642990007,1.018124899810355,1.3058292202958062,1.6964210103015347,0.08464031829636824,5.171125841343643,0.9581938382947847,0.55,0.0,0.22,0.04,0.05,0.08,0.0,0.0,0.0,0.02,0.0,0.04,0.0,0.34,0.0,0.66,0.0,0.0,0.0,2,0
73,0.1593039672604116,0.2555475690862082,7.2510099153191705,1.4388638149419635,7.703909031212254,2.356276496534662,6.41733244696563,2.301125432991191,37.08,38.84667607948256,34.53,38.85909666911204,1.8471499075522464,2.277724197259801,1.5451580951525585,1.7846168866173127,1.7046067846404618,0.10551649059447991,5.026181761181097,1.3108001759554015,0.58,0.0,0.14,0.03,0.06,0.12,0.0,0.0,0.0,0.04,0.0,0.03,0.0,0.21,0.0,0.76,0.03,0.0,0.0,3,0
74,0.1293011443204026,0.27468398679798967,7.382369325938803,1.4823158541821462,8.030062631781583,2.3801267785384406,7.152251288472812,1.9865045933730479,30.4,4.221158824088691,28.42,4.080453529952401,1.2093780680047899,1.7818725498396701,1.0131725688638449,1.2956938669637594,1.7098409883281926,0.10801617028033851,5.246083824480957,1.2184379100557283,0.54,0.0,0.17,0.03,0.05,0.1,0.0,0.0,0.0,0.05,0.0,0.06,0.0,0.25,0.0,0.73,0.0,0.02,0.0,3,0
75,0.0832400514177966,0.16049107758555597,7.296009488946501,1.4047534285711842,8.168163696404335,2.19301484139435,7.535083902458883,1.438867989657243,33.23,22.3,31.23,22.3,0.8403467367182497,1.1248322070739347,0.8134365319548431,1.096535794248726,1.6974867177535382,0.09538413494051527,5.34548518494204,0.9976751749894953,0.62,0.0,0.17,0.01,0.06,0.07,0.0,0.0,0.0,0.03,0.0,0.04,0.0,0.25,0.0,0.75,0.0,0.0,0.0,2,0
76,0.13758344659593572,0.2573707076895124,7.078713854810864,1.5896583967642262,7.675070593887024,2.2965534224831052,6.983030808741427,1.9844312619887494,31.01,4.4777677519500765,28.42,4.0804535299524005,1.2912104219760474,1.8061523972536802,1.1783193808643961,1.655168328307321,1.710316751278174,0.10342814512176268,5.1565273242127265,1.0658503375209838,0.48,0.0,0.24,0.01,0.05,0.11,0.0,0.0,0.0,0.05,0.0,0.06,0.0,0.35,0.0,0.64,0.01,0.0,0.0,3,0
77,0.12639973304393726,0.26051919028240167,7.306049135605092,1.3973430067804427,8.050396545569969,2.2565643740365635,7.122551397321641,1.9294849312845361,31.01,4.477767751950077,28.42,4.080453529952401,1.2317280788701206,1.723874882057963,1.1112436088738633,1.5350256381608192,1.7044785507337834,0.09626486110771573,5.265790991890202,1.1170057102956203,0.56,0.0,0.16,0.01,0.05,0.12,0.0,0.0,0.0,0.04,0.0,0.06,0.0,0.23,0.0,0.76,0.01,0.0,0.0,3,0
78,0.1210065061420968,0.210064986271128,7.426398648561812,1.3615426962678343,7.880283182265515,2.094584606021524,7.050257931763003,1.6051539878784267,33.23,22.3,31.23,22.3,1.1994619158693103,1.2465922887131033,1.1570245495340958,1.2415464251936554,1.7241708022608615,0.10126917105416658,5.072362032413089,0.9453833062515423,0.67,0.0,0.11,0.02,0.04,0.08,0.0,0.0,0.0,0.04,0.0,0.04,0.0,0.27,0.0,0.73,0.0,0.0,0.0,2,0
79,0.10053878879822198,0.20498558774896597,7.1504778560109745,1.5090452300683033,7.633535331595081,2.3923318516310816,7.288362441806673,1.8477934442942117,32.61,22.78396343700959,30.65,22.727803024116305,1.1347152773935552,1.8370946704744027,0.874682010786946,1.1501363537280198,1.7057156060883754,0.09267615729541413,5.007117419043058,1.1504772030594956,0.58,0.0,0.17,0.01,0.04,0.1,0.0,0.0,0.0,0.03,0.0,0.07,0.0,0.28,0.0,0.7,0.02,0.0,0.0,3,0
80,0.1513449239064051,0.239130347463741,7.384378001939117,1.497475033214226,8.02885528847012,2.392130187524983,6.91388602050106,1.6762413398513174,51.07,64.14003855201949,49.07,64.14003855201949,1.2864290995162566,1.268607889503618,1.2731360820193327,1.3301442121719134,1.6995468006134333,0.10637500082868237,5.1494821382640055,1.0523416175931164,0.55,0.0,0.14,0.04,0.05,0.11,0.0,0.0,0.0,0.04,0.0,0.07,0.0,0.22,0.0,0.78,0.0,0.0,0.0,2,0
81,0.09623857505605876,0.1675082306536292,7.216756625114158,1.4713409742021852,7.766466876334865,2.031820842021809,7.140206758957181,1.643683762922049,35.46,31.3772805923926,33.46,31.3772805923926,1.086291202391599,1.2823257402237935,1.1054636302623344,1.329378735960518,1.7131873882448025,0.10625152316619475,5.163427537188252,0.9382914600958413,0.55,0.0,0.19,0.01,0.07,0.05,0.0,0.0,0.0,0.04,0.0,0.09,0.0,0.3,0.0,0.7,0.0,0.0,0.0,2,0
82,0.172776258372297,0.2633538493415706,7.159581165078979,1.4934623820990907,7.887182653948164,2.6249836650375507,6.603470911542247,2.0548778241515797,44.71,53.42667872888975,41.51,53.67758123530463,1.5782998054507036,1.8709027864023404,1.4002705831387272,1.6926728806940232,1.6839887052948492,0.09361183578838127,5.134982342050793,1.2874722680018191,0.57,0.0,0.2,0.03,0.06,0.11,0.0,0.0,0.0,0.02,0.0,0.01,0.0,0.23,0.0,0.75,0.02,0.0,0.0,3,0
83,0.11610865090207892,0.16367573992241738,7.275633716897475,1.4458347150715747,7.843688421443347,2.124306208549072,6.802274742948836,1.8785558721468674,37.69,38.23259358350166,35.69,38.23259358350166,1.3921024442374486,1.479091051509663,1.3866947690656306,1.4968257122208044,1.7113244023955787,0.10500027542182039,5.150531184045559,0.9674595720719835,0.61,0.0,0.15,0.01,0.05,0.09,0.0,0.0,0.0,0.05,0.0,0.04,0.0,0.28,0.0,0.72,0.0,0.0,0.0,2,0
84,0.14917450702535212,0.2702058017469651,7.101022705477298,1.3742668011265948,7.840547906201582,2.1277192132295464,6.783741579463908,2.0995389549564747,37.07,38.58933096914826,35.11,38.55152527475536,1.4756683929126277,1.9215695547601594,1.4658290707390642,1.9056863175286556,1.6961737573310296,0.07858603382545717,5.204558005297417,0.9719948316407281,0.61,0.0,0.19,0.0,0.02,0.09,0.0,0.0,0.0,0.01,0.0,0.08,0.0,0.3,0.0,0.7,0.0,0.0,0.0,3,0
85,0.1297297587303944,0.19055965798483795,7.283144174854538,1.2803001519034907,7.961810963691761,2.0988278118339756,6.979331742070563,1.9136721735813036,46.61,57.184425194702115,44.61,57.18442519470212,1.3108804920585229,1.486511259115991,1.2746386714154267,1.4615854058832825,1.6967882296228307,0.08797662610116704,5.175907504821147,0.9837711087828779,0.64,0.0,0.12,0.02,0.05,0.08,0.0,0.0,0.0,0.01,0.0,0.08,0.0,0.23,0.0,0.77,0.0,0.0,0.0,2,0
86,0.14518699567316687,0.2966131338610362,7.082438323801375,1.4138310892524015,7.808030099267704,2.598415129106087,6.988679963260001,1.9744815210680062,37.41,38.651798343046266,34.82,38.70671384875882,1.27988680618131,1.8465201085536855,0.9684797824643467,1.2477487342748192,1.6838423869206067,0.07608775002375316,5.133989826899555,1.3432887000064182,0.61,0.0,0.22,0.01,0.03,0.09,0.0,0.0,0.0,0.02,0.0,0.02,0.0,0.25,0.0,0.72,0.01,0.02,0.0,3,0
87,0.12227023088362486,0.24090313265685007,7.16764762383398,1.4669171283908835,8.164278101329655,2.293491935280346,7.1553846793032685,1.8153488856963702,35.15,31.574307097494138,33.17,31.552443117240017,1.2019265428044053,1.6291934328670707,1.1362339395537109,1.5913775890162458,1.689111384678334,0.10348111964754209,5.386491131862822,1.071640485209943,0.52,0.0,0.16,0.04,0.14,0.08,0.0,0.0,0.0,0.03,0.0,0.03,0.0,0.24,0.0,0.76,0.0,0.0,0.0,3,0
88,0.09759481055205722,0.16682771861744736,7.286392015700361,1.341805247386198,7.903251564626377,1.9509044547538659,7.1550977720210565,1.735236481835742,33.23,22.3,31.23,22.3,1.1445359022220476,1.3793112954974607,1.1380874143451032,1.3766311158701017,1.7195643869439845,0.11196367779693418,5.23563124749125,0.9676111661610322,0.59,0.0,0.14,0.03,0.11,0.08,0.0,0.0,0.0,0.03,0.0,0.02,0.0,0.24,0.0,0.76,0.0,0.0,0.0,2,0
89,0.09873517914722095,0.17696108477995345,7.186651828157079,1.507542420171056,7.708695349828861,2.302723771589778,7.1112932254473575,1.7366968018814355,44.7,53.241303173723736,42.09,53.378786502550334,1.1338805174726123,1.4291872486944535,1.0538676569454064,1.3074052351852496,1.7040297694065145,0.10245301651232891,5.073085870443387,1.1045876945319988,0.53,0.0,0.2,0.01,0.04,0.1,0.0,0.0,0.0,0.05,0.0,0.07,0.0,0.25,0.0,0.74,0.01,0.0,0.0,2,0
90,0.12145974921003011,0.23368950303610947,7.235645902396488,1.5209393418667414,8.044727947306137,2.343365741522778,7.280757048864292,1.8101070844602734,39.92,43.91904398142591,37.92,43.91904398142591,1.0714268347382374,1.4661007805246027,1.0323356014929153,1.4386966168928912,1.697980315261214,0.09893188634695813,5.281145358615424,1.0177636000764645,0.57,0.0,0.21,0.0,0.05,0.08,0.0,0.0,0.0,0.03,0.0,0.06,0.0,0.27,0.0,0.73,0.0,0.0,0.0,2,0
91,0.12170902527399897,0.20439287361853523,7.308628982248768,1.4522145122705328,8.033439592971739,2.1389790568218006,7.129100912605797,1.7495710930832231,37.69,38.23259358350167,35.69,38.23259358350167,1.1471417802821768,1.3717805623740587,1.1336912145358222,1.372986363633113,1.7044121849304006,0.1065386581488843,5.245755869564313,0.9974512736658381,0.53,0.0,0.17,0.05,0.07,0.08,0.0,0.0,0.0,0.04,0.0,0.06,0.0,0.25,0.0,0.75,0.0,0.0,0.0,2,0
92,0.1334594447903677,0.2255169867996058,7.249370858049573,1.221887747789107,8.23862366078041,2.167897039788197,7.15325841746931,1.6890717729162783,35.46,31.37728059239261,33.46,31.37728059239261,1.1550816237124577,1.3536964768768913,1.0924844324483034,1.315460459544387,1.6883410739931606,0.05912660201067159,5.3310502310645305,0.9839439904180091,0.7,0.0,0.14,0.0,0.02,0.13,0.0,0.0,0.0,0.0,0.0,0.01,0.0,0.2,0.0,0.8,0.0,0.0,0.0,2,0
93,0.08657896553854873,0.17736487986029076,7.273031156522645,1.393344116546397,7.960685130657331,2.0388803210999336,7.325490984859153,1.4858983381417166,33.23,22.3,31.23,22.3,0.9904123064036385,1.1996065647073402,0.9305089528837679,1.1434948129118911,1.7099715629103853,0.0957426065059038,5.161940323512096,0.977682089142338,0.57,0.0,0.17,0.02,0.05,0.12,0.0,0.0,0.0,0.04,0.0,0.03,0.0,0.21,0.0,0.79,0.0,0.0,0.0,2,0
94,0.09672472951320046,0.20020510322511237,7.270691944587608,1.5320775851298762,7.887801919436071,2.1530720289830416,7.327558880118119,1.4420930417685218,33.23,22.3,31.23,22.3,0.9633842789508733,1.1262498078464387,0.9183209845426008,1.0940921871657323,1.7091216563487959,0.10453996078043838,5.1336996396325825,0.9552015025625612,0.61,0.0,0.19,0.01,0.04,0.07,0.0,0.0,0.0,0.06,0.0,0.02,0.0,0.27,0.0,0.73,0.0,0.0,0.0,2,0
95,0.08516458997025265,0.15605826811588555,7.190739905001299,1.2304539084205646,7.860004349273785,2.0071455393405646,7.30267868919743,1.665182609281564,33.23,22.299999999999997,31.23,22.299999999999997,1.0351021198404111,1.3113987216576555,0.9845362975907876,1.2711087094027018,1.7102808274106291,0.07757531813591298,5.171353187011949,0.9568398491238115,0.69,0.0,0.15,0.01,0.02,0.07,0.0,0.0,0.0,0.01,0.0,0.05,0.0,0.29,0.0,0.71,0.0,0.0,0.0,2,0
96,0.11936859372057622,0.25130297704864957,7.069392395699935,1.4493232788107313,7.377178309532743,1.9435521073591189,7.137867750677393,1.9019683889578785,37.7,38.49216108049097,35.11,38.551525274755356,1.1738874089302989,1.7550904242762078,1.0654166340728453,1.6282734386019484,1.716963138663765,0.09708221062394026,4.892575040403988,0.9523999873713739,0.54,0.0,0.21,0.01,0.03,0.12,0.0,0.0,0.0,0.04,0.0,0.05,0.0,0.28,0.0,0.71,0.01,0.0,0.0,3,0
97,0.11710782735083498,0.2045326861795742,7.231572536363425,1.3357743103061892,7.911293108473742,2.121548131285162,7.164978404818075,1.7177272037498803,35.46,31.37728059239261,33.46,31.37728059239261,1.1321889596346362,1.4246378579260541,1.0682196255021668,1.3585649969338505,1.7156390378096311,0.0827018380648248,5.200647578193625,0.9584044688681879,0.63,0.0,0.16,0.0,0.0,0.13,0.0,0.0,0.0,0.03,0.0,0.05,0.0,0.28,0.0,0.72,0.0,0.0,0.0,2,0
98,0.10977336094290299,0.1962459573180576,7.047291101496287,1.6677685509731708,7.406373883715616,2.278788353701187,7.284097643239526,1.67068092278323,44.38,53.22636621643505,42.38,53.22636621643505,0.9864678589997647,1.3636068597279005,0.9583826719359604,1.4009025357074338,1.7170548486450352,0.10778679180218657,4.952663797660385,0.9491440172474457,0.5,0.0,0.27,0.0,0.02,0.12,0.0,0.0,0.0,0.06,0.0,0.03,0.0,0.34,0.0,0.66,0.0,0.0,0.0,2,0
99,0.12509227593753447,0.20913137780803268,7.249411710075564,1.5520753027758343,8.085318187426,2.2388898604298375,7.171415845584594,1.7661663354323762,37.69,38.23259358350166,35.69,38.23259358350166,1.1283113120095811,1.4638867728760658,1.0675245964317792,1.3998172512902334,1.7059540969852498,0.10044286784874291,5.30908586103351,1.0148773063114247,0.46,0.0,0.22,0.02,0.07,0.11,0.0,0.0,0.0,0.04,0.0,0.08,0.0,0.25,0.0,0.75,0.0,0.0,0.0,2,0
100,0.14148232146329165,0.2297591835012083,7.313085448197532,1.420442638776161,7.887017810298653,2.1803968270983813,6.959536433529398,1.7876880751993962,40.24,43.96994382070507,37.63,44.074009153108406,1.2720887822937403,1.4472839995508069,1.1723320888907256,1.3245733728030573,1.7073842581177308,0.09425400013507677,5.106003670065604,1.0739549841739395,0.57,0.0,0.16,0.01,0.03,0.1,0.0,0.0,0.0,0.05,0.0,0.08,0.0,0.21,0.0,0.78,0.01,0.0,0.0,2,0
101,0.15859781593553496,0.28089822936438424,7.176276481368023,1.3882880354510707,8.157178647600778,2.393769427212936,6.935333007488692,1.9468230495277838,44.07,53.39508829981888,42.09,53.378786502550334,1.3505118656555724,1.7866684126680668,1.2919004837899697,1.7539915300912705,1.6844509346953382,0.079202097951836,5.345508224987632,1.0881842172662364,0.61,0.0,0.18,0.01,0.05,0.12,0.0,0.0,0.0,0.01,0.0,0.02,0.0,0.23,0.0,0.77,0.0,0.0,0.0,3,0
102,0.1458937891060405,0.2326128948919841,7.424365929928911,1.5093285719168579,7.952986734491429,2.4214569949522358,6.866540406561114,1.9917973109171005,37.07,38.58933096914825,35.11,38.55152527475536,1.4412854013547882,1.9120642150898999,1.2150478683505999,1.3597009486556528,1.7046117091481756,0.10701885724531116,5.1039365198927875,1.207515806842747,0.67,0.0,0.13,0.02,0.03,0.05,0.0,0.0,0.0,0.05,0.0,0.05,0.0,0.24,0.0,0.74,0.02,0.0,0.0,3,0
103,0.12188944889078847,0.2063539176378615,7.334226237829881,1.5630101840977477,8.254049458986362,2.3787989411428523,7.251028835103037,1.8033981151086318,41.84,49.01612185822337,39.86,48.99928261688836,1.0807475800672866,1.429053056455938,1.0708794209344823,1.4237581044210357,1.6871975658835205,0.10069763067646502,5.371911263996039,1.0555844352521035,0.56,0.0,0.2,0.01,0.03,0.1,0.0,0.0,0.0,0.05,0.0,0.05,0.0,0.21,0.0,0.79,0.0,0.0,0.0,3,0
104,0.1521989125761165,0.24371457760538057,7.158608125162294,1.5199609893933657,7.661445794362195,2.1191568801206513,6.867256793646112,1.9939396316745446,37.38,38.41263996513268,35.4,38.393496924096496,1.3635969676732982,1.7559593260854085,1.3625298690100547,1.7459803552527748,1.7168717514537049,0.09963529807149032,5.113800967099019,0.9319153827683456,0.52,0.0,0.2,0.01,0.05,0.09,0.0,0.0,0.0,0.03,0.0,0.1,0.0,0.35,0.0,0.65,0.0,0.0,0.0,3,0
105,0.1155109849983613,0.2198337101047628,7.534816649089082,1.5405608139004954,8.412173605608118,2.237288860144452,7.401293384093836,1.704705712844673,35.46,31.3772805923926,33.46,31.3772805923926,1.005395303245435,1.3356960256041392,0.9879266662531531,1.2906702322560042,1.6998964780621832,0.11530703111398426,5.418714086332359,1.012034712981495,0.54,0.0,0.15,0.01,0.07,0.09,0.0,0.0,0.0,0.07,0.0,0.07,0.0,0.21,0.0,0.79,0.0,0.0,0.0,2,0
106,0.13528715934958646,0.2323045829129432,7.319236353944501,1.4064160116700775,8.077302370718053,2.1357008895565586,7.078331009501958,1.808906506674458,37.69,38.23259358350167,35.69,38.23259358350167,1.211976898458994,1.4007742667520962,1.1956477898809819,1.3933566252978067,1.6953262252697217,0.09884921574286742,5.259988683444435,0.9699051112384646,0.53,0.0,0.15,0.03,0.09,0.08,0.0,0.0,0.0,0.03,0.0,0.09,0.0,0.19,0.0,0.81,0.0,0.0,0.0,2,0
107,0.17427725836775465,0.25564547070586413,7.373747122680591,1.416102714913428,8.159722347504506,2.351357361640916,6.738978170153217,1.8861588092862585,42.15,48.84656972334264,40.15,48.84656972334264,1.4604442625216278,1.5056608071888737,1.4406903970132448,1.4963002142369686,1.7012026144416321,0.0990290456661116,5.328199691927962,1.0361253002930053,0.59,0.0,0.14,0.02,0.06,0.07,0.0,0.0,0.0,0.03,0.0,0.09,0.0,0.25,0.0,0.75,0.0,0.0,0.0,2,0
108,0.15453298124327358,0.2361977484571892,7.147260966391576,1.529162182343615,7.389124870052528,1.9474670038914554,6.618899188343658,1.9260495972286087,46.61,57.18442519470214,44.61,57.18442519470214,1.4648706282109378,1.558227858919821,1.5322075775469366,1.6326253360577392,1.7138694250932303,0.11671909211516651,4.939278983801511,0.8785404359648056,0.54,0.0,0.19,0.03,0.09,0.05,0.0,0.0,0.0,0.04,0.0,0.06,0.0,0.3,0.0,0.7,0.0,0.0,0.0,2,0
109,0.19440230834580327,0.2861232979263636,7.349574355153571,1.6452946905243329,8.245874535411856,2.6351850387151874,6.85010048696881,1.8926765698672188,42.15,48.84656972334264,40.15,48.84656972334264,1.3593028490695755,1.5819802615072978,1.2990807726363591,1.5488447880689855,1.6944649237894274,0.09717727374713313,5.3443910327931325,1.0729895315364684,0.55,0.0,0.22,0.01,0.04,0.07,0.0,0.0,0.0,0.04,0.0,0.07,0.0,0.28,0.0,0.72,0.0,0.0,0.0,2,0
110,0.202903154352457,0.2929823226191494,7.383421730990502,1.3194651567330564,8.27819118036773,2.2932941587306797,6.594482933448497,1.9251369925348187,37.69,38.232593583501654,35.69,38.232593583501654,1.5792917874860422,1.5771839749830852,1.5421662714027038,1.5083932320168216,1.6990775226267507,0.09333894795377268,5.369576709619682,1.0506319444792356,0.57,0.0,0.12,0.04,0.08,0.12,0.0,0.0,0.0,0.01,0.0,0.06,0.0,0.22,0.0,0.78,0.0,0.0,0.0,2,0
111,0.18029076168168834,0.2771435290471104,7.46277744869183,1.5478121466357204,8.312806591339175,2.775597759952094,6.80759625220648,2.045989647957824,39.3,44.26150481039713,37.34,44.226510629081304,1.492238102573335,1.974926250110338,1.2367165566988334,1.4401760770201497,1.700396968657585,0.09528238625310234,5.321530445975541,1.305252103442927,0.64,0.0,0.14,0.0,0.01,0.13,0.0,0.0,0.0,0.02,0.0,0.06,0.0,0.25,0.0,0.73,0.02,0.0,0.0,3,0
112,0.1407739427860097,0.24001856536853886,7.637182103201769,1.536861178531901,8.484599875202132,2.4039044103113656,7.207003661098125,1.629464390865524,37.69,38.23259358350166,35.69,38.23259358350166,1.0838279579788526,1.2743123702185706,1.0575401381802194,1.2427444367402254,1.7056558613583772,0.11910136269662966,5.414386321643776,1.0746004274369916,0.63,0.0,0.14,0.01,0.05,0.06,0.0,0.0,0.0,0.07,0.0,0.04,0.0,0.21,0.0,0.79,0.0,0.0,0.0,2,0
113,0.16880787037011336,0.27409952744020405,7.377717346101694,1.3608329721931416,8.237899349824133,2.2597186990997873,6.8319126571027535,1.9324961879499032,44.38,53.22636621643507,42.38,53.22636621643507,1.406019664039316,1.5836819237319864,1.3637013400049396,1.5707414356426406,1.693843879118454,0.09266960176397573,5.320960815807565,1.029855349751348,0.59,0.0,0.14,0.03,0.08,0.07,0.0,0.0,0.0,0.01,0.0,0.08,0.0,0.2,0.0,0.8,0.0,0.0,0.0,2,0
114,0.1503806169619239,0.24479381513483192,7.359246640553214,1.349639238317603,8.021585076513212,2.2866927262307164,6.837743534865462,1.8382904729278364,37.69,38.23259358350166,35.69,38.23259358350166,1.3818936887566164,1.4244189103683589,1.3820126781575122,1.4228458987766115,1.7013229702661972,0.09679057134465023,5.221584892713874,1.0012417190174205,0.63,0.0,0.13,0.03,0.07,0.06,0.0,0.0,0.0,0.01,0.0,0.07,0.0,0.26,0.0,0.74,0.0,0.0,0.0,2,0
115,0.14183433040092158,0.23200671148953603,7.376315984468252,1.5937896769976987,8.129611147005281,2.3206135519462143,7.077967977950923,1.8337565439535957,44.38,53.22636621643508,42.38,53.22636621643508,1.178418156785452,1.4918705404692567,1.1676782618093136,1.481110910486216,1.7034121237759678,0.11141820844069533,5.3158367827233715,1.0266322690274372,0.54,0.0,0.2,0.01,0.04,0.07,0.0,0.0,0.0,0.07,0.0,0.07,0.0,0.24,0.0,0.76,0.0,0.0,0.0,2,0
116,0.19436830156175522,0.30887786885877466,7.314211056433165,1.523588387918364,8.215341350124987,2.4645809270572276,6.775565889330062,2.085270962811334,39.61,44.09170768827951,37.63,44.07400915310839,1.5148391453283576,1.8597267906339263,1.4572050764777118,1.8309903868648074,1.700799476157664,0.10252431125961595,5.397610645286887,1.0669533607488186,0.57,0.0,0.16,0.01,0.04,0.15,0.0,0.0,0.0,0.03,0.0,0.04,0.0,0.27,0.0,0.73,0.0,0.0,0.0,3,0
117,0.23551603852495326,0.3539202519698444,7.387462089838874,1.5018773842316966,8.103288739391244,2.7384344672685916,6.5406192809178485,2.23081029717586,41.24,49.33090084093111,39.28,49.29812011085863,1.7070682084407258,2.042259836361748,1.493368290037801,1.7712311316986304,1.691916715213639,0.09820816603472507,5.206742046505468,1.310648251097615,0.59,0.0,0.16,0.03,0.07,0.08,0.0,0.0,0.0,0.02,0.0,0.05,0.0,0.24,0.0,0.74,0.0,0.02,0.0,4,0
118,0.1547762394780084,0.2363486141650268,7.180524181595534,1.5321777857900227,7.754198497758213,2.2140675144537854,6.775791992183549,1.8653605128187976,37.69,38.23259358350166,35.69,38.23259358350166,1.375956282403896,1.518034116842098,1.3597969507185015,1.477282534887063,1.7117908246351308,0.10358886820304919,5.164012449644449,0.9437089842260119,0.48,0.0,0.2,0.02,0.06,0.13,0.0,0.0,0.0,0.04,0.0,0.07,0.0,0.32,0.0,0.68,0.0,0.0,0.0,2,0
119,0.15060825419486562,0.22279738960850048,7.2428227248226555,1.4767664762493777,7.994803692623302,2.152578794374293,6.910296044095178,1.8661615268049032,39.92,43.91904398142592,37.92,43.91904398142592,1.3399036202208887,1.4781652761348032,1.3036329846079793,1.472884519188734,1.701917618932311,0.1001151654700604,5.268980867512796,0.9665422763132313,0.5,0.0,0.15,0.03,0.11,0.09,0.0,0.0,0.0,0.02,0.0,0.1,0.0,0.27,0.0,0.73,0.0,0.0,0.0,2,0
120,0.1295203305359871,0.23083960175966745,7.312546940963808,1.588317995647747,7.67192533741238,2.070764911819497,6.987382077348493,1.8510900971685686,33.23,22.3,31.23,22.3,1.2546901404034139,1.4611240756517498,1.2693905490755677,1.4541096026838922,1.7269253611665853,0.12662389904181948,5.105824384419901,0.9512484595032923,0.45,0.0,0.2,0.04,0.11,0.08,0.0,0.0,0.0,0.06,0.0,0.06,0.0,0.29,0.0,0.71,0.0,0.0,0.0,2,0
121,0.10481465330776682,0.17353106587811662,7.3156177237852456,1.251580550665118,8.306294046645432,2.0994090175028295,7.224052813048442,1.8753249547278703,42.15,48.84656972334263,40.15,48.84656972334263,1.1378958154590444,1.4525970646013715,1.1459490671271748,1.4522549488151928,1.6806879963179682,0.08157853757066044,5.442004193955557,0.9841181856086149,0.58,0.0,0.14,0.02,0.07,0.08,0.0,0.0,0.0,0.01,0.0,0.1,0.0,0.18,0.0,0.82,0.0,0.0,0.0,2,0
122,0.1597279816181952,0.22080906951306206,7.370040112695493,1.6369504855105523,8.052849953891073,2.3497019356529436,6.719995600115522,1.9406178336815743,42.15,48.84656972334264,40.15,48.84656972334264,1.4584988218241068,1.626573680026424,1.4460652379097199,1.630325045620382,1.7095140138889053,0.12453345886581682,5.281513692828408,1.0542148113006617,0.51,0.0,0.18,0.01,0.12,0.07,0.0,0.0,0.0,0.07,0.0,0.04,0.0,0.24,0.0,0.76,0.0,0.0,0.0,2,0
123,0.18720211288226785,0.2534511040971374,7.387728362910576,1.612047513712245,7.882706060223886,2.4482663065827133,6.4114119816007955,2.049309935919316,39.3,44.26150481039712,37.34,44.2265106290813,1.7298257178190914,2.0010171661628844,1.5384447070436311,1.5613716406890696,1.7153781488274458,0.11528253689893322,5.121542003349945,1.2333953249135903,0.51,0.0,0.16,0.05,0.03,0.09,0.0,0.0,0.0,0.06,0.0,0.1,0.0,0.25,0.0,0.73,0.02,0.0,0.0,3,0
124,0.17203296697040302,0.26324207353655393,7.45787728012711,1.6001648900330867,8.059603654319568,2.467268004616303,6.870099745041885,1.909297678153718,48.84,60.80316312877682,46.84,60.80316312877682,1.3356379705585626,1.5159722186432631,1.3421437337234483,1.5395992427843495,1.7056419631397628,0.11155464866196964,5.192368620939726,1.044260169628962,0.57,0.0,0.18,0.01,0.06,0.04,0.0,0.0,0.0,0.05,0.0,0.09,0.0,0.25,0.0,0.75,0.0,0.0,0.0,2,0
125,0.19220441190232204,0.2942014816525184,7.354019898572026,1.5060885143809946,8.468312924078482,2.434716833953885,6.888045638965658,1.985827312422041,37.69,38.23259358350166,35.69,38.23259358350166,1.4007162045169061,1.642312200838918,1.3303651946444597,1.5876651733605462,1.6891720782275619,0.09710109456158739,5.516715256071858,1.0460113916427982,0.56,0.0,0.17,0.03,0.07,0.1,0.0,0.0,0.0,0.04,0.0,0.03,0.0,0.24,0.0,0.76,0.0,0.0,0.0,2,0
126,0.19278045106830802,0.2847500213938496,7.200935606058636,1.5769385300113696,7.737043506083412,2.337983932743036,6.705685691693775,2.102800001020346,39.92,43.91904398142592,37.92,43.91904398142592,1.5077824801710207,1.7329273279302935,1.4760184514635624,1.7328338903813387,1.714647692606365,0.11258840474357008,5.131982111024522,1.0292023907400127,0.47,0.0,0.22,0.05,0.1,0.1,0.0,0.0,0.0,0.03,0.0,0.03,0.0,0.32,0.0,0.68,0.0,0.0,0.0,2,0
127,0.15798376865227248,0.22001514740659883,7.144577280706787,1.4678254688974675,7.674860347484115,2.056639328359541,6.611645329475253,2.0001727676526295,35.79,31.50318085591365,33.17,31.552443117240013,1.5337750427173962,1.6704013132640239,1.5198363196599787,1.622170843544951,1.714429350677072,0.09627882279527876,5.121790737209861,1.0253087992119925,0.4,0.0,0.21,0.02,0.07,0.14,0.0,0.0,0.0,0.04,0.0,0.12,0.0,0.25,0.0,0.74,0.01,0.0,0.0,2,0
128,0.10844542189272037,0.20204967258584325,7.183683568592926,1.4053214125891125,6.796301073379835,3.8136384830332943,7.673451655417871,1.9016402035308375,43.59,39.27244774030709,30.47,40.714441634090456,0.9403617167530075,1.3187253362428553,0.9000337797737886,1.3123783401934084,1.7298769708427983,0.11490966364619006,4.414007406011056,2.277509792858168,0.7,0.0,0.12,0.02,0.06,0.04,0.0,0.0,0.0,0.02,0.0,0.04,0.0,0.22,0.0,0.6,0.18,0.0,0.0,2,0
129,0.18645206603857314,0.308221343769694,7.3056772587848,1.4746582779593969,6.554462814423866,3.725534711581117,7.031434756049033,2.422483564212882,42.7,39.67175928602719,30.18,40.828139434671385,1.4722742520399112,1.9750587896093934,1.2778064009946661,1.657758196407015,1.7554763045009087,0.12534077740282065,4.2608410710244184,2.262587427967759,0.49,0.0,0.11,0.04,0.09,0.13,0.0,0.0,0.0,0.04,0.0,0.1,0.0,0.16,0.0,0.65,0.17,0.02,0.0,3,0
130,0.1103460034457048,0.251432158338313,6.882650968490886,1.459018735705218,5.57185711286125,3.704874663533505,7.742060382370014,2.158961935927028,43.36,33.691266140372555,25.96,34.87464420006042,0.9811543606943224,1.7252026236597637,0.9459802088338342,1.769244033582611,1.7678702058311493,0.12580367286680302,3.7565267051709643,2.322775986313838,0.59,0.0,0.17,0.02,0.05,0.09,0.0,0.0,0.0,0.04,0.0,0.04,0.0,0.22,0.0,0.53,0.25,0.0,0.0,3,0
131,0.15594225372578796,0.24808189183028917,7.194759492671485,1.5354951304197821,7.716215196588963,2.2459030555957855,6.858073211515675,1.9367335315791694,33.23,22.3,31.23,22.3,1.3661022427419138,1.5791577621484723,1.3158873817272934,1.5304216191304112,1.7146288949815487,0.10099877989546079,5.098945722171809,0.9612307921532288,0.54,0.0,0.21,0.03,0.04,0.1,0.0,0.0,0.0,0.04,0.0,0.04,0.0,0.34,0.0,0.66,0.0,0.0,0.0,2,0
132,0.2140979469052847,0.3190480733566118,7.205316611967537,1.4899240116474657,7.638882755407534,2.5104864283429293,6.408269107256651,2.2649903063798154,39.64,44.29869232171692,37.05,44.37657380905273,1.7482350782431157,1.988313484845348,1.5818415505263985,1.6956228871024903,1.7043716700039184,0.09313307374175568,5.022069691439783,1.287970083375788,0.56,0.0,0.2,0.01,0.03,0.11,0.0,0.0,0.0,0.03,0.0,0.06,0.0,0.27,0.01,0.7,0.0,0.02,0.0,4,0
133,0.24101167170647625,0.3604813760339774,7.436342993170725,1.6501373288894572,8.461220148884427,2.5873762918944423,6.71492062750912,2.033331655345697,37.38,38.41263996513269,35.4,38.39349692409649,1.5220666855182339,1.849057925742361,1.4589812595248255,1.8090533338029136,1.6940245156571572,0.09636011441946686,5.454293562187562,1.0407679726643344,0.55,0.0,0.2,0.0,0.02,0.13,0.0,0.0,0.0,0.03,0.0,0.07,0.0,0.27,0.0,0.73,0.0,0.0,0.0,3,0
134,0.1832886797760276,0.2978078141426299,7.48980751768828,1.4529327737770013,8.190816467815885,2.3815839655176485,6.957903237509296,1.9110328109152575,35.46,31.377280592392605,33.46,31.377280592392605,1.3329542790977944,1.5216514548286426,1.2801824683099519,1.4885263312344623,1.7192075707008172,0.10559317454699954,5.2931781480502185,1.035531663953256,0.66,0.0,0.13,0.02,0.02,0.09,0.0,0.0,0.0,0.04,0.0,0.04,0.0,0.31,0.0,0.69,0.0,0.0,0.0,2,0
135,0.18931004557573577,0.279930488818569,7.343001404129017,1.587099156518627,7.862621583496509,2.17593513579372,6.544788668720044,2.083482156758351,37.07,38.58933096914825,35.11,38.55152527475536,1.6281234597882164,1.7659225166487553,1.6096286712884287,1.7418580715255756,1.7151681191965693,0.10087426715578952,5.113079061226934,0.9354706258743141,0.55,0.0,0.17,0.02,0.04,0.07,0.0,0.0,0.0,0.05,0.0,0.1,0.0,0.29,0.0,0.71,0.0,0.0,0.0,3,0
136,0.14079613878824632,0.23767979451799479,7.250004892964901,1.555720393298522,7.821207030814605,2.0450123419651662,6.99706784640908,1.8875441178964207,37.69,38.232593583501654,35.69,38.23259358350166,1.255955665482346,1.5210213907729861,1.2416743658307354,1.4980403907127777,1.7131336311399357,0.10709072395608285,5.181005505388868,0.9026209216460781,0.5,0.0,0.2,0.02,0.07,0.06,0.0,0.0,0.0,0.06,0.0,0.09,0.0,0.29,0.0,0.71,0.0,0.0,0.0,2,0
137,0.17609349521696493,0.28776526579943346,7.323406530631669,1.6703270375159363,7.937254149413668,2.2832261464371304,6.788588249296923,1.9014609513154712,33.23,22.3,31.23,22.3,1.3809003752519788,1.5563556410007575,1.376617101769499,1.540386792071296,1.7167731966061046,0.1157560689089216,5.229161242574849,0.9863177310178918,0.43,0.0,0.23,0.03,0.09,0.08,0.0,0.0,0.0,0.04,0.0,0.1,0.0,0.32,0.0,0.68,0.0,0.0,0.0,2,0
138,0.17096062638301326,0.2933598747279413,7.329527298034017,1.579156706501555,7.819075171968326,2.1795291886085577,6.925481512890328,1.9206751771880288,33.23,22.3,31.23,22.3,1.3408529971688798,1.5378329728298297,1.3025340199398148,1.4866934542101617,1.721726281378948,0.1142703024432054,5.1075837210930155,0.9665859638854502,0.45,0.0,0.18,0.04,0.11,0.1,0.0,0.0,0.0,0.05,0.0,0.07,0.0,0.28,0.0,0.72,0.0,0.0,0.0,2,0
139,0.16091573789050964,0.2856436674725364,7.304535746078987,1.6641768159079278,8.039457346256773,2.407657053811598,6.96066673416743,1.9685017345020444,37.69,38.23259358350166,35.69,38.23259358350166,1.2960689559861656,1.5945958080412312,1.2510433757352153,1.5508978593380631,1.7055908168782687,0.11803302603836081,5.271433323860597,1.0609012044724306,0.5,0.0,0.22,0.03,0.1,0.07,0.0,0.0,0.0,0.06,0.0,0.02,0.0,0.29,0.0,0.71,0.0,0.0,0.0,2,0
140,0.1805061448440139,0.2790860950691399,7.50101701756756,1.4269984512780114,8.289870443833655,2.242740484658321,6.722437047656921,2.0260131235030716,42.15,48.84656972334263,40.15,48.84656972334263,1.5101151185491575,1.6281020854338581,1.4854284870594439,1.614006369880912,1.7118155140294238,0.10479973474326822,5.34617879828424,1.0403559406194738,0.55,0.0,0.14,0.04,0.06,0.09,0.0,0.0,0.0,0.04,0.0,0.08,0.0,0.21,0.0,0.79,0.0,0.0,0.0,2,0
141,0.13178200280944874,0.2399592719736708,7.253064866868476,1.5595744788661081,8.293467454034298,2.692236844848725,7.100301399376547,2.009547721870815,34.84,31.767056183818145,32.88,31.72396092813281,1.2812429968453773,1.9853642691996858,1.0208912969328872,1.3635273012369227,1.6850004464991277,0.09056699369350793,5.425089971689647,1.2869880291576883,0.56,0.0,0.19,0.02,0.05,0.1,0.0,0.0,0.0,0.03,0.0,0.05,0.0,0.26,0.0,0.72,0.02,0.0,0.0,3,0
142,0.1362102448357193,0.22616452405281642,7.2614877211385895,1.3628760328817477,7.901569798613406,2.0464521655177523,6.832211578912624,1.8929197856625353,39.92,43.91904398142592,37.92,43.91904398142592,1.38793560036717,1.5702994957458691,1.36954633217027,1.5793753158528232,1.7057923364510947,0.10615818511796035,5.18026203235909,0.985640149731967,0.57,0.0,0.14,0.02,0.14,0.08,0.0,0.0,0.0,0.02,0.0,0.03,0.0,0.21,0.0,0.79,0.0,0.0,0.0,2,0
143,0.14129262421351202,0.21556102359112472,7.445558568551612,1.6046022237381004,7.993387537985911,2.3409321738990343,7.007884503390562,1.5941797340849102,39.92,43.919043981425915,37.92,43.919043981425915,1.152764189414153,1.2463126238216033,1.1720104636416862,1.3362832917331222,1.7091204410191125,0.1125789266287264,5.142810172085775,1.0084960641944973,0.63,0.0,0.18,0.03,0.02,0.06,0.0,0.0,0.0,0.04,0.0,0.04,0.0,0.29,0.0,0.71,0.0,0.0,0.0,2,0
144,0.14433713152980285,0.2177903483009776,7.317795926887592,1.555187439383581,8.114813656086007,2.6198574212262082,6.846411387899289,1.9034246754813582,37.07,38.58933096914826,35.11,38.55152527475535,1.3886335909070184,1.9024374716780434,1.1520076567275253,1.346409805360847,1.6899551437621088,0.08909021665180217,5.238821354166519,1.2578170312610235,0.59,0.0,0.2,0.02,0.03,0.06,0.0,0.0,0.0,0.02,0.0,0.08,0.0,0.25,0.0,0.73,0.02,0.0,0.0,3,0
145,0.21304133286012594,0.29729755152545,7.561358676571855,1.505217844549452,8.523689326169615,2.3502315239389824,6.618519596204021,1.8413701691907596,37.69,38.232593583501654,35.69,38.232593583501654,1.5371754096204548,1.5527560375521483,1.4710448396602933,1.4912808004992542,1.7064118816624783,0.10450676681018639,5.444661836910966,1.036893508361812,0.58,0.0,0.15,0.02,0.04,0.13,0.0,0.0,0.0,0.05,0.0,0.03,0.0,0.21,0.0,0.79,0.0,0.0,0.0,2,0
146,0.15437596610251011,0.26418765450090026,7.512048482306008,1.4475281903054338,8.547231215287445,2.3875890199209437,7.104799515683809,1.7077689452473834,37.69,38.23259358350166,35.69,38.23259358350166,1.1816106657474004,1.3880953003154968,1.130891728668971,1.3554631580456145,1.695880832707128,0.09579735799070037,5.465226547832864,1.0717921571172784,0.6,0.0,0.15,0.01,0.06,0.09,0.0,0.0,0.0,0.03,0.0,0.06,0.0,0.2,0.0,0.8,0.0,0.0,0.0,2,0
147,0.19671217317585954,0.32193205604069997,7.268568621986717,1.5657485467831334,8.227948452755985,2.475277194911301,6.748624207311221,1.9056861806380743,37.69,38.23259358350167,35.69,38.23259358350167,1.4287512130468414,1.620629183807525,1.3648236669295855,1.5534614272620604,1.7026631181947598,0.09502427280658496,5.414190726832446,1.0386684156088313,0.52,0.0,0.22,0.01,0.04,0.16,0.0,0.0,0.0,0.02,0.0,0.03,0.0,0.3,0.0,0.7,0.0,0.0,0.0,2,0
148,0.13983151322448617,0.24632789418888415,7.189487240566591,1.6099444350509982,7.8386952726250785,2.2311423155547434,6.9727597909502705,1.7961218133296089,35.46,31.3772805923926,33.46,31.3772805923926,1.2616012965142205,1.449304770873952,1.2280172813376509,1.4351572510922082,1.7051375710664454,0.10858653528302702,5.168737324721506,0.9762294739079761,0.47,0.0,0.21,0.04,0.11,0.1,0.0,0.0,0.0,0.03,0.0,0.04,0.0,0.31,0.0,0.69,0.0,0.0,0.0,2,0
149,0.14471801333551043,0.2653717264645022,7.265745024772596,1.4175290343412708,8.012982054669832,2.149982929789652,6.988556595381578,1.9166323713671043,32.92,22.54543336590729,30.94,22.516804050452286,1.3083480938469847,1.63176407318232,1.282492541379751,1.6169833367429967,1.6998866001880668,0.10439316830451473,5.244466683315077,0.9881941144328198,0.54,0.0,0.15,0.06,0.12,0.08,0.0,0.0,0.0,0.02,0.0,0.03,0.0,0.26,0.0,0.74,0.0,0.0,0.0,3,0
150,0.1505687012077207,0.2548821342387141,7.563310470152854,1.6049233171594923,8.268930649430239,2.2794060895860535,7.112926109818374,1.7622563205619532,35.46,31.3772805923926,33.46,31.3772805923926,1.1647152046945564,1.4370318152210546,1.1399655834326439,1.4088237177607734,1.7205874137110246,0.11707200844460991,5.322071978162199,1.018461519285368,0.57,0.0,0.18,0.01,0.03,0.11,0.0,0.0,0.0,0.06,0.0,0.04,0.0,0.26,0.0,0.74,0.0,0.0,0.0,2,0
151,0.17021834226167787,0.3599407014982604,7.197189358271611,1.5447860394644943,8.055335098156988,2.829898272809849,6.971044896044549,2.2474632412762303,29.47,6.7036172957952225,27.55,6.352244493170119,1.2523388244348954,1.9903852866347314,1.0045365019943027,1.559699005292692,1.6838398438538114,0.08512150960904369,5.246942490031878,1.4561612272616993,0.57,0.0,0.18,0.01,0.06,0.1,0.0,0.0,0.0,0.02,0.0,0.06,0.0,0.23,0.0,0.73,0.02,0.02,0.0,4,0
152,0.16847051773227187,0.3100280086476899,7.436352184563945,1.691823023562114,8.270103421703746,2.376332212688025,6.941793911330613,1.8859162215309655,30.69,3.1,28.71,2.9,1.3080850148327332,1.7533554450607056,1.2347411592467268,1.6708695915679626,1.712819563115325,0.11452375739905886,5.366980738869047,1.0346994344344331,0.5,0.0,0.22,0.02,0.02,0.11,0.0,0.0,0.0,0.08,0.0,0.05,0.0,0.28,0.0,0.72,0.0,0.0,0.0,3,0
153,0.20565177070940555,0.3622530132841827,7.549742136137671,1.542110612724623,8.43729413861167,2.590044688274723,6.837460921000022,1.832560902741117,37.69,38.23259358350166,35.69,38.23259358350166,1.3686659826526784,1.5426093696670427,1.3122183162853702,1.494883380425555,1.7109663717225443,0.10373063983956933,5.413816286176375,1.0803520285356496,0.68,0.0,0.16,0.01,0.01,0.09,0.0,0.0,0.0,0.03,0.0,0.02,0.0,0.29,0.0,0.71,0.0,0.0,0.0,2,0
154,0.23579275839925504,0.4163189992413852,7.456786381619676,1.5655367564505753,8.426106770443386,2.869132969042487,6.875121795865666,2.080226264600001,34.86,31.745204044043877,32.88,31.723960928132815,1.4401513845508378,1.8990416283507614,1.1699182649364088,1.4405967457208622,1.695461041869634,0.08737838561507327,5.41512834373516,1.2999211152313859,0.61,0.0,0.17,0.0,0.02,0.11,0.0,0.0,0.0,0.03,0.0,0.06,0.0,0.26,0.0,0.72,0.02,0.0,0.0,3,0
155,0.3402167889085698,0.5103757483790861,7.272513293864782,1.6643985697274915,7.962170400203661,2.510736655646646,6.159970685363406,2.678035139558315,59.99,75.37348018468774,38.79,38.82264646811031,2.09314315156851,2.6067661072008326,1.7999753592821477,1.9964706808967165,1.6932687266849695,0.11195414852633484,5.214724790453444,1.06185983163209,0.43,0.0,0.19,0.02,0.03,0.12,0.0,0.0,0.0,0.06,0.0,0.15,0.0,0.24,0.0,0.66,0.0,0.0,0.1,2,0
156,0.19360026690757237,0.3286870668105418,7.3420376575085,1.6927136585056763,7.607565796130574,2.520718103084518,6.720998982759753,1.9883423915374003,37.09,38.57017610600819,35.11,38.55152527475536,1.4492155068633394,1.7924200982915643,1.2686384212340933,1.4370901084577692,1.7251233338972118,0.11318226252602571,4.981472659066126,1.1596676115133269,0.53,0.0,0.21,0.0,0.01,0.09,0.0,0.0,0.0,0.08,0.0,0.08,0.0,0.34,0.0,0.64,0.0,0.02,0.0,3,0
157,0.12064240443380796,0.23662937614081803,7.060955392463582,1.4261689096722432,7.663349212309182,2.069242973450935,7.115534853758016,1.7939086589112831,30.69,3.1,28.71,2.9,1.1726611788890349,1.5411458909648763,1.1488931475352375,1.532188559166009,1.7075521616275722,0.09070945558739818,5.132874342756319,0.914194623574679,0.52,0.0,0.2,0.03,0.09,0.06,0.0,0.0,0.0,0.01,0.0,0.09,0.0,0.35,0.0,0.65,0.0,0.0,0.0,3,0
158,0.1762990953079805,0.27948445019206986,7.160621540134253,1.7271759737350465,7.461930605652756,1.9563780621250648,6.68744797685788,2.102741293745943,39.61,44.09170768827952,37.63,44.074009153108406,1.4707496190864142,1.8477826703034117,1.4970313121871646,1.8922234563396498,1.7314261777056315,0.127625963538049,5.037112298273937,0.9088648986367623,0.33,0.0,0.26,0.03,0.13,0.09,0.0,0.0,0.0,0.06,0.0,0.1,0.0,0.32,0.0,0.68,0.0,0.0,0.0,3,0
159,0.15513355853546876,0.28193718452696537,7.486106051094116,1.545440721259407,8.104894815852381,2.1272416810110326,7.08870514221297,1.8740760806491485,37.69,38.23259358350166,35.69,38.23259358350166,1.199429426713881,1.4748773096177625,1.2164903059087224,1.5361843286839079,1.7144879835290796,0.1223919604747525,5.254318019889883,0.99651428811368,0.55,0.0,0.15,0.03,0.07,0.09,0.0,0.0,0.0,0.06,0.0,0.05,0.0,0.22,0.0,0.78,0.0,0.0,0.0,2,0
160,0.10648482965870087,0.17239416761770487,7.458860217288503,1.3320413061279714,7.892715694040022,1.9066910130464336,7.145333429545726,1.7242543086710271,35.46,31.3772805923926,33.46,31.3772805923926,1.1698703268070063,1.2655256693362809,1.177623317248088,1.29773772716217,1.7208081090188072,0.10371970437697631,5.114198527370299,0.898206754810595,0.61,0.0,0.11,0.02,0.06,0.06,0.0,0.0,0.0,0.03,0.0,0.11,0.0,0.22,0.0,0.78,0.0,0.0,0.0,2,0
161,0.07875651812000366,0.16383817786350424,7.338305789882278,1.5467325651580954,7.969319674596097,2.321267777816518,7.586360364043551,1.6212180629062745,35.75,31.469521891519236,33.17,31.55244311724002,0.8570367710749729,1.1801346426681216,0.8618336699364886,1.2396983211760273,1.7092667707243399,0.11901028010975086,5.232845065963712,1.145279876394938,0.55,0.0,0.18,0.03,0.1,0.05,0.0,0.0,0.0,0.05,0.0,0.04,0.0,0.25,0.0,0.74,0.01,0.0,0.0,2,0
162,0.14428018489626743,0.24370368071542406,7.195295850780538,1.5477443097913475,7.803150915103003,2.212597093201259,6.935274308716462,1.9078063872630568,35.15,31.574307097494135,33.17,31.55244311724001,1.330043473878681,1.7494033475644357,1.297048179980161,1.738002377135803,1.7069601452427756,0.10768182741890132,5.1421265833318275,0.9762910574606186,0.49,0.0,0.19,0.02,0.1,0.1,0.0,0.0,0.0,0.04,0.0,0.06,0.0,0.26,0.0,0.74,0.0,0.0,0.0,3,0
163,0.12674096117729985,0.21399658431044608,7.1416431996216945,1.575191039789992,7.994793930910998,2.4331717228369225,7.1276288228290445,1.6869996926151074,33.23,22.3,31.23,22.3,1.1173793276039468,1.4148439393891086,1.0673337381153665,1.3578112441016512,1.698999904267868,0.0921346597927081,5.324967195922059,1.0010002069568793,0.5,0.0,0.24,0.0,0.06,0.1,0.0,0.0,0.0,0.03,0.0,0.07,0.0,0.32,0.0,0.68,0.0,0.0,0.0,2,0
164,0.14632228191181043,0.22093365265586995,7.4308938180851545,1.5217563395715172,7.8443785079563035,2.2089040102172866,6.950538095045503,2.0343699929574472,35.78,31.494293214017443,33.17,31.552443117240017,1.3575639497719567,1.495200302276519,1.3570183746063917,1.510155194881639,1.7263641755151642,0.12404661308250836,5.120231785822012,1.1111597507465205,0.53,0.0,0.13,0.05,0.09,0.08,0.0,0.0,0.0,0.07,0.0,0.05,0.0,0.27,0.01,0.72,0.0,0.0,0.0,3,0
165,0.14521130072120358,0.23987983543920666,7.458438515381216,1.577353599095776,8.316498987786483,2.266115098146153,7.161045326931429,1.8303103632925102,33.23,22.299999999999997,31.23,22.299999999999997,1.1677170216434714,1.444342990256172,1.1340249581886406,1.4269780928721598,1.704373149227752,0.11331094955348288,5.3722274521364,1.0115581540457936,0.46,0.0,0.19,0.04,0.09,0.09,0.0,0.0,0.0,0.05,0.0,0.08,0.0,0.24,0.0,0.76,0.0,0.0,0.0,2,0
166,0.1459367799362486,0.24877859492993643,7.116873704095712,1.4836082157815338,8.046029408653665,2.3814618601478084,6.939105870651485,1.8421882894163923,31.0,0.0,29.0,0.0,1.2764094879598777,1.5528475941794404,1.2016592492334823,1.4648425072987759,1.7044554155046236,0.08579403702809622,5.384170157179528,1.0060527704791322,0.52,0.0,0.23,0.01,0.05,0.13,0.0,0.0,0.0,0.02,0.0,0.04,0.0,0.35,0.0,0.65,0.0,0.0,0.0,2,0
167,0.2118589577340411,0.30295995188252356,7.461824838116885,1.6581329093702977,8.102010838523599,2.3101141342151696,6.457170497446312,1.9321480104227735,31.0,0.0,29.0,0.0,1.657167954205428,1.6114302918049237,1.6116334651089586,1.5829984830813784,1.7254219999115272,0.12244366132832922,5.258280664756876,1.0154572092681728,0.49,0.0,0.16,0.03,0.1,0.1,0.0,0.0,0.0,0.08,0.0,0.04,0.0,0.3,0.0,0.7,0.0,0.0,0.0,2,0
168,0.22171764300596827,0.32869782745885373,7.407327695761619,1.5692921355556386,8.322262353234304,2.536872289418424,6.428686735781026,1.8390533358695627,31.0,0.0,29.0,0.0,1.6500668831864473,1.5211062891681655,1.5987107785668613,1.487902000918215,1.6989894002626684,0.10201760218034518,5.356565814511823,1.0681381301212833,0.5,0.0,0.19,0.04,0.11,0.1,0.0,0.0,0.0,0.01,0.0,0.05,0.0,0.27,0.0,0.73,0.0,0.0,0.0,2,0
169,0.1634675213563996,0.27735242216123357,7.282163345910295,1.6164528615842546,8.022007808846656,2.2792151564953693,6.928846392687418,1.7938861377615827,31.0,0.0,29.0,0.0,1.2800149549542144,1.500258574761706,1.227240465190762,1.4329294894434441,1.7093561293159005,0.10601094879873717,5.259046245870019,0.9846827415404904,0.47,0.0,0.23,0.03,0.08,0.11,0.0,0.0,0.0,0.04,0.0,0.04,0.0,0.3,0.0,0.7,0.0,0.0,0.0,2,0
170,0.16547374230002115,0.2785934757088426,7.16617261065511,1.6102261957721873,7.778511270922488,2.24664260590354,6.845482710280686,1.8006728883622858,31.0,0.0,29.0,0.0,1.3417989099119711,1.4766248530932367,1.2879043937148607,1.4368763917152783,1.7162973872090075,0.10623965702650413,5.165969561905922,0.961179310485578,0.44,0.0,0.22,0.04,0.1,0.08,0.0,0.0,0.0,0.04,0.0,0.08,0.0,0.36,0.0,0.64,0.0,0.0,0.0,2,0
171,0.15892775752225746,0.28626874084410575,7.495389195672808,1.6206348453090815,8.312265413722493,2.445555243988807,7.088398087782622,1.6237390659735322,31.0,0.0,29.0,0.0,1.1463236730554982,1.3043640581368885,1.0961750979301856,1.2454606750303139,1.7145170667550567,0.1045496965279057,5.352706182052941,1.0101116722265573,0.56,0.0,0.19,0.01,0.04,0.08,0.0,0.0,0.0,0.05,0.0,0.07,0.0,0.3,0.0,0.7,0.0,0.0,0.0,2,0
172,0.19906150012440268,0.35212235053418406,7.387077153119752,1.781734750711459,8.392675413592547,2.801157421090754,6.95291064586607,1.842149415978693,31.29,2.9,28.71,2.9,1.2888187894141512,1.5032199862842472,1.21819097604498,1.4052579100844818,1.6928768919016466,0.1062180527745354,5.404742838189358,1.1950795627413877,0.49,0.0,0.25,0.02,0.07,0.08,0.0,0.0,0.0,0.05,0.0,0.04,0.0,0.3,0.0,0.69,0.01,0.0,0.0,2,0
173,0.1644753727653378,0.24194161646155884,7.133052803531774,1.6616559479977664,7.6935228967142315,2.372351111758516,6.9473218207183844,2.124170906592752,31.58,4.0804535299524005,28.42,4.0804535299524005,1.3380926760548038,1.6244451979357695,1.295988989140927,1.5717245204064008,1.7121504355049697,0.11350065160353097,5.112359666132416,1.1850501495489545,0.35,0.0,0.28,0.04,0.1,0.13,0.0,0.0,0.0,0.05,0.0,0.05,0.0,0.31,0.0,0.67,0.02,0.0,0.0,2,0
174,0.19814008146224482,0.307632464893358,7.509455776997701,1.708679557751598,8.301608359987897,2.5975407889095115,6.910728476457072,1.7409065332617073,31.0,0.0,29.0,0.0,1.2693860780850112,1.4248651003143542,1.2116561981641525,1.3553034812187215,1.714730211350691,0.10525587014389194,5.300980235328511,1.0414916615283236,0.55,0.0,0.21,0.0,0.01,0.13,0.0,0.0,0.0,0.06,0.0,0.04,0.0,0.33,0.0,0.67,0.0,0.0,0.0,2,0
175,0.13964657911443998,0.23866775166031484,7.483831846955333,1.5250086334488786,8.545115688706815,2.288478381280587,7.141064136132048,1.6876976677474418,31.0,0.0,29.0,0.0,1.1478191326949427,1.4036895166499501,1.0755628938130155,1.3043130813140644,1.7031271525479343,0.0957598889950125,5.510463512374178,1.0057436460431097,0.59,0.0,0.18,0.0,0.02,0.12,0.0,0.0,0.0,0.05,0.0,0.04,0.0,0.25,0.0,0.75,0.0,0.0,0.0,2,0
176,0.16636944216725172,0.2895670456087335,7.289332257757562,1.5054448115008376,8.277557389041132,2.4780389093906323,6.989557470729311,1.7126766926565529,30.69,3.1,28.71,2.9,1.227718343193592,1.5765092326862442,1.1606966967336532,1.5197822857281447,1.6968695085029457,0.08930256914588575,5.40885540099347,1.0562542431390787,0.57,0.0,0.21,0.02,0.04,0.12,0.0,0.0,0.0,0.01,0.0,0.03,0.0,0.32,0.0,0.68,0.0,0.0,0.0,3,0
177,0.17171374782773227,0.2866941965594525,7.43751687371322,1.6350417280845915,8.291818866074747,2.544981274931044,6.750530266835736,2.0933590775882682,30.38,4.36186411822498,28.42,4.080453529952401,1.5590033748368435,2.0702980457869415,1.2606700335580756,1.4672196615875688,1.713089858428427,0.10996244029259962,5.3654557212555485,1.2779664577381895,0.48,0.0,0.17,0.02,0.06,0.15,0.0,0.0,0.0,0.06,0.0,0.06,0.0,0.23,0.0,0.75,0.02,0.0,0.0,3,0
178,0.19324976065224825,0.33276226222006045,7.361723769377802,1.6023831633580383,8.070305364913441,2.4229389935060013,6.75695090697861,2.085378355172588,30.69,3.099999999999999,28.71,2.9,1.5101027635563173,1.8474722305449451,1.4285675606205763,1.7876486239446934,1.7198258243706745,0.10858993068587779,5.272620677397936,1.0255761853741645,0.6,0.0,0.17,0.01,0.03,0.1,0.0,0.0,0.0,0.06,0.0,0.03,0.0,0.35,0.0,0.65,0.0,0.0,0.0,3,0
179,0.18145551406159796,0.2970811833390645,7.637683248896666,1.6853286725187517,8.466308649006494,2.4020812908316818,6.9417432961509205,1.7902565923125373,31.0,0.0,29.0,0.0,1.300141398142077,1.4209592365416408,1.2572512495214816,1.3724703379599328,1.716516486206765,0.12187608415964002,5.398101988508547,1.0318449810320651,0.55,0.0,0.18,0.02,0.06,0.06,0.0,0.0,0.0,0.08,0.0,0.05,0.0,0.26,0.0,0.74,0.0,0.0,0.0,2,0
180,0.145868936006033,0.29043346821974686,7.339741853281801,1.3544780741159355,7.8703449952954,2.3268972588185823,6.938882257219608,1.9856694899287965,30.4,4.221158824088691,28.42,4.080453529952401,1.3799702421240416,1.7366283017462634,1.1521684277488893,1.2738487984825184,1.716931943837372,0.09399936360586272,5.118806145190133,1.1763694934566047,0.64,0.0,0.13,0.02,0.06,0.07,0.0,0.0,0.0,0.02,0.0,0.06,0.0,0.29,0.0,0.69,0.0,0.02,0.0,3,0
181,0.11563145953964794,0.22939678281082584,7.31246176650064,1.521175144388271,8.076249589042026,2.1339031059297433,7.393783466759545,1.8468233207607676,31.0,0.0,29.0,0.0,1.0377139918307972,1.525105558174337,0.9616834111044612,1.3939019870428309,1.717891252730556,0.1041376331729297,5.317646387365951,0.9725292437046646,0.51,0.0,0.2,0.01,0.05,0.14,0.0,0.0,0.0,0.05,0.0,0.04,0.0,0.3,0.0,0.7,0.0,0.0,0.0,2,0
182,0.11914144822043143,0.17517701826918616,7.381945924146173,1.3930984122222891,8.241832144644608,2.143630422236793,7.0362353768263555,1.7455736686911751,31.0,0.0,29.0,0.0,1.22945670873463,1.3806253252646974,1.1789987017287236,1.3175816111098604,1.7104357056893167,0.09364170796761839,5.374922702328031,0.9737474335186441,0.56,0.0,0.15,0.03,0.05,0.09,0.0,0.0,0.0,0.03,0.0,0.09,0.0,0.28,0.0,0.72,0.0,0.0,0.0,2,0
183,0.12139565818248117,0.24259676423059182,7.2283531061122686,1.4675649729410822,8.139513319995816,2.2699873416133403,7.149216939628091,1.8868443224190172,30.69,3.0999999999999996,28.71,2.9,1.204625089022835,1.7024789735625165,1.145696092744925,1.6266064833597194,1.701882612528258,0.10037524914014105,5.3723019077531395,1.037211613567258,0.57,0.0,0.19,0.02,0.08,0.09,0.0,0.0,0.0,0.02,0.0,0.03,0.0,0.3,0.0,0.7,0.0,0.0,0.0,3,0
184,0.11820281791075934,0.207111166331462,7.426528727710413,1.619679593297645,8.383880677478192,2.2888002241240546,7.30839186167228,1.6156487875198366,31.0,0.0,29.0,0.0,1.0145194991336572,1.280854577577924,0.976380095622675,1.2386374377317455,1.7013163659993287,0.11417388138453105,5.446050852430644,1.0329572175144703,0.5,0.0,0.2,0.03,0.1,0.07,0.0,0.0,0.0,0.06,0.0,0.04,0.0,0.26,0.0,0.74,0.0,0.0,0.0,2,0
185,0.10753635808945664,0.16651482606600373,7.2489505799721545,1.6278399729764266,7.718481996864479,2.2361543669154798,7.185080911861607,1.776135361494725,35.78,31.494293214017443,33.17,31.552443117240013,1.100305842474962,1.3347047563224241,1.081145426430128,1.3250805969429447,1.721986151673166,0.11840174192292226,5.111507532938994,1.0925664723336412,0.43,0.0,0.21,0.04,0.11,0.08,0.0,0.0,0.0,0.06,0.0,0.07,0.0,0.3,0.01,0.69,0.0,0.0,0.0,3,0
186,0.11157768539379477,0.17679387922833573,7.27823124799625,1.493599683863656,7.931771526779768,2.0932125445667475,7.088164884145482,1.74927287226577,37.69,38.23259358350166,35.69,38.23259358350166,1.1734694386926126,1.398467679493499,1.1450763741774364,1.3732897740316181,1.7151258815020243,0.1074256900300957,5.227026451355124,0.9947568226669481,0.53,0.0,0.19,0.03,0.07,0.1,0.0,0.0,0.0,0.05,0.0,0.03,0.0,0.28,0.0,0.72,0.0,0.0,0.0,2,0
187,0.15389795435539433,0.26010585657217944,7.360530451286698,1.6289199907076382,8.087773174309667,2.294494660708033,7.0233405614143125,1.8197161297986262,32.92,22.545433365907293,30.94,22.516804050452293,1.2197521625220349,1.6439330800511045,1.1643135161184497,1.5767615467253675,1.7156676670073279,0.10547283117951232,5.277287702606186,1.0005721872328834,0.58,0.0,0.22,0.0,0.0,0.09,0.0,0.0,0.0,0.07,0.0,0.04,0.0,0.33,0.0,0.67,0.0,0.0,0.0,3,0
188,0.1651634479226583,0.2688934729924438,7.221226097431898,1.6546016199284574,8.118023352457785,2.3946751788370157,6.787307216566018,1.7723622462217528,30.69,3.099999999999999,28.71,2.9,1.3602093303822298,1.6733371082791142,1.3073037608441465,1.633044084591689,1.701236790383501,0.10294754605185011,5.346698538323425,1.0449050163546585,0.43,0.0,0.24,0.02,0.08,0.13,0.0,0.0,0.0,0.04,0.0,0.06,0.0,0.3,0.0,0.7,0.0,0.0,0.0,3,0
189,0.20399857242107333,0.3046192817952401,7.307938645633872,1.6401477310774621,8.138593023176288,3.0158200146978142,6.400155437524287,2.2874315283014774,32.64,23.3287960956567,27.55,6.352244493170118,1.693040370888046,2.0596764704031933,1.384502212842709,1.4944275951505797,1.705156846212467,0.09813780228616885,5.267425297084085,1.5104445327018088,0.55,0.0,0.15,0.01,0.05,0.17,0.0,0.0,0.0,0.03,0.0,0.04,0.0,0.28,0.0,0.69,0.02,0.0,0.0,4,0
190,0.16592383675110445,0.28522693281001626,7.3260568943447595,1.5280070824767207,8.155815519573352,2.389723327853307,6.888494031883105,1.7449592370222184,31.0,0.0,29.0,0.0,1.29685661942554,1.4420442607766286,1.2311990307483176,1.3678330365806262,1.7134315770329727,0.088553755263702,5.327825186459657,0.9845059383442114,0.59,0.0,0.2,0.01,0.01,0.11,0.0,0.0,0.0,0.03,0.0,0.05,0.0,0.32,0.0,0.68,0.0,0.0,0.0,2,0
191,0.12750500220147898,0.24005798755420948,7.384213398391562,1.3954048354049646,8.192640873894266,2.272042872986557,7.117727428931325,1.624756276173076,31.0,0.0,29.0,0.0,1.1568403731445502,1.2804705789290873,1.1112717744021905,1.2423673746927357,1.7131369281967828,0.09989858020765839,5.339166691305366,0.9907209916543624,0.6,0.0,0.13,0.02,0.09,0.07,0.0,0.0,0.0,0.02,0.0,0.07,0.0,0.28,0.0,0.72,0.0,0.0,0.0,2,0
192,0.1709928813247328,0.2928792324939931,7.302362011388151,1.5561280449833417,8.160973538907067,2.4119687365142877,6.933646869162653,1.749416814780598,31.0,0.0,29.0,0.0,1.2739665826534377,1.4285199179042003,1.2377098795995187,1.4189990806270394,1.7007036714710355,0.10195628545767928,5.325490166235676,1.0385403467705032,0.51,0.0,0.21,0.04,0.12,0.06,0.0,0.0,0.0,0.01,0.0,0.05,0.0,0.28,0.0,0.72,0.0,0.0,0.0,2,0
193,0.20932872845389736,0.31773958088971593,7.145852844035552,1.8676700367082653,7.817280372799155,2.481316505515457,6.440738465947825,1.7173977786366705,31.0,0.0,29.0,0.0,1.5551676751586248,1.5292269082766619,1.4912836367522144,1.492493339357217,1.7062416977892623,0.12355959843095585,5.1739315650749855,1.0260301778872458,0.36,0.0,0.29,0.04,0.14,0.07,0.0,0.0,0.0,0.07,0.0,0.03,0.0,0.35,0.0,0.65,0.0,0.0,0.0,2,0
194,0.2870104914106848,0.3941437462157128,7.4657916534366,1.7546745736580125,8.403259303999373,2.780749252569549,6.121040363625337,2.130409321036154,30.07,5.314844847930723,28.13,4.971951631935191,2.029514102110665,2.2026248274874294,1.722700078260933,1.7258137788580306,1.695732020606591,0.11370497818554,5.3482743698956146,1.3385809974575626,0.49,0.0,0.17,0.04,0.12,0.07,0.0,0.0,0.0,0.05,0.0,0.06,0.0,0.24,0.0,0.74,0.02,0.0,0.0,3,0
195,0.3045422126189804,0.4366021512590956,7.545247031717209,1.63623645757565,8.787106016351675,2.964373244828672,6.412752236553575,1.82701699107135,31.33,3.3000000000000007,28.71,2.9,1.6948508688683084,1.6073472310400503,1.5646472409141265,1.4739516410587317,1.6903273079720191,0.08911285836799646,5.570876927853387,1.2529443542654315,0.53,0.0,0.18,0.02,0.06,0.15,0.0,0.0,0.0,0.01,0.0,0.05,0.0,0.27,0.0,0.72,0.01,0.0,0.0,2,0
196,0.23900184539165925,0.3637674856251709,7.182747227937431,1.5641247958519002,6.727254322362171,3.701143672632619,6.76464899597139,2.2235758046732337,36.61,12.458330546265016,24.07,10.948229873990467,1.5480095193815173,1.7632769827915322,1.4792492798430095,1.7213184999397582,1.7428009386698449,0.11899836304667605,4.370242292345704,2.1822109711653983,0.49,0.0,0.17,0.04,0.11,0.1,0.0,0.0,0.0,0.03,0.0,0.06,0.0,0.22,0.0,0.61,0.17,0.0,0.0,2,0
197,0.09146862161563588,0.21428503436682247,6.8713806383117415,1.4715638186288422,4.523059680244632,4.206782684413468,7.947124467148382,1.7411886531099832,44.86,16.36948380371232,16.82,14.38530394871689,0.7172456408796394,1.2455611464244847,0.6781910838532424,1.2732052405497416,1.7870168990268183,0.12408853049678092,2.964615205024981,2.637104673669325,0.62,0.0,0.16,0.03,0.05,0.05,0.0,0.0,0.0,0.05,0.0,0.04,0.0,0.18,0.0,0.4,0.42,0.0,0.0,2,0
198,0.22915046109110335,0.4088782508899969,7.32498770971776,1.7132762462305944,7.986766307469063,3.00254777772336,6.804775533562391,2.0725441370251296,29.8,5.908391567007971,27.84,5.711445181441038,1.4519338165167395,2.0881275623334936,0.9966043420371747,1.2468075216719916,1.7073340037088738,0.10989440533623294,5.1989656998900875,1.4960707077135509,0.53,0.0,0.22,0.01,0.06,0.1,0.0,0.0,0.0,0.06,0.0,0.02,0.0,0.3,0.0,0.66,0.0,0.04,0.0,3,0
199,0.14813195825956293,0.2799756669075604,7.393654265966671,1.6900814327650968,8.17512539273148,2.432755913491438,7.069713247069736,1.694384584263376,30.69,3.0999999999999996,28.71,2.9,1.1680131216641394,1.5652583534791074,1.1249060962330348,1.5222557056525938,1.7134061818645105,0.11502302360640895,5.3265973225931385,1.0449031874601589,0.55,0.0,0.21,0.02,0.03,0.08,0.0,0.0,0.0,0.07,0.0,0.04,0.0,0.33,0.0,0.67,0.0,0.0,0.0,3,0
200,0.16902218338902866,0.2876014126088319,7.171145633463823,1.4119757039794525,8.159023131716479,2.346642776195983,6.868852380255662,1.9438899096461275,31.0,0.0,29.0,0.0,1.3783340026938162,1.643674366113705,1.2814019779698793,1.5303493490333702,1.7068585023431129,0.08611518166416064,5.4281779894914655,1.0136946329979828,0.59,0.0,0.2,0.01,0.03,0.15,0.0,0.0,0.0,0.02,0.0,0.0,0.0,0.34,0.0,0.66,0.0,0.0,0.0,2,0
201,0.16550762421932494,0.3042719326906207,7.283263000352888,1.544638767468972,7.525678544086047,3.191125058796176,7.323025615951692,2.216701015707607,48.84,60.80316312877683,26.68,7.907137805984432,1.1687216245327043,1.548246221855275,1.089666104708594,1.4450783326457723,1.725674888147573,0.1163219600390492,4.897699397834733,1.7390778396464317,0.61,0.0,0.22,0.01,0.01,0.08,0.0,0.0,0.0,0.03,0.0,0.04,0.0,0.31,0.0,0.61,0.08,0.0,0.0,2,0
202,0.19582810286813637,0.3496165929764553,7.437249682351311,1.5647653590485253,8.044189320946415,3.0323785184067433,7.22919943397099,2.1343634644205536,42.15,48.84656972334264,27.55,6.352244493170119,1.220818929737558,1.5921422844100859,1.1591340004222779,1.5165607615340544,1.7194410656873713,0.12071344887541469,5.214115387990009,1.571392655918597,0.54,0.0,0.19,0.01,0.05,0.12,0.0,0.0,0.0,0.04,0.0,0.05,0.0,0.27,0.0,0.68,0.05,0.0,0.0,2,0
203,0.15841050152354008,0.30096168580933824,7.034722395959634,1.5629033351136092,6.9876712823387095,3.331266017676705,7.218343027625071,2.4867755443778514,55.22,70.30375365354098,25.52,9.47136033876162,1.3684022937068325,1.8673208547938889,1.2793410408345873,1.767589332291131,1.742384695919243,0.1376104488231597,4.737546645356859,1.9364841947438538,0.49,0.0,0.22,0.02,0.08,0.13,0.0,0.0,0.0,0.04,0.0,0.02,0.0,0.33,0.0,0.56,0.11,0.0,0.0,3,0
204,0.18315838843551918,0.3142596385650679,7.336556054270917,1.6424521162667571,8.164052465766648,2.446214108596219,7.038080201732769,1.9436677250813712,33.23,22.3,28.71,2.9,1.2620601527980895,1.57027194800415,1.2099009156766223,1.497154055797308,1.704538419811327,0.11488145796623354,5.328605338638221,1.143882660466969,0.45,0.0,0.23,0.03,0.1,0.12,0.0,0.0,0.0,0.05,0.0,0.02,0.0,0.26,0.0,0.73,0.01,0.0,0.0,2,0
205,0.1150687612132445,0.22544838055621585,7.386120447948628,1.5107539243446555,7.826112753791497,2.9397089429025507,7.594746671095179,1.9965526249800445,44.38,53.22636621643507,27.26,6.921814440702319,0.9676731182821715,1.4008524417446222,0.9229886090160612,1.3293935370594312,1.7272951190641521,0.12170611157991931,5.110497339955649,1.6350800404969428,0.56,0.0,0.19,0.02,0.02,0.12,0.0,0.0,0.0,0.06,0.0,0.03,0.0,0.27,0.0,0.67,0.06,0.0,0.0,2,0
206,0.09144982941673191,0.18215485131702944,7.3944309466196945,1.3378353121639193,8.149028913505054,2.402002250334569,7.50693408397847,1.6230809558317225,35.46,31.377280592392605,28.42,4.0804535299524005,0.9133818143930803,1.2164200347918133,0.8714448335908639,1.1534615150514549,1.7120968856810106,0.09959818178410008,5.299568672414143,1.2395334940528224,0.68,0.0,0.16,0.01,0.03,0.07,0.0,0.0,0.0,0.02,0.0,0.03,0.0,0.26,0.0,0.72,0.02,0.0,0.0,2,0
207,0.18910103247244586,0.3176623665722317,7.171404286343968,1.4013063965807209,8.38750927836519,2.518240563331695,6.666729816902182,1.783236769957694,31.0,0.0,29.0,0.0,1.5064161124942543,1.5211583182915847,1.380485408853486,1.4041770157526257,1.6929243470922755,0.07892525202515563,5.551413394324294,1.0518809804605016,0.56,0.0,0.16,0.02,0.09,0.15,0.0,0.0,0.0,0.0,0.0,0.02,0.0,0.33,0.0,0.67,0.0,0.0,0.0,2,0
208,0.17062353262804922,0.29616512636561615,7.236453258804148,1.7611045546930757,8.056483234294031,2.7828470458246657,6.933705465184351,2.0685933309485445,37.39,38.46969028608199,27.84,5.711445181441037,1.2616607208615256,1.745188411252541,1.2050374881319008,1.702166976937386,1.6962994644823473,0.1150401038014805,5.269211099385625,1.392785437514232,0.46,0.0,0.24,0.03,0.06,0.13,0.0,0.0,0.0,0.05,0.0,0.03,0.0,0.27,0.0,0.7,0.01,0.0,0.0,5,0
209,0.11656664127033753,0.1896688162965068,7.2451151840554795,1.6100803543441884,8.023655132619007,2.2944648835011976,7.174417368372616,1.6192380671896767,31.0,0.0,29.0,0.0,1.083798803655071,1.3337055522260244,1.0357097272221913,1.2865525430398677,1.7110892570215963,0.11459764309904354,5.296875935264788,1.0414709031377134,0.45,0.0,0.22,0.03,0.11,0.12,0.0,0.0,0.0,0.05,0.0,0.02,0.0,0.29,0.0,0.71,0.0,0.0,0.0,2,0
210,0.1447306886708399,0.22580512394688462,7.622097709207765,1.4344720016333645,8.532173559210765,2.394502206198806,6.967057083305607,1.8204248127973488,31.0,0.0,29.0,0.0,1.299681781634484,1.3973772484832183,1.252001657495141,1.366178783338928,1.709028232839806,0.09924288769776679,5.413448891486736,1.0745841165975767,0.73,0.0,0.12,0.01,0.02,0.03,0.0,0.0,0.0,0.04,0.0,0.05,0.0,0.29,0.0,0.71,0.0,0.0,0.0,2,0
211,0.16976565365777696,0.22777552710719434,7.458887209187625,1.5593667455655216,8.160700436888268,2.5362245842333597,6.543511260493747,2.072513651954148,30.38,4.36186411822498,28.42,4.080453529952401,1.6883764085724342,1.9997806869620098,1.4098809046400809,1.442330812226661,1.7123763629234054,0.099857367278778,5.229768611041971,1.2540876064461917,0.63,0.0,0.15,0.01,0.03,0.07,0.0,0.0,0.0,0.04,0.0,0.07,0.0,0.28,0.0,0.7,0.02,0.0,0.0,3,0
212,0.17143393447797564,0.2778986670538607,7.397392560597568,1.5180806486807514,8.562408121580715,2.481455691280379,6.967725181381124,1.6936086407105269,30.69,3.0999999999999996,28.71,2.9,1.2475285604238129,1.535991818579537,1.1813268498735643,1.49083200595514,1.6892129708836463,0.08058196904876379,5.521305138233638,1.0734812258737711,0.64,0.0,0.21,0.0,0.0,0.08,0.0,0.0,0.0,0.03,0.0,0.04,0.0,0.28,0.0,0.72,0.0,0.0,0.0,3,0
213,0.1522910019456359,0.2515182497214796,7.53808630453152,1.545873621439877,8.474392884116057,2.196586648460137,7.086646795583215,1.8249243607702865,31.0,0.0,29.0,0.0,1.2309462368668236,1.4970617618317537,1.157900854399736,1.397646131902321,1.7129123910235524,0.10301960082895249,5.450094785272235,1.004068851369434,0.59,0.0,0.16,0.0,0.03,0.1,0.0,0.0,0.0,0.06,0.0,0.06,0.0,0.26,0.0,0.74,0.0,0.0,0.0,2,0
214,0.15584975226341438,0.2927755374321223,7.130754553500862,1.621167105626906,7.622183487620722,2.380271102501652,6.881749170968018,2.094403468649012,30.4,4.221158824088691,28.42,4.080453529952401,1.3760490295134011,1.9215952627613386,1.1509732003761275,1.4905824532400043,1.7202946489859798,0.11252321836819297,5.1228532195883645,1.2235996472035626,0.44,0.0,0.25,0.03,0.07,0.11,0.0,0.0,0.0,0.06,0.0,0.04,0.0,0.35,0.0,0.63,0.0,0.02,0.0,3,0
215,0.15488568571626868,0.22053063910433407,7.289332163957406,1.7496454781899673,7.944307434954263,2.1266412826478316,6.847829933945163,1.9149422725584377,31.0,0.0,29.0,0.0,1.3611648323141767,1.6146339590813195,1.299240776917881,1.5299701799248862,1.720264232199632,0.12039077806057698,5.229963526371973,0.9752463227838387,0.39,0.0,0.25,0.02,0.09,0.12,0.0,0.0,0.0,0.09,0.0,0.04,0.0,0.29,0.0,0.71,0.0,0.0,0.0,2,0
216,0.15501436222994489,0.23308889420602094,7.492927249204529,1.490263243790394,8.475430007335325,2.273760830400425,6.834335039391146,1.830678744018422,31.0,0.0,29.0,0.0,1.3689405963085206,1.4948411735779736,1.3506641903261838,1.504393093123471,1.7033214732575181,0.12186322542905771,5.491819683699586,1.0895674201406003,0.51,0.0,0.16,0.05,0.15,0.07,0.0,0.0,0.0,0.04,0.0,0.02,0.0,0.21,0.0,0.79,0.0,0.0,0.0,2,0
217,0.1292225673933844,0.20903769444881481,7.286040528212302,1.5268781536481566,8.17309784003179,2.214530902300117,7.165486578654351,1.7175362917601373,31.0,0.0,29.0,0.0,1.1254575773678022,1.3989900194856224,1.0665233352921808,1.3249161314559987,1.7054199955473393,0.10217653092988789,5.3643001344476735,1.0261342893118912,0.51,0.0,0.21,0.04,0.07,0.1,0.0,0.0,0.0,0.04,0.0,0.03,0.0,0.29,0.0,0.71,0.0,0.0,0.0,2,0
218,0.084194919034717,0.15844038057882362,7.203060923671019,1.518791360240957,8.140987368900408,2.4956396869504873,7.301088337582996,1.807201826010946,30.38,4.361864118224979,28.42,4.080453529952401,1.1069620839659786,1.861221599872211,0.8320561511033294,1.1218938821213154,1.6943564165949534,0.09828848270938716,5.352944362627812,1.281672537257101,0.57,0.0,0.19,0.02,0.08,0.09,0.0,0.0,0.0,0.03,0.0,0.02,0.0,0.26,0.0,0.72,0.02,0.0,0.0,3,0
219,0.1411195933520957,0.24701793459454963,7.352788960853335,1.5922900812337808,8.294817483591968,2.2425153652415726,7.101967837178128,1.8029578610087478,31.0,0.0,29.0,0.0,1.1875319450781003,1.5192553014712908,1.1181555675511274,1.4172984618287838,1.7088535439528179,0.10931624017347072,5.431936245885141,1.0321658317734186,0.47,0.0,0.21,0.02,0.07,0.14,0.0,0.0,0.0,0.06,0.0,0.03,0.0,0.27,0.0,0.73,0.0,0.0,0.0,2,0
220,0.1366808718531398,0.22785174097907698,7.288727356550836,1.6976273304283485,7.723810548073526,2.28773103081476,7.108285798259829,1.6757943036187926,31.0,0.0,29.0,0.0,1.1231791990069093,1.357396480867677,1.0576462641943687,1.2758000780457905,1.7312739086335216,0.11081239101373536,5.090790250324912,0.9534571063256441,0.52,0.0,0.24,0.02,0.03,0.07,0.0,0.0,0.0,0.07,0.0,0.05,0.0,0.39,0.0,0.61,0.0,0.0,0.0,2,0
221,0.14032534043730038,0.20650697533410228,7.3820935693114755,1.46186641360577,8.255352245089005,2.2016732844032787,6.954833652567223,2.0015574828475895,31.0,0.0,29.0,0.0,1.338435391360494,1.6251667957958489,1.2630962791283569,1.5326696441364407,1.710693527594425,0.10094117605121967,5.394456349363534,1.0218354173118316,0.61,0.0,0.17,0.01,0.03,0.1,0.0,0.0,0.0,0.05,0.0,0.03,0.0,0.3,0.0,0.7,0.0,0.0,0.0,2,0
222,0.11490114142387992,0.17151301326744292,7.235869467456148,1.5846943140343173,7.75280626550568,2.3530808707628035,6.731635610365166,2.0631410201785374,30.38,4.36186411822498,28.42,4.0804535299524005,1.5298051133701909,1.978575078371889,1.2844400319337195,1.4418560428306213,1.7120926426034644,0.10723870256875452,5.064395656234296,1.194811673849073,0.57,0.0,0.19,0.02,0.09,0.05,0.0,0.0,0.0,0.04,0.0,0.04,0.0,0.29,0.0,0.69,0.02,0.0,0.0,3,0
223,0.19204381973509846,0.3476948885387858,7.370373634004368,1.4427486145759802,8.436577288245399,2.4445804488463376,6.799557506721289,2.1449034617115355,30.38,4.361864118224981,28.42,4.080453529952401,1.5301327906538327,2.014360960743245,1.4363291175300459,1.9327115421141732,1.698655934840156,0.09706501459016054,5.4803700336268255,1.112090330995139,0.63,0.0,0.15,0.02,0.05,0.12,0.0,0.0,0.0,0.02,0.0,0.01,0.0,0.29,0.0,0.71,0.0,0.0,0.0,3,0
224,0.1529912077787938,0.22127760080148504,7.350789244631593,1.5966055241377015,7.759622882047895,1.8844517764996165,6.563167145305804,1.9356967351023355,30.69,3.1,28.71,2.9,1.5975020462402674,1.6778199857849072,1.5537411218573687,1.650884654337041,1.732830528598779,0.1208637849740234,5.070195190162015,0.9389933695793188,0.5,0.0,0.16,0.03,0.11,0.09,0.0,0.0,0.0,0.08,0.0,0.03,0.0,0.29,0.0,0.71,0.0,0.0,0.0,3,0
225,0.10289515084950004,0.22072937613287782,7.3048033367248,1.4897700156968532,8.069111119772673,2.205433939654403,7.3110061896362435,1.56256614730332,31.0,0.0,29.0,0.0,0.9935981526365198,1.250178319482918,0.9595006421853343,1.1917231661152243,1.7109163834003533,0.10762007395590982,5.2984567812325,1.0298781241102415,0.56,0.0,0.18,0.03,0.08,0.08,0.0,0.0,0.0,0.04,0.0,0.03,0.0,0.3,0.0,0.7,0.0,0.0,0.0,2,0
226,0.13262304261879432,0.23376482317146555,7.477773626340028,1.4849036251608991,8.263832346961383,2.297838864381327,7.0837398675694665,1.7339026100285837,37.69,38.23259358350166,35.69,38.23259358350166,1.1934920330988839,1.3697675241662417,1.157772160911526,1.3341624005121089,1.7135775677778107,0.10789493221220131,5.326894857177058,1.0608865437154407,0.64,0.0,0.14,0.02,0.03,0.09,0.0,0.0,0.0,0.06,0.0,0.02,0.0,0.28,0.0,0.72,0.0,0.0,0.0,2,0
227,0.16424586748170444,0.3657338548354988,7.352107131512506,1.4850076985634,7.997500492136413,2.841116374057028,7.082640379989709,2.0253866952191384,36.49,38.89548154797013,34.53,38.85909666911204,1.2894879097825678,1.9621660720369856,0.8783118218266683,1.0753039028668736,1.6967266148512496,0.0996157338019501,5.1605169136553295,1.4905517021558297,0.69,0.0,0.15,0.01,0.06,0.03,0.0,0.0,0.0,0.04,0.0,0.02,0.0,0.25,0.0,0.71,0.0,0.04,0.0,3,0
228,0.12669753190870345,0.19515475701630036,7.080748741903675,1.382308150813147,7.709111469297418,2.1747818491054507,6.898436529887021,1.8470486295726867,35.46,31.3772805923926,33.46,31.3772805923926,1.314711512715313,1.495429057405803,1.2407288072302953,1.4292945696118557,1.71217932415702,0.08340994313301003,5.146180880606227,0.9657028839870255,0.64,0.0,0.2,0.02,0.03,0.08,0.0,0.0,0.0,0.01,0.0,0.02,0.0,0.38,0.0,0.62,0.0,0.0,0.0,2,0
229,0.14530173139335084,0.18248742033553395,7.159778830231087,1.388973519322839,7.772145406674399,1.9168879585214593,6.394790060883922,2.0057348514289504,35.46,31.377280592392598,33.46,31.3772805923926,1.745562933871888,1.634582488963999,1.670237560970393,1.5628020745060656,1.7185449187206923,0.10353565359528058,5.167156741611004,0.960239758546985,0.56,0.0,0.15,0.02,0.12,0.1,0.0,0.0,0.0,0.03,0.0,0.02,0.0,0.29,0.0,0.71,0.0,0.0,0.0,2,0
230,0.15560416786298048,0.2357839544122632,7.398651748796919,1.4842922686799738,7.976864983266329,2.1032803663219313,6.473611019238735,1.9759157861468815,35.15,31.574307097494138,33.17,31.552443117240017,1.6784355299793685,1.7532250756950494,1.6552932208288853,1.7471975700785218,1.7217439035763147,0.11861178907485467,5.213480053863484,1.0200730218900058,0.6,0.0,0.12,0.02,0.11,0.05,0.0,0.0,0.0,0.05,0.0,0.05,0.0,0.28,0.0,0.72,0.0,0.0,0.0,3,0
231,0.1276234779258062,0.23090048694960794,7.460127125519664,1.4241578602624232,8.276536567452817,2.309216617728311,7.17148269224806,1.7007854108776392,33.23,22.3,31.23,22.3,1.126681482111484,1.3108417316110352,1.1027202448332307,1.3262317187782073,1.7047898768882772,0.09732733431884254,5.315313841830642,1.058919805095158,0.65,0.0,0.14,0.03,0.05,0.05,0.0,0.0,0.0,0.02,0.0,0.06,0.0,0.29,0.0,0.71,0.0,0.0,0.0,2,0
232,0.2220013161063122,0.30261555409554447,7.348553142202962,1.5202030320998023,7.945866820893334,2.6492610229002214,6.200417372351143,1.8024278035650574,37.67,38.11864916469909,33.17,31.552443117240017,1.8240191183456245,1.4649271110508952,1.7653176527057897,1.4859368265085917,1.7164041009621283,0.10630830225631015,5.138406041744278,1.1833901499166988,0.6,0.0,0.14,0.04,0.11,0.06,0.0,0.0,0.0,0.01,0.0,0.04,0.0,0.32,0.0,0.67,0.01,0.0,0.0,3,0
233,0.16716868335505886,0.26630899667287683,7.567266689022524,1.5835660643856855,8.483464258978145,2.5409916800384607,6.875237012374826,1.9101280484233685,37.7,38.49216108049098,35.11,38.551525274755356,1.3601201783140706,1.4090503890871997,1.3444780744114373,1.4126242978179318,1.7025444976196196,0.11193730134770587,5.398242252067737,1.227996241285611,0.61,0.0,0.12,0.04,0.08,0.04,0.0,0.0,0.0,0.06,0.0,0.05,0.0,0.23,0.01,0.76,0.0,0.0,0.0,4,0
234,0.15000612891599416,0.22088856472847754,7.285435327947581,1.6446767434223322,7.784862941890262,2.2087131770607544,6.696453637961164,1.8680194242855153,35.46,31.377280592392605,33.46,31.377280592392605,1.4431288110830232,1.528834823571784,1.425832142076363,1.5172037729977617,1.7233182583536162,0.11837376063419318,5.13355635732354,0.9943493417877752,0.52,0.0,0.23,0.02,0.08,0.07,0.0,0.0,0.0,0.05,0.0,0.03,0.0,0.32,0.0,0.68,0.0,0.0,0.0,2,0
235,0.16936445455085322,0.24999943937416225,7.321561606904329,1.42673601760797,8.200908563462223,2.3908258795818007,6.533251780131739,1.982480405396117,33.23,22.299999999999997,31.23,22.299999999999997,1.6034246269935781,1.6532030749933484,1.546937239806457,1.5963518393826996,1.7092049260370485,0.09772029960733264,5.371033842646131,1.085393183917274,0.64,0.0,0.14,0.03,0.06,0.1,0.0,0.0,0.0,0.03,0.0,0.0,0.0,0.32,0.0,0.68,0.0,0.0,0.0,2,0
236,0.22015259752355523,0.31923639892566696,7.511047098253476,1.5694066096990826,8.753169242912287,2.695352956857877,6.598353343419984,1.7223326728341013,33.23,22.3,31.23,22.3,1.5076259147349378,1.4860128987088,1.4117919181914373,1.3909140079116984,1.6932092828855037,0.09500613863048589,5.602489793336431,1.133838944210587,0.61,0.0,0.18,0.02,0.06,0.1,0.0,0.0,0.0,0.02,0.0,0.01,0.0,0.27,0.0,0.73,0.0,0.0,0.0,2,0
237,0.19794238167089862,0.33254416837347733,7.472252211537577,1.7227068680756576,8.230043100536527,2.544467879342108,6.853251916370182,1.6833789544543012,37.69,38.23259358350166,35.69,38.23259358350166,1.2946876177323605,1.3792387477873596,1.2517780029144687,1.323308202577762,1.7065850538454364,0.11786901833166098,5.246646897213212,1.0866354489578867,0.52,0.0,0.2,0.03,0.1,0.07,0.0,0.0,0.0,0.05,0.0,0.03,0.0,0.27,0.0,0.73,0.0,0.0,0.0,2,0
238,0.15173045904892268,0.30277806492270887,7.120190074958703,1.657928375232424,7.906875404756493,2.4862996763395957,6.97075245128168,1.6824969905105764,37.38,38.41263996513269,35.4,38.39349692409648,1.2057500550350009,1.6189598616396275,1.1571104905354148,1.588178236840984,1.6956133325386133,0.09897779745699481,5.2224691582954055,1.0639588362229666,0.53,0.0,0.26,0.02,0.05,0.09,0.0,0.0,0.0,0.03,0.0,0.02,0.0,0.34,0.0,0.66,0.0,0.0,0.0,3,0
239,0.1971940230810968,0.3164547726561887,7.444000225448323,1.367016901233702,8.648265473585425,2.3503851763101506,6.841837517409056,1.914738967405934,35.46,31.377280592392605,33.46,31.377280592392605,1.4095868695434248,1.6173253499573232,1.3168950186455166,1.523994976679649,1.6967679035274443,0.08356595449368716,5.584828862164962,1.0666827701457147,0.6,0.0,0.16,0.01,0.04,0.16,0.0,0.0,0.0,0.01,0.0,0.02,0.0,0.23,0.0,0.77,0.0,0.0,0.0,2,0
240,0.2340685456573871,0.34490191824790006,7.184122425821969,1.7130048937256925,7.997360784850389,2.447265732499929,6.329914646100146,1.9159514890863483,39.92,43.91904398142593,37.92,43.91904398142593,1.7090150015067733,1.6757276415637363,1.6615937547014406,1.636490068260499,1.7030740748206699,0.11711668586601197,5.2892855640455885,1.0778100221503468,0.44,0.0,0.24,0.03,0.12,0.12,0.0,0.0,0.0,0.05,0.0,0.0,0.0,0.31,0.0,0.69,0.0,0.0,0.0,2,0
241,0.19715501409841277,0.2741607823690163,7.245919957127866,1.6729455106132611,7.893155228496,2.2604112214624714,6.412429694732822,1.93048092158107,37.69,38.232593583501654,35.69,38.232593583501654,1.6765100556815988,1.6455627899352363,1.6248703477365876,1.609922776981719,1.7165859064169289,0.12349912312703563,5.212865369762461,1.0458820303447827,0.42,0.0,0.22,0.05,0.14,0.11,0.0,0.0,0.0,0.06,0.0,0.0,0.0,0.28,0.0,0.72,0.0,0.0,0.0,2,0
242,0.20197762437431632,0.3169148130501666,7.277943844448015,1.768631806233119,7.926238461383548,2.449274779732193,6.645289463124485,1.9314003916616693,35.15,31.574307097494138,33.17,31.552443117240017,1.5030247571300666,1.7696155461656593,1.4747977600964106,1.7665079739971892,1.7105949675601884,0.12239074657835666,5.19594535129596,1.0518044998485916,0.48,0.0,0.24,0.03,0.09,0.08,0.0,0.0,0.0,0.06,0.0,0.02,0.0,0.33,0.0,0.67,0.0,0.0,0.0,3,0
243,0.2273023216572488,0.3719615369914862,7.464020532963055,1.664659361008571,8.388776589166058,2.582050211190863,6.793289340048827,1.86020383782188,35.46,31.3772805923926,33.46,31.3772805923926,1.4074905424215833,1.5782227592181943,1.327088501905848,1.4988022131881247,1.7042325524819402,0.10658122814979425,5.377340632924108,1.100261196996246,0.56,0.0,0.2,0.03,0.06,0.1,0.0,0.0,0.0,0.04,0.0,0.01,0.0,0.28,0.0,0.72,0.0,0.0,0.0,2,0
244,0.20071626190150268,0.3291373875690446,7.438317580106998,1.558287633780228,8.592798840839135,2.618742493858306,6.8571544437089695,1.8051663386027939,39.92,43.91904398142592,37.92,43.91904398142592,1.3527579471074922,1.5231140905564757,1.2749441926718312,1.4576865346176577,1.689335163527075,0.09184292486021006,5.514925648331698,1.1266655923643856,0.64,0.0,0.19,0.01,0.03,0.1,0.0,0.0,0.0,0.03,0.0,0.0,0.0,0.26,0.0,0.74,0.0,0.0,0.0,2,0
245,0.15010701245798444,0.26133436290786133,7.276963097889185,1.6887138479247914,7.985502628279659,2.5725202171485932,6.935403585623396,2.151735033395633,37.07,38.58933096914826,35.11,38.55152527475536,1.4276351487252248,2.078510404938854,1.1448957436500629,1.4885204059456565,1.7067480424817907,0.10575246042348635,5.190900123014911,1.2735515022971766,0.54,0.0,0.21,0.01,0.03,0.13,0.0,0.0,0.0,0.06,0.0,0.02,0.0,0.28,0.0,0.7,0.02,0.0,0.0,3,0
246,0.16651452548318413,0.2891109537474278,7.327361199305019,1.4904149927465262,8.397092910802156,2.3012272717735787,6.93292824729602,1.8699399709412916,30.69,3.1,28.71,2.9,1.3398847381995205,1.7308000588376928,1.258569995101778,1.6506983442998089,1.69487356372884,0.09333853968382078,5.465232985113521,1.0470020646322948,0.63,0.0,0.18,0.01,0.04,0.1,0.0,0.0,0.0,0.03,0.0,0.01,0.0,0.29,0.0,0.71,0.0,0.0,0.0,3,0
247,0.13680080215388596,0.2501832038751677,7.283899702407573,1.5539681023369558,7.886821081730513,2.254048688036308,6.997127264574588,1.9173933402737,35.15,31.574307097494138,33.17,31.552443117240017,1.267787120196979,1.6658000208796622,1.231095412310092,1.6355482224215605,1.7188357161632373,0.10369356559795725,5.17380616167151,1.0077533137412538,0.62,0.0,0.2,0.01,0.02,0.09,0.0,0.0,0.0,0.05,0.0,0.01,0.0,0.34,0.0,0.66,0.0,0.0,0.0,3,0
248,0.19028918174217208,0.304461609353484,7.366617833226815,1.4190721693891237,7.896356599040213,2.3902993256109415,6.483410576120734,2.282488563511598,34.86,31.745204044043877,32.88,31.723960928132808,1.7431852410285287,1.989262442335939,1.5293493934587854,1.6604304247828376,1.7168530254749197,0.09644365865009143,5.110884099373306,1.2344714705909263,0.66,0.0,0.13,0.01,0.03,0.09,0.0,0.0,0.0,0.04,0.0,0.04,0.0,0.3,0.0,0.68,0.0,0.02,0.0,3,0
249,0.12436495853273533,0.22770143928424777,7.444518556999196,1.3724127367892462,8.36862051491439,2.3173286317782686,7.021167911882835,1.625270241288275,35.46,31.3772805923926,33.46,31.3772805923926,1.2090894230038518,1.2450490563826897,1.1705962270469568,1.2259886900251238,1.6979152974325025,0.08908212738698502,5.371887402825173,1.0652892627443686,0.75,0.0,0.13,0.01,0.03,0.03,0.0,0.0,0.0,0.02,0.0,0.03,0.0,0.29,0.0,0.71,0.0,0.0,0.0,2,0
250,0.16347547988865507,0.24696145073408676,7.094734238784367,1.4878946738553294,7.813359209424853,2.267901120869508,6.703794103312768,1.8186109481797867,44.38,53.226366216435075,42.38,53.226366216435075,1.433477070555204,1.4617314031838657,1.4009336378938197,1.466656658344751,1.6925679407524978,0.09168636758169305,5.147993504992412,1.027734453054057,0.57,0.0,0.21,0.02,0.1,0.06,0.0,0.0,0.0,0.01,0.0,0.03,0.0,0.3,0.0,0.7,0.0,0.0,0.0,2,0
251,0.17960750962740638,0.2641272885573402,7.661288240529793,1.4746293058114943,8.546395117800508,2.3465709241316706,6.639759109582198,1.8910598523516806,46.61,57.184425194702115,44.61,57.184425194702115,1.547279857732702,1.497984428034808,1.5235397000614572,1.484217905198742,1.7006387349212035,0.11666743879573253,5.371425874076283,1.1360792156754413,0.65,0.0,0.1,0.04,0.08,0.06,0.0,0.0,0.0,0.06,0.0,0.01,0.0,0.17,0.0,0.83,0.0,0.0,0.0,2,0
252,0.18764337317667626,0.3020224356298317,7.409583480404129,1.519372321651015,8.375955204121999,2.6747946370843083,6.739293131621473,1.8231069094312473,48.84,60.80316312877682,46.84,60.80316312877682,1.4316580169382258,1.4759517305673906,1.3796415503757344,1.4533375117958314,1.6948344698468538,0.09342623774698104,5.384847271922093,1.1571421822413164,0.67,0.0,0.17,0.01,0.04,0.09,0.0,0.0,0.0,0.01,0.0,0.01,0.0,0.27,0.0,0.73,0.0,0.0,0.0,2,0
253,0.11455954335932386,0.18995431335020607,7.037672588509545,1.5477124765463226,7.710573157478735,2.116933811736189,7.060706791735373,1.7905478627310494,31.0,0.0,29.0,0.0,1.2025392928104188,1.4813632350937476,1.129418991344986,1.397679941099363,1.715861286464681,0.10941974237687145,5.208467203352744,0.9917243597271578,0.45,0.0,0.22,0.04,0.13,0.11,0.0,0.0,0.0,0.04,0.0,0.01,0.0,0.36,0.0,0.64,0.0,0.0,0.0,2,0
254,0.12192675804166393,0.17924479798027018,7.3879044261248215,1.4526670402689945,8.432855284269925,2.2737826686846354,7.1521837934217,1.578803210166414,31.0,0.0,29.0,0.0,1.0962486780753067,1.2897856850159328,1.04268551424561,1.208183535531897,1.7019013591406367,0.09910724465081909,5.506314178871651,1.042545825516905,0.59,0.0,0.19,0.02,0.04,0.1,0.0,0.0,0.0,0.03,0.0,0.03,0.0,0.28,0.0,0.72,0.0,0.0,0.0,2,0
255,0.13644925089727608,0.21405521971486094,7.194328046121545,1.751392819245166,7.84469476202913,2.2138001390687307,7.109403885080955,1.8098640755791406,31.0,0.0,29.0,0.0,1.1388521200431145,1.5246059428934722,1.0906536897821015,1.4480654558757662,1.719471693614868,0.11636943864012582,5.215895644482645,0.9844302287144682,0.38,0.0,0.28,0.02,0.07,0.14,0.0,0.0,0.0,0.08,0.0,0.03,0.0,0.34,0.0,0.66,0.0,0.0,0.0,2,0
256,0.11559168968796463,0.18646004951168985,7.245331341083126,1.2468886541752935,8.222867432571919,2.0832784088709904,7.024792471216229,1.8322921194210429,31.0,0.0,29.0,0.0,1.2734116033989102,1.4974543785668943,1.2082665477395873,1.418640447787843,1.7051935124796755,0.0933595630393052,5.438310231882792,1.0176635667213811,0.63,0.0,0.14,0.02,0.09,0.11,0.0,0.0,0.0,0.01,0.0,0.0,0.0,0.26,0.0,0.74,0.0,0.0,0.0,2,0
257,0.1164542950947796,0.21937318923431873,7.347232323315877,1.6599846919470738,8.157293799511802,2.4026493479647963,7.307861917423185,1.4834538075446648,31.0,0.0,29.0,0.0,0.9555571470323662,1.1871296084375664,0.9164799532725607,1.1373328777579335,1.7054034367398565,0.1113764281303387,5.310404174932167,1.0573290157282953,0.54,0.0,0.23,0.03,0.05,0.08,0.0,0.0,0.0,0.06,0.0,0.01,0.0,0.33,0.0,0.67,0.0,0.0,0.0,2,0
258,0.1778453183724772,0.24231030935154232,7.3496072484310835,1.6691531500926897,8.017051192078675,2.3505556422544487,6.612304368411206,1.9277750971042473,31.0,0.0,29.0,0.0,1.535245475444311,1.6289994241362629,1.4617911913549804,1.5572753704668438,1.7299655998155246,0.11861613347855424,5.280817579110579,1.0430542058414203,0.5,0.0,0.2,0.02,0.06,0.14,0.0,0.0,0.0,0.08,0.0,0.0,0.0,0.33,0.0,0.67,0.0,0.0,0.0,2,0
259,0.16818495917272255,0.2764288145720804,7.29409629602227,1.543729015174146,8.215300920662292,2.4123545128119446,6.708734910854483,1.8198267525164369,30.69,3.0999999999999996,28.71,2.9,1.4518542889881538,1.6558225173403585,1.3788325620581017,1.5914648258010444,1.7016678557262663,0.0949595273130023,5.34769866199747,1.066722443276539,0.65,0.0,0.19,0.01,0.03,0.07,0.0,0.0,0.0,0.04,0.0,0.01,0.0,0.33,0.0,0.67,0.0,0.0,0.0,3,0
260,0.1663356686260688,0.28275437457497,7.518314078898166,1.5143994767628095,8.277668493824557,2.325543383861173,6.85186762861032,1.8267118673013563,46.61,57.18442519470215,44.61,57.18442519470215,1.3470708776714326,1.510695821768584,1.3418677589205104,1.5901905321070628,1.7098086119393474,0.11852219394774544,5.323980317931456,1.1043373550234639,0.63,0.0,0.15,0.02,0.08,0.05,0.0,0.0,0.0,0.05,0.0,0.02,0.0,0.23,0.0,0.77,0.0,0.0,0.0,2,0
261,0.12843624901935236,0.20529820426610837,7.245545435444908,1.5143011011676917,7.847499890695856,2.1837604581955588,6.85840850389831,1.8306926082048163,46.61,57.18442519470212,44.61,57.18442519470212,1.3337014499848763,1.463847346914489,1.3282122742929756,1.4887259790055567,1.7110886857358876,0.11307298299347782,5.176662932484573,1.0497586146269149,0.59,0.0,0.19,0.02,0.1,0.06,0.0,0.0,0.0,0.03,0.0,0.01,0.0,0.28,0.0,0.72,0.0,0.0,0.0,2,0
262,0.1549840311806955,0.2065643268108883,7.300078143694606,1.3172395180777674,7.813786274639558,2.094103846794285,6.5668080854888204,2.0081895614103233,51.07,64.14003855201949,49.07,64.14003855201948,1.5801934269040754,1.5507725459078485,1.5941405839137073,1.5876260692050521,1.7093951879767826,0.0941960266862608,5.06103296613376,1.010986156211829,0.72,0.0,0.14,0.03,0.01,0.07,0.0,0.0,0.0,0.02,0.0,0.01,0.0,0.29,0.0,0.71,0.0,0.0,0.0,2,0
263,0.18089723459232984,0.21803242275125276,7.31611784513819,1.4092928794292847,8.00370717847816,2.282810695203753,6.264916003268626,2.035278071610216,51.07,64.1400385520195,49.07,64.14003855201949,1.7868682299698042,1.603380580300126,1.7964966200991543,1.6284692757240966,1.7056359383037674,0.09444175814739869,5.190069830159988,1.0699681996381925,0.7,0.0,0.13,0.0,0.03,0.08,0.0,0.0,0.0,0.03,0.0,0.03,0.0,0.29,0.0,0.71,0.0,0.0,0.0,2,0
264,0.18470163298217762,0.2974841964242158,7.187919738801841,1.3615657389471651,8.090681600237003,2.5911758156076172,6.366112047309292,2.2444987225786863,43.76,53.56146662546413,41.8,53.52918584635617,1.8621436278322918,2.19208045876037,1.5823206528270521,1.7669261173130666,1.6905239576282827,0.08045340343132214,5.290704680966902,1.3291949977377397,0.7,0.0,0.13,0.01,0.05,0.1,0.0,0.0,0.0,0.0,0.0,0.01,0.0,0.28,0.0,0.7,0.02,0.0,0.0,3,0
265,0.1483269230297394,0.24328074126079943,7.236035503144512,1.5635591574553642,8.002973755568785,2.4021130326444338,6.986982909396818,1.8048516687758362,39.92,43.91904398142592,37.92,43.91904398142592,1.224402921621538,1.5066954680059907,1.1658044008637127,1.4563102788901041,1.7138539484391664,0.09863969961676895,5.2827014611321195,1.0597089645968156,0.58,0.0,0.23,0.01,0.03,0.11,0.0,0.0,0.0,0.04,0.0,0.0,0.0,0.32,0.0,0.68,0.0,0.0,0.0,2,0
266,0.18175058099251512,0.2417855586724474,7.35181249816653,1.4921719769775237,8.292925501623015,2.4378649875021408,6.59189107759511,1.906266536057006,39.92,43.91904398142592,37.92,43.91904398142592,1.5539698163505349,1.6350387892693425,1.4817773781328736,1.587281697623105,1.7110297680401974,0.10234014370351793,5.437829927334977,1.1037128890552264,0.53,0.0,0.18,0.02,0.08,0.15,0.0,0.0,0.0,0.03,0.0,0.01,0.0,0.26,0.0,0.74,0.0,0.0,0.0,2,0
267,0.265186342307187,0.41141503102597454,7.028779986991243,1.7675883436278725,7.487242196687105,2.766006963914521,6.24738381740623,2.358462634024963,36.18,39.0628553317172,34.24,39.00870661684635,1.9342581207748595,2.363775211921112,1.4990026632699678,1.8072328713021162,1.7033526812733715,0.11272789041336492,5.004160271996244,1.4415182918819642,0.41,0.0,0.26,0.02,0.13,0.08,0.0,0.0,0.0,0.06,0.0,0.04,0.0,0.33,0.0,0.63,0.0,0.04,0.0,4,0
268,0.21019486841484167,0.3086786536609285,7.210188573566842,1.816107947961175,7.867119528286787,2.502176788791868,6.529356617597839,1.998090955418084,37.38,38.41263996513269,35.4,38.39349692409649,1.5475145611322947,1.8363074335680558,1.5343398498284606,1.8437171354218347,1.7087056003957095,0.12526499243671987,5.209489866245191,1.1051085578943933,0.36,0.0,0.3,0.05,0.1,0.1,0.0,0.0,0.0,0.07,0.0,0.02,0.0,0.33,0.0,0.67,0.0,0.0,0.0,3,0
269,0.16957356190386427,0.27711586095393703,7.336945617520094,1.6205654847717155,7.914204234940272,2.4070944721213388,6.816919887151849,1.8377131825153845,42.15,48.84656972334264,40.15,48.84656972334264,1.3671932319015587,1.4774359938875956,1.3341105398714683,1.4823873530264213,1.7182890902839711,0.11557313343377867,5.167213739365244,1.0600958596278107,0.6,0.0,0.18,0.03,0.08,0.05,0.0,0.0,0.0,0.06,0.0,0.0,0.0,0.33,0.0,0.67,0.0,0.0,0.0,2,0
270,0.1671571734786242,0.27412810694513506,7.215387615083009,1.5369407320621575,7.902815644665797,2.224496965792223,6.84402018660053,2.0455507298549573,37.69,38.23259358350166,35.69,38.23259358350166,1.3921335269354709,1.6929298907101102,1.3688718995253797,1.7008940861003172,1.7105521699780766,0.10755427149402426,5.233049681896507,1.029835538424892,0.55,0.0,0.21,0.02,0.11,0.07,0.0,0.0,0.0,0.03,0.0,0.01,0.0,0.3,0.0,0.7,0.0,0.0,0.0,2,0
271,0.2106923274712584,0.3036792585889011,7.430313677166481,1.5457274825407221,7.907587939223931,2.13057863030627,6.374209949408636,2.045017024085104,35.46,31.3772805923926,33.46,31.3772805923926,1.7287152524588252,1.6306633110916138,1.698445129782277,1.6261033311015052,1.7268724050507842,0.11069308499842977,5.106550799487916,0.9787225302998457,0.58,0.0,0.15,0.03,0.06,0.08,0.0,0.0,0.0,0.06,0.0,0.04,0.0,0.33,0.0,0.67,0.0,0.0,0.0,2,0
272,0.17317550097965306,0.25769438185638727,7.382926127169789,1.5679893708485628,8.364895970971112,2.2697486500668616,6.790272590773022,1.8775867421531924,31.0,0.0,29.0,0.0,1.3993072205853574,1.5902428172845577,1.3429415664454873,1.5359424945862683,1.7002420563878917,0.10451900821401117,5.418916362614108,1.0514026312169993,0.53,0.0,0.22,0.02,0.06,0.12,0.0,0.0,0.0,0.05,0.0,0.0,0.0,0.24,0.0,0.76,0.0,0.0,0.0,2,0
273,0.21044625730598499,0.3050796478292646,7.519976876487887,1.5308429673308022,8.540753058551166,2.402947690788071,6.752000315961178,1.8505142528431056,35.46,31.3772805923926,33.46,31.3772805923926,1.4484576419083968,1.564215756422176,1.3654782511936987,1.4861036593712187,1.6985090684121749,0.10206905106465866,5.432552765030428,1.0840412749117498,0.56,0.0,0.16,0.03,0.08,0.1,0.0,0.0,0.0,0.04,0.0,0.03,0.0,0.23,0.0,0.77,0.0,0.0,0.0,2,0
274,0.23134012056903294,0.34209505319695804,7.495757490035172,1.6209920165807639,8.483859386919073,2.707158574701365,6.594516241522196,1.7994065638158068,31.0,0.0,29.0,0.0,1.534020623406703,1.50339095295467,1.4596675030775563,1.4602196696039436,1.7059836487297602,0.10709795013647948,5.442286218117813,1.1362073110065647,0.58,0.0,0.19,0.03,0.07,0.08,0.0,0.0,0.0,0.03,0.0,0.02,0.0,0.3,0.0,0.7,0.0,0.0,0.0,2,0
275,0.14255534817841228,0.24957399755277723,7.2150687300967,1.5400029777512043,7.99754947918296,2.369590955651279,6.906832864367748,1.9111451780260935,31.32,3.200000000000001,28.71,2.9,1.3633052314372571,1.5278170268846207,1.2807921615806743,1.419202964916036,1.7125523854382008,0.10533454173908273,5.278265900673016,1.1556827825282905,0.54,0.0,0.16,0.02,0.1,0.12,0.0,0.0,0.0,0.05,0.0,0.01,0.0,0.32,0.01,0.67,0.0,0.0,0.0,3,0
276,0.1631660338555995,0.2596210176405032,7.126890361911041,1.703647030367664,7.602750862641738,2.1929952209609236,6.632241770853938,1.8380894660420375,30.69,3.099999999999999,28.71,2.9,1.4721914024466596,1.7129217228465332,1.4585790239806442,1.6953943078204603,1.7162613988102282,0.12290803125890225,5.055928634552836,0.963239524068344,0.44,0.0,0.25,0.05,0.13,0.07,0.0,0.0,0.0,0.05,0.0,0.01,0.0,0.35,0.0,0.65,0.0,0.0,0.0,3,0
277,0.21428734550907422,0.2843429875463203,7.366012717359773,1.7006923031242285,8.040128673966734,2.3930277098757418,6.489793982992399,1.9874392308646498,30.69,3.1,28.71,2.9,1.6452224198872898,1.621062373257547,1.6018553286335584,1.619187309140668,1.7145987054718004,0.12533814350357486,5.232506717390354,1.0679053930556086,0.5,0.0,0.18,0.05,0.13,0.07,0.0,0.0,0.0,0.06,0.0,0.01,0.0,0.3,0.0,0.7,0.0,0.0,0.0,3,0
278,0.18984054032102005,0.2584825834998624,7.5368808005139405,1.416750191802849,8.520978499534698,2.238171565685198,6.528328778239947,1.7970713621856298,31.0,0.0,29.0,0.0,1.5954148883116475,1.5041737176225383,1.5466965272682245,1.4572307407615095,1.7051383092171823,0.10749900717349445,5.4712420978300065,1.0741973466936368,0.59,0.0,0.13,0.03,0.11,0.09,0.0,0.0,0.0,0.02,0.0,0.03,0.0,0.22,0.0,0.78,0.0,0.0,0.0,2,0
279,0.1527940028423747,0.2575678121138985,7.340148638247613,1.5503024585759968,8.469113960459847,2.41412852890343,6.858675768253449,1.5658563158056389,30.69,3.0999999999999996,28.71,2.9,1.2956745261005176,1.4873628372032657,1.2406447011434354,1.4505529256116492,1.6868986524654124,0.10290298568043758,5.496955390217469,1.0862207301204287,0.59,0.0,0.18,0.04,0.09,0.06,0.0,0.0,0.0,0.04,0.0,0.0,0.0,0.26,0.0,0.74,0.0,0.0,0.0,3,0
280,0.24473737895788125,0.35905144941438805,7.355830282013365,1.8111460030241173,8.517396304992886,2.807559568585365,6.717574686685927,1.8204828518898384,31.0,0.0,29.0,0.0,1.451312796542085,1.580002865152794,1.3242591753841888,1.4657551128172408,1.6926259707234783,0.09489871896521013,5.4806278552140135,1.099584381551016,0.47,0.0,0.26,0.02,0.06,0.14,0.0,0.0,0.0,0.04,0.0,0.01,0.0,0.3,0.0,0.7,0.0,0.0,0.0,2,0
281,0.1226507413035744,0.2050972283987076,7.592043195799049,1.5658957909954716,8.243576839043582,2.1694648471049702,7.164755553043826,1.7336505458058227,31.0,0.0,29.0,0.0,1.1149954530885922,1.3542607257906023,1.1211826487932575,1.3544700761021884,1.7284368785233328,0.12516644727863116,5.31105984322061,1.0413763932919928,0.6,0.0,0.16,0.02,0.05,0.07,0.0,0.0,0.0,0.09,0.0,0.01,0.0,0.27,0.0,0.73,0.0,0.0,0.0,2,0
282,0.11021265723613775,0.19583760433933414,7.20924467745356,1.5105148412927538,8.187046295300188,2.2852878721610543,7.275190265725518,1.5641320372003242,31.0,0.0,29.0,0.0,1.004790366716898,1.2966406097832908,0.946262574684136,1.2180999255047138,1.696623598181535,0.09796467533018606,5.406622697223415,1.027663579467239,0.57,0.0,0.22,0.02,0.07,0.09,0.0,0.0,0.0,0.03,0.0,0.0,0.0,0.31,0.0,0.69,0.0,0.0,0.0,2,0
283,0.12262756153443867,0.20641272124018378,7.0340255260527025,1.5169839176025355,7.730845043732111,2.313764502805884,6.971355335602734,1.864110176351196,31.0,0.0,29.0,0.0,1.2585723588272362,1.5599669963559244,1.1763356190823957,1.479906468775325,1.7140870836669095,0.09151300735518587,5.198076908883287,1.0041377623886527,0.54,0.0,0.24,0.01,0.04,0.14,0.0,0.0,0.0,0.03,0.0,0.0,0.0,0.4,0.0,0.6,0.0,0.0,0.0,2,0
284,0.19020378165393223,0.2629045466543773,7.477485808023548,1.6950084106427403,8.005611094897365,2.453583082964253,6.463825750094209,2.1212094174906704,32.61,22.783963437009593,30.65,22.7278030241163,1.7568842489147343,2.046814826386698,1.4975241046403878,1.534562323096418,1.723669129196814,0.12280579772554313,5.136037542703637,1.2540008053961975,0.47,0.0,0.16,0.03,0.1,0.13,0.0,0.0,0.0,0.07,0.0,0.04,0.0,0.24,0.0,0.74,0.02,0.0,0.0,3,0
285,0.17280216035004262,0.2579968121797596,7.362768074872244,1.7366086679007675,8.00264958400521,2.3419847193845356,6.735542424787236,1.8424319107848048,30.69,3.099999999999999,28.71,2.9,1.4054602727254248,1.6593954123624866,1.3576236169792537,1.6201467677060795,1.7135852502771962,0.11197673060478776,5.191060668797167,1.0112903045287513,0.57,0.0,0.23,0.01,0.0,0.06,0.0,0.0,0.0,0.08,0.0,0.05,0.0,0.38,0.0,0.62,0.0,0.0,0.0,3,0
286,0.1464083280873252,0.24101394078633412,7.430308319911976,1.447603535478956,8.394687047924341,2.252339088399916,7.095233449998204,1.6353913909116848,31.0,0.0,29.0,0.0,1.1810485324391446,1.3265833286287405,1.10499173018931,1.2467797531700087,1.6994760277667063,0.09407470473638488,5.3868301458731285,1.0344052383222855,0.62,0.0,0.15,0.02,0.08,0.08,0.0,0.0,0.0,0.02,0.0,0.03,0.0,0.26,0.0,0.74,0.0,0.0,0.0,2,0
287,0.12305886589598877,0.21687342295610215,7.259708921902536,1.5084996852782449,8.120906723450116,2.325722492361951,7.09235704272426,1.6738481812558033,31.0,0.0,29.0,0.0,1.1590193748491393,1.3708642796429003,1.0732655985092219,1.250401548249261,1.7024947999355342,0.10290265874479285,5.322741304669698,1.0486599359208755,0.57,0.0,0.2,0.03,0.1,0.07,0.0,0.0,0.0,0.02,0.0,0.01,0.0,0.31,0.0,0.69,0.0,0.0,0.0,2,0
288,0.19167742696759896,0.33582106559508224,7.210743078733802,1.6471878639429545,7.807788040324862,2.4720877509606156,6.588510281733381,2.0250810132458197,30.4,4.221158824088691,28.42,4.080453529952401,1.5824159542745257,1.8554413946048167,1.332092661145824,1.4471807045776224,1.7116592477902526,0.11644105812190679,5.160610750860021,1.260113038310256,0.46,0.0,0.2,0.04,0.13,0.07,0.0,0.0,0.0,0.06,0.0,0.04,0.0,0.32,0.0,0.66,0.0,0.02,0.0,3,0
289,0.21280283329696012,0.3481244889831795,7.336735541307402,1.701661819334886,7.91856643741586,2.4404357925254905,6.591092486043774,1.8941737174147604,35.15,31.574307097494138,33.17,31.552443117240017,1.5620642207908215,1.700530494794899,1.4919181085708846,1.6418738425436115,1.720436620276873,0.11871604915063237,5.1495073372089895,1.0515412653265608,0.51,0.0,0.21,0.03,0.1,0.08,0.0,0.0,0.0,0.06,0.0,0.01,0.0,0.31,0.0,0.69,0.0,0.0,0.0,3,0
290,0.19507128448156918,0.3132183037326392,7.338002309105683,1.5417191700050557,8.141366430592711,2.3122397380527406,6.589434507641699,2.036495719316872,41.84,49.016121858223364,39.86,48.99928261688834,1.6060297278056601,1.8186678674279058,1.5655185488197483,1.7785677044613455,1.7110439758344722,0.11084376413509463,5.3412782117313995,1.092691048756308,0.54,0.0,0.18,0.03,0.08,0.11,0.0,0.0,0.0,0.04,0.0,0.02,0.0,0.27,0.0,0.73,0.0,0.0,0.0,3,0
291,0.20272167356543097,0.33293561264142885,7.605405533714154,1.4592539126425377,8.477313986781901,2.2452143005714444,6.694295190586437,1.9245250738580848,37.07,38.589330969148264,35.11,38.55152527475536,1.5174313812356575,1.779931148169139,1.498809762426843,1.7770691140202066,1.7051454328322952,0.11731891745013046,5.402353687237759,1.1140035366110497,0.63,0.0,0.13,0.04,0.08,0.05,0.0,0.0,0.0,0.04,0.0,0.03,0.0,0.21,0.0,0.79,0.0,0.0,0.0,3,0
292,0.18443180064027537,0.3086911260476777,7.539179532204543,1.443513432759307,8.469009656643687,2.397675426547901,7.091924343262537,1.8077488992821338,37.69,38.23259358350166,35.69,38.23259358350166,1.2374246147389196,1.4411962381258263,1.1586492447293901,1.3695221035517584,1.706395182871609,0.09617819953876391,5.393709755085565,1.0695299133733434,0.68,0.0,0.14,0.01,0.01,0.11,0.0,0.0,0.0,0.02,0.0,0.03,0.0,0.27,0.0,0.73,0.0,0.0,0.0,2,0
293,0.16035079165276125,0.26749842204072566,7.357215700201117,1.7141735469458732,8.04861530635843,2.3556426589438746,6.931342611731768,1.7944267904654765,39.92,43.919043981425915,37.92,43.919043981425915,1.2639654550915649,1.4692011664012772,1.2245251122725929,1.435707583416233,1.7177294571645638,0.12239359220304248,5.2782376511142415,1.0561402960976434,0.46,0.0,0.24,0.03,0.08,0.12,0.0,0.0,0.0,0.05,0.0,0.02,0.0,0.29,0.0,0.71,0.0,0.0,0.0,2,0
294,0.18438688083127644,0.3490654214126707,7.361073971610957,1.622386480314969,8.071670479247182,2.5486349841552722,6.792755859724712,2.1001669291940335,46.31,57.52552266234317,41.22,53.823989244404935,1.4654354900545123,2.004588106106349,1.439531674145236,2.03151070379322,1.70112566067859,0.11853630433821526,5.225236302952978,1.318522382337035,0.61,0.0,0.16,0.03,0.08,0.08,0.0,0.0,0.0,0.03,0.0,0.01,0.0,0.24,0.01,0.74,0.01,0.0,0.0,4,0
295,0.1270517957789467,0.2152232293557679,7.248032809519587,1.6996921536628855,7.868067768946682,2.3924939078670415,7.117050161779258,1.7428805709731723,35.46,31.3772805923926,30.94,22.516804050452286,1.1434089007358441,1.3851676320687256,1.1177246790436723,1.367824844405772,1.716479696062742,0.12492037348211274,5.2156689626879436,1.1637987739685556,0.46,0.0,0.22,0.04,0.12,0.07,0.0,0.0,0.0,0.06,0.0,0.03,0.0,0.32,0.0,0.67,0.01,0.0,0.0,2,0
296,0.1906864262428301,0.2898621741515048,7.132729739959666,1.5329539654829243,8.0962815163877,2.3847212152767083,6.67950318004637,1.9293075453588187,33.23,22.3,31.23,22.3,1.4929002223761634,1.6391351119748039,1.4179023184778716,1.5956371761053356,1.6995062402683119,0.1001160759929583,5.3821823588296835,1.0614317912822118,0.46,0.0,0.22,0.03,0.13,0.14,0.0,0.0,0.0,0.01,0.0,0.01,0.0,0.29,0.0,0.71,0.0,0.0,0.0,2,0
297,0.22207229147271285,0.338262666536852,7.424346847482742,1.7482634277695874,8.273379270937262,2.4541972936225287,6.532812994609731,2.0807372105406707,37.07,38.58933096914824,35.11,38.55152527475535,1.6391937225421693,1.8699471838962085,1.598733895942231,1.8187219907245662,1.7149138041663698,0.1259859305382199,5.408452598668222,1.1107747192167499,0.48,0.0,0.21,0.02,0.07,0.15,0.0,0.0,0.0,0.05,0.0,0.02,0.0,0.28,0.0,0.72,0.0,0.0,0.0,3,0
298,0.13606772340247378,0.21122643551275094,7.198765536892589,1.5260024763554318,7.914228111638684,1.9532316383339734,6.8843901181009,1.8985925492282312,31.0,0.0,29.0,0.0,1.3609063546791829,1.5449281844156812,1.3102205563977776,1.4931049896419033,1.7150889694483369,0.11583119849989985,5.255369638219284,0.9965978898361686,0.45,0.0,0.18,0.05,0.14,0.1,0.0,0.0,0.0,0.06,0.0,0.02,0.0,0.28,0.0,0.72,0.0,0.0,0.0,2,0
299,0.13576585130222,0.20534408326805398,7.775652951310487,1.5096241619578603,8.513750254826,2.3112713027363365,7.060343185682696,1.6430729053273103,37.69,38.23259358350166,35.69,38.23259358350166,1.1947298355276639,1.240258863852066,1.1882239859817323,1.2759870556247856,1.7252605424105238,0.13278797526120367,5.401153756066399,1.1016444934998653,0.69,0.0,0.12,0.02,0.06,0.05,0.0,0.0,0.0,0.06,0.0,0.0,0.0,0.23,0.0,0.77,0.0,0.0,0.0,2,0
300,0.1692498728731462,0.2840765308125843,7.380426329905256,1.627641328221176,8.367453255016438,2.4085765802448287,6.906256908922652,1.8134477411573566,33.23,22.3,31.23,22.3,1.29655691057336,1.474661282789479,1.2475889744664799,1.434734034488294,1.6937379012937048,0.10178042887082471,5.399894149159077,1.0555666320338566,0.61,0.0,0.2,0.02,0.06,0.06,0.0,0.0,0.0,0.04,0.0,0.01,0.0,0.29,0.0,0.71,0.0,0.0,0.0,2,0
301,0.15256311576387377,0.22836248860523942,7.384213311754673,1.6280566312462799,8.08381252635641,2.5095903829503503,6.7410783458075585,1.9499976404970871,37.07,38.58933096914824,35.11,38.55152527475535,1.5031352515664103,1.9325879674291024,1.2569416986747959,1.3862102640185914,1.7074358746304932,0.12090503168479733,5.21749522298818,1.3024091682114567,0.55,0.0,0.18,0.04,0.11,0.08,0.0,0.0,0.0,0.03,0.0,0.01,0.0,0.21,0.0,0.77,0.02,0.0,0.0,3,0
302,0.13063312193623977,0.21317335625798647,7.2603046912528555,1.531199806794042,8.191847601702925,2.2474369233049463,7.081703792272759,1.7615019997436527,33.23,22.3,31.23,22.3,1.1687628464049857,1.4651978913960129,1.1307176120258058,1.4449924477320188,1.701656047336899,0.11006353960717281,5.4105304328826485,1.0537489823871886,0.48,0.0,0.22,0.04,0.1,0.13,0.0,0.0,0.0,0.03,0.0,0.0,0.0,0.26,0.0,0.74,0.0,0.0,0.0,2,0
303,0.15862771141222715,0.2482793978928748,7.396529696913596,1.5483652479445624,8.270048106215445,2.1246486888266705,6.891064980528982,1.788162146729467,35.46,31.3772805923926,33.46,31.3772805923926,1.32736706011869,1.474592304415972,1.27159736420494,1.4238463511170985,1.7022885027502832,0.10801275792443639,5.3461470674901514,1.016518218792415,0.59,0.0,0.18,0.03,0.08,0.06,0.0,0.0,0.0,0.04,0.0,0.02,0.0,0.25,0.0,0.75,0.0,0.0,0.0,2,0
304,0.2243059174581343,0.32266394652089103,7.682547887350475,1.7201164086066136,8.600884095464508,2.710298626964138,6.814798891672726,1.7118602985102136,35.46,31.377280592392605,33.46,31.377280592392605,1.3769906932339766,1.416865276419019,1.2949729732483037,1.3884049691163514,1.7158306196923305,0.12101897284287134,5.42854215233675,1.1357407074033472,0.57,0.0,0.17,0.03,0.07,0.1,0.0,0.0,0.0,0.05,0.0,0.01,0.0,0.26,0.0,0.74,0.0,0.0,0.0,2,0
305,0.14958497559003053,0.2624403499514907,7.382194850843097,1.7100261849936997,8.221725194163104,2.592669298145027,7.136587012737599,1.6398665583816716,39.92,43.919043981425915,37.92,43.919043981425915,1.0907722515048857,1.3742803399880992,1.052874918240052,1.3630562036139022,1.716998430450528,0.12201645358963388,5.402580866501733,1.118109811184435,0.57,0.0,0.23,0.01,0.05,0.1,0.0,0.0,0.0,0.04,0.0,0.0,0.0,0.32,0.0,0.68,0.0,0.0,0.0,2,0
306,0.18960451154331498,0.31196137371609894,7.58494502115295,1.6306701559017367,8.366631958451,2.2271179381203368,6.8824745874252855,1.9212010404232138,42.15,48.84656972334264,40.15,48.84656972334264,1.3378620026883572,1.5887842509910972,1.3302126635562077,1.652661186667182,1.7184349731627564,0.12467259048547738,5.401359235745011,1.0378717671871922,0.59,0.0,0.17,0.02,0.05,0.1,0.0,0.0,0.0,0.03,0.0,0.04,0.0,0.27,0.0,0.73,0.0,0.0,0.0,2,0
307,0.14205508053719393,0.24340861119011237,7.440644576293279,1.5984809562234326,8.349009036569962,2.366324577325061,7.180817188745107,1.6148920814022232,35.46,31.3772805923926,33.46,31.3772805923926,1.0786939003453657,1.3515129540898496,1.0245655813968622,1.3011807328049014,1.7122437147051863,0.1084040844205483,5.418618614467983,1.0463496724511718,0.63,0.0,0.2,0.0,0.01,0.1,0.0,0.0,0.0,0.05,0.0,0.01,0.0,0.3,0.0,0.7,0.0,0.0,0.0,2,0
308,0.1577490314461117,0.2300736525076065,7.508001895433677,1.4367927196267838,8.585130533536173,2.444059628151291,6.797228798406552,1.7332024588530672,35.46,31.3772805923926,33.46,31.3772805923926,1.3466767159744775,1.4009291210484391,1.3318151146110548,1.4171724247884903,1.704526375443859,0.10518905003452039,5.549240117660068,1.0964365850966256,0.69,0.0,0.14,0.02,0.04,0.09,0.0,0.0,0.0,0.02,0.0,0.0,0.0,0.28,0.0,0.72,0.0,0.0,0.0,2,0
309,0.14770678397516332,0.20459993783762173,7.4746808509578155,1.6409914582442793,8.032689630895467,2.5480502095360467,6.615957370771725,2.084798177313794,39.3,44.26150481039713,37.34,44.226510629081304,1.6148849071682663,2.021283281544319,1.3399971788017755,1.495596134815418,1.7363791943173335,0.12307641851650829,5.256624719504914,1.286640065906338,0.69,0.0,0.15,0.0,0.0,0.09,0.0,0.0,0.0,0.06,0.0,0.01,0.0,0.33,0.0,0.65,0.02,0.0,0.0,3,0
310,0.14823608959749676,0.22103342756845773,7.351107493109842,1.5574956899159047,8.254914310070804,2.353818291818713,6.970392221933667,1.7164384934619703,35.46,31.37728059239261,33.46,31.37728059239261,1.2250985203610179,1.4594746619306584,1.1761014413849595,1.400333170968978,1.7142298798116116,0.10794661968681417,5.440312990060354,1.0507670918812357,0.59,0.0,0.2,0.01,0.03,0.12,0.0,0.0,0.0,0.04,0.0,0.01,0.0,0.32,0.0,0.68,0.0,0.0,0.0,2,0
311,0.14769012834034073,0.2577580666063266,7.3266934838735995,1.6925914890520457,8.138478586759533,2.287877538570498,7.074187414203267,1.8480969337128685,31.0,0.0,29.0,0.0,1.1980185729136454,1.5418873134426816,1.1397196078633118,1.464697094827378,1.721830665686794,0.11959779221092902,5.402477656068687,1.0207740319252563,0.51,0.0,0.23,0.01,0.04,0.11,0.0,0.0,0.0,0.09,0.0,0.01,0.0,0.34,0.0,0.66,0.0,0.0,0.0,2,0
312,0.22408898466416008,0.2910057294578533,7.569961850629743,1.6066434161482395,8.533525057730483,2.645064981382589,6.344455124750655,1.76116058628881,30.4,4.221158824088691,28.42,4.0804535299524,1.6820975743544415,1.7067398003578682,1.4412054431291303,1.2757843902231782,1.7047731965042336,0.11082439374749145,5.46830216687311,1.317233782894051,0.57,0.0,0.19,0.01,0.02,0.1,0.0,0.0,0.0,0.07,0.0,0.04,0.0,0.25,0.0,0.73,0.0,0.02,0.0,3,0
313,0.14119787568675823,0.21154760132436956,7.056813240357977,1.6570445593892926,7.630152376398595,2.264903113818747,6.837934911169515,1.8389049053578599,31.0,0.0,29.0,0.0,1.3205212003316822,1.57239334587251,1.2556075941393008,1.5085797780011492,1.7269614228553385,0.1097477947853318,5.173588010279836,0.9886765476721722,0.42,0.0,0.26,0.02,0.08,0.15,0.0,0.0,0.0,0.05,0.0,0.02,0.0,0.41,0.0,0.59,0.0,0.0,0.0,2,0
314,0.15457445316426732,0.2208258253822885,7.3389204125809355,1.6350755168897946,8.07955669274116,2.302580752329933,6.868404698353811,1.9010255482822345,31.0,0.0,29.0,0.0,1.3643188549954575,1.5711966506153656,1.3017131966463744,1.508043094664675,1.719331002590875,0.11472344908220632,5.286671770423271,1.0357837713204903,0.5,0.0,0.21,0.02,0.06,0.14,0.0,0.0,0.0,0.07,0.0,0.0,0.0,0.3,0.0,0.7,0.0,0.0,0.0,2,0
315,0.2296278048738294,0.37242294172431917,7.5830664073266565,1.7385690054775254,8.689902131869434,2.645431730825296,6.919924098270862,1.6863970029865225,31.0,0.0,29.0,0.0,1.2746763793503704,1.4454793450545227,1.1862393206774824,1.3224180983589493,1.6985797900789052,0.10512136971016083,5.507476714598745,1.1028197305518175,0.56,0.0,0.22,0.01,0.03,0.09,0.0,0.0,0.0,0.06,0.0,0.03,0.0,0.28,0.0,0.72,0.0,0.0,0.0,2,0
316,0.18223919837706945,0.31399601942673816,7.416741585335424,1.4798875261397673,8.377282820256518,2.4135618750770074,6.805207227639557,1.869596045392546,31.0,0.0,29.0,0.0,1.4069762556422867,1.5501935308005226,1.3066336877227152,1.4601325476441935,1.7062646055488844,0.08297395326221071,5.416253190765983,1.0425777603745865,0.68,0.0,0.16,0.0,0.0,0.1,0.0,0.0,0.0,0.02,0.0,0.04,0.0,0.34,0.0,0.66,0.0,0.0,0.0,2,0
317,0.1860686320120613,0.27061233874398816,7.478395559134919,1.4509608832244039,8.31369241591981,2.312281463886544,6.50045867145059,1.8842619249455326,31.0,0.0,29.0,0.0,1.6230319852460369,1.5447872404403347,1.5410610997912075,1.4718580911282477,1.7094671019801808,0.08701517730581651,5.309448505638016,1.0266483657022234,0.65,0.0,0.14,0.01,0.01,0.11,0.0,0.0,0.0,0.03,0.0,0.05,0.0,0.31,0.0,0.69,0.0,0.0,0.0,2,0
318,0.14005492399107877,0.2605599318632434,7.295445465216104,1.5529003165228517,8.177611231462368,2.445241857107478,6.9360773735623855,1.6662569850366828,30.69,3.0999999999999996,28.71,2.9,1.273149229933606,1.5052670465801907,1.2103016941202405,1.470269906477038,1.7066626857642817,0.1106356990053725,5.3696953174214626,1.097891478491373,0.58,0.0,0.18,0.02,0.09,0.08,0.0,0.0,0.0,0.04,0.0,0.01,0.0,0.32,0.0,0.68,0.0,0.0,0.0,3,0
319,0.14395160133864907,0.2592240291469424,7.403029469343237,1.687313953048638,8.192995445976356,2.3552059784854245,7.188268827847147,1.5210605306752398,31.0,0.0,29.0,0.0,1.0419697529119083,1.272755348622778,0.9789603528276111,1.1991720841117948,1.708726074385816,0.11463645547775628,5.298342787913009,1.0436865190553029,0.49,0.0,0.22,0.04,0.08,0.08,0.0,0.0,0.0,0.06,0.0,0.03,0.0,0.29,0.0,0.71,0.0,0.0,0.0,2,0
320,0.17318597645310585,0.29330861362905236,7.226000189173679,1.7150371892540506,8.217556305443953,2.487070908944214,7.022959520981889,1.7320645419207394,31.0,0.0,29.0,0.0,1.1958675872974123,1.507870550588152,1.108218827524923,1.3976373846762138,1.7025042390170424,0.10721241285666606,5.422771547652237,1.0571847861824166,0.41,0.0,0.26,0.02,0.08,0.15,0.0,0.0,0.0,0.05,0.0,0.03,0.0,0.32,0.0,0.68,0.0,0.0,0.0,2,0
321,0.2086426253081716,0.3362022061256089,7.509669876682231,1.6763557423589348,8.39199992058352,2.4198309697822245,6.879844929063977,1.6148642224667025,31.0,0.0,29.0,0.0,1.267621435076562,1.3240625892810987,1.2253294316653833,1.2671780486024455,1.6979270671729203,0.10568839359600785,5.316795074376983,1.0450881881300402,0.55,0.0,0.2,0.03,0.07,0.06,0.0,0.0,0.0,0.05,0.0,0.04,0.0,0.27,0.0,0.73,0.0,0.0,0.0,2,0
322,0.18257130321665524,0.3108452858942972,7.409085377702655,1.6974727358594743,8.37997235577035,2.449108034314706,6.912436074158205,1.6517448663950827,31.0,0.0,29.0,0.0,1.2642741898412513,1.4234700908657036,1.1937826459303256,1.3338703349680436,1.7026110757337478,0.1162354561246159,5.434909519587426,1.0730166830809127,0.49,0.0,0.21,0.03,0.1,0.1,0.0,0.0,0.0,0.06,0.0,0.01,0.0,0.28,0.0,0.72,0.0,0.0,0.0,2,0
323,0.16835714711725744,0.2992685229096994,7.566645139729571,1.4181981187343644,8.5191860149784,2.447439108929061,7.01014323917089,1.5317534615286494,31.0,0.0,29.0,0.0,1.232744253300331,1.208727123410742,1.161122314618813,1.1801766814699397,1.7070982332737328,0.10267365519618461,5.429970664535108,1.0915871373833987,0.71,0.0,0.1,0.03,0.08,0.03,0.0,0.0,0.0,0.02,0.0,0.03,0.0,0.28,0.0,0.72,0.0,0.0,0.0,2,0
324,0.1993141661174736,0.3228353220094578,7.440169231480116,1.618098263612562,8.646535743272436,2.616976366674769,6.817816766353396,1.6563142734726386,31.0,0.0,29.0,0.0,1.3197280569130183,1.4033529899156683,1.2544911214233767,1.3344163216547453,1.6897860291498137,0.09409383276147269,5.562406033698095,1.0949292545944223,0.56,0.0,0.21,0.02,0.07,0.09,0.0,0.0,0.0,0.02,0.0,0.03,0.0,0.27,0.0,0.73,0.0,0.0,0.0,2,0
325,0.11672920036774258,0.25043455496100586,7.251664026292574,1.6352905208766888,7.92558266558465,2.4422968454052936,7.125026087770031,1.9952988985618048,30.07,5.314844847930723,28.13,4.971951631935194,1.2725447190132042,2.077156739087637,1.0029237418195214,1.4912758365422984,1.708916054013532,0.10850920449671253,5.191588066082327,1.2386854511719216,0.62,0.0,0.18,0.01,0.05,0.06,0.0,0.0,0.0,0.05,0.0,0.03,0.0,0.32,0.0,0.66,0.02,0.0,0.0,3,0
326,0.1652683807012013,0.2561890225384819,7.012417380685056,1.5412083828783179,7.930287722340252,2.396963137118725,6.797142929617647,1.9505988799122376,31.0,0.0,29.0,0.0,1.384155212872478,1.6671250848421844,1.3255399390121576,1.6176560740711021,1.6984493063968154,0.09893762685373979,5.339267579352277,1.0579437015720081,0.37,0.0,0.27,0.04,0.12,0.18,0.0,0.0,0.0,0.01,0.0,0.01,0.0,0.33,0.0,0.67,0.0,0.0,0.0,2,0
327,0.1903181462992762,0.31015385037780024,7.580077949812417,1.6542290022971038,8.444350778336057,2.3621511060364435,6.8842936234782846,1.8636743439617638,30.69,3.099999999999999,28.71,2.9,1.3744570758792298,1.7178323513313087,1.3053424575418107,1.651293723756062,1.7171348238711515,0.11947849903870102,5.411783497724304,1.0492375707360906,0.55,0.0,0.16,0.02,0.03,0.14,0.0,0.0,0.0,0.08,0.0,0.02,0.0,0.28,0.0,0.72,0.0,0.0,0.0,3,0
328,0.14225092597565456,0.21896951934064973,7.323049049639294,1.644763363369882,8.233449837048186,2.283314907969712,6.805841384352417,1.6778468861474378,31.0,0.0,29.0,0.0,1.3236516906057514,1.4223404234029993,1.2723505845498482,1.3688811021920584,1.7069799952900602,0.11402789523481392,5.407809822288072,1.0375329265723359,0.49,0.0,0.21,0.03,0.1,0.08,0.0,0.0,0.0,0.06,0.0,0.03,0.0,0.28,0.0,0.72,0.0,0.0,0.0,2,0
329,0.2427056932541641,0.34796008742623574,7.208182688868504,1.629544583620443,7.70235068380853,2.785487356722294,6.283287533674675,2.281895399966143,30.1,6.864489210510284,27.55,6.352244493170118,1.8706819357343243,2.0479523280896728,1.6653302488867014,1.7904087364035628,1.7137800259314482,0.10622475429123038,5.068760432711065,1.3928150873762768,0.58,0.0,0.19,0.03,0.06,0.09,0.0,0.0,0.0,0.04,0.0,0.01,0.0,0.35,0.01,0.62,0.0,0.02,0.0,5,0
330,0.18965128627710193,0.3122531979021407,7.278769227791254,1.60392901082212,8.369402342852606,2.496073142294327,6.8298099424292165,1.6897965556733823,31.0,0.0,29.0,0.0,1.318397109562841,1.4710095819605329,1.2274937481677177,1.3589372002440083,1.6957973968952402,0.09422838272937119,5.4793410882972475,1.047191765022488,0.56,0.0,0.23,0.02,0.05,0.1,0.0,0.0,0.0,0.03,0.0,0.01,0.0,0.32,0.0,0.68,0.0,0.0,0.0,2,0
331,0.1586099582833837,0.24035827701079024,7.497634547394491,1.6031819328462689,8.696984563693881,2.3880845622419806,6.9044879331412154,1.520567791220681,31.0,0.0,29.0,0.0,1.255809417288452,1.2680093526378153,1.1934332066817215,1.2167656216586948,1.6983586355791513,0.11432180628246442,5.6405603011617576,1.057897286978646,0.54,0.0,0.17,0.02,0.09,0.1,0.0,0.0,0.0,0.06,0.0,0.02,0.0,0.24,0.0,0.76,0.0,0.0,0.0,2,0
332,0.14127256270983232,0.20668001978196482,7.494897599301498,1.4879316510322291,8.648497515553624,2.412615974887307,6.958946456470887,1.6044990982342116,31.0,0.0,29.0,0.0,1.2380816591804595,1.2889295544524662,1.1832224373960059,1.230942039696836,1.6956604545639216,0.09657353471214575,5.578083221491548,1.0709528537348243,0.65,0.0,0.18,0.0,0.04,0.08,0.0,0.0,0.0,0.03,0.0,0.02,0.0,0.26,0.0,0.74,0.0,0.0,0.0,2,0
333,0.17402768047628617,0.23376142893464194,7.25492486499208,1.5203961653144802,8.264300725273948,2.3803083879556644,6.537945840513955,1.8619101559553295,31.0,0.0,29.0,0.0,1.5333409795382809,1.550346428894249,1.495494843071868,1.5343668617142598,1.6973832955375214,0.09682093049912713,5.4235579518246855,1.0546363900311182,0.56,0.0,0.2,0.03,0.08,0.09,0.0,0.0,0.0,0.03,0.0,0.01,0.0,0.31,0.0,0.69,0.0,0.0,0.0,2,0
334,0.1595371088056425,0.2429338729784406,7.35923232514477,1.5760780382613522,8.286537664130583,2.3123775957429364,6.881328240890294,1.749900724815141,31.0,0.0,29.0,0.0,1.3072309534436841,1.4723872498901078,1.2416903789242721,1.3923174663619313,1.7081643459665559,0.10833791457695355,5.4277878522592165,1.041965078627571,0.55,0.0,0.2,0.02,0.08,0.1,0.0,0.0,0.0,0.04,0.0,0.01,0.0,0.3,0.0,0.7,0.0,0.0,0.0,2,0
335,0.09503321873206694,0.1888534641611028,7.250955881416239,1.4868274253487475,8.201823534507758,2.399599970409814,7.418069766771861,1.3724011184325198,31.0,0.0,29.0,0.0,0.8831540980553007,1.090429320520687,0.830950008255778,1.0610869917502308,1.7014659165119717,0.09526435217495798,5.405373388967123,1.0538482902091455,0.65,0.0,0.2,0.02,0.04,0.05,0.0,0.0,0.0,0.03,0.0,0.01,0.0,0.34,0.0,0.66,0.0,0.0,0.0,2,0
336,0.20064358206780092,0.2954898410756381,7.577250418930492,1.7806400793607193,8.35048350721693,2.457819997905019,6.792050104559207,1.740543098411067,33.23,22.3,31.23,22.3,1.3775146279454957,1.4465102277635555,1.3180746011859523,1.4053172855828622,1.7186301433604252,0.12951455637419867,5.338023913851098,1.0880258879728435,0.43,0.0,0.2,0.04,0.09,0.13,0.0,0.0,0.0,0.08,0.0,0.03,0.0,0.26,0.0,0.74,0.0,0.0,0.0,2,0
337,0.17171441688673064,0.29421549225402494,7.212899518158201,1.4579701221433616,8.061478880733995,2.2485872585254154,6.758809810324666,1.9522157923862824,35.15,31.574307097494138,33.17,31.552443117240017,1.475617250825724,1.7147151210709357,1.4036899844199977,1.6766360553256154,1.7075266071644604,0.1020872217920496,5.327069138345776,1.0312901600826831,0.59,0.0,0.15,0.01,0.11,0.1,0.0,0.0,0.0,0.01,0.0,0.03,0.0,0.3,0.0,0.7,0.0,0.0,0.0,3,0
338,0.19996528664806437,0.29880012883638024,7.511070033555688,1.5383556618825442,8.21323277480528,2.2599781772503986,6.73362602330261,1.9259669902855459,33.23,22.3,31.23,22.3,1.4507822500498457,1.5654432687894793,1.4269702390788674,1.5834797049264169,1.7187765159123927,0.11532066433975252,5.305676765111777,1.0441619183956143,0.55,0.0,0.15,0.04,0.11,0.04,0.0,0.0,0.0,0.02,0.0,0.09,0.0,0.29,0.0,0.71,0.0,0.0,0.0,2,0
339,0.1968311558809365,0.2787146175758474,7.493560574661949,1.6849799178831537,8.263266058747044,2.320986982287112,6.722511999667466,1.8781740064163792,35.46,31.37728059239261,33.46,31.37728059239261,1.4481497858890642,1.5489414512161044,1.3974867359453622,1.5078999386094913,1.7218259856116795,0.11815905551299227,5.355261578051832,1.0374538041795298,0.51,0.0,0.21,0.03,0.04,0.11,0.0,0.0,0.0,0.06,0.0,0.04,0.0,0.28,0.0,0.72,0.0,0.0,0.0,2,0
340,0.14197683298492275,0.23177123849318582,7.1576257638076095,1.6261303255044024,8.072343199094334,2.371695184662978,6.922223283357996,1.7163594886615279,35.46,31.37728059239261,33.46,31.37728059239261,1.237283456096477,1.4707950273136778,1.1771043471262284,1.441837585148228,1.7028166249646386,0.10466110310418109,5.383992816637002,1.0368553423572129,0.51,0.0,0.25,0.0,0.06,0.14,0.0,0.0,0.0,0.03,0.0,0.01,0.0,0.33,0.0,0.67,0.0,0.0,0.0,2,0
341,0.20959612924839072,0.32101968998472136,7.13205541543473,1.7779748557718758,7.798258664446427,2.783399634246393,6.305269959553377,2.07942334261625,34.53,31.95560525276758,32.59,31.89189283004112,1.8157070762643184,2.2440693616378047,1.5406725964347867,1.8008549314504736,1.7061968866372286,0.1156509968337263,5.157584261628245,1.2980971643998231,0.51,0.0,0.25,0.03,0.07,0.11,0.0,0.0,0.0,0.03,0.0,0.0,0.0,0.36,0.0,0.62,0.02,0.0,0.0,3,0
342,0.20627752496566068,0.27852853063233396,7.306713865035882,1.5696810216297468,8.657385192172155,2.3874360529806573,6.5763023048084195,2.021381266557556,31.0,0.0,29.0,0.0,1.5974588048867977,1.7653053856766683,1.507169443657903,1.6753718027948077,1.6868926271764344,0.09594623441422379,5.684073487637226,1.0293147335738597,0.44,0.0,0.22,0.02,0.11,0.17,0.0,0.0,0.0,0.02,0.0,0.02,0.0,0.24,0.0,0.76,0.0,0.0,0.0,2,0
343,0.21129016006677726,0.3161934439010927,7.2668641041444815,1.6042267325938337,8.224064238273808,2.4392844849952273,6.778599237898355,1.9907626757053367,35.46,31.37728059239261,33.46,31.37728059239261,1.4328875527720937,1.7255033729274978,1.3470498056523834,1.6424742192325539,1.7094196084677507,0.10512729518737339,5.435632237820133,1.0609789531723335,0.52,0.0,0.22,0.02,0.06,0.13,0.0,0.0,0.0,0.03,0.0,0.02,0.0,0.33,0.0,0.67,0.0,0.0,0.0,2,0
344,0.21546682355421795,0.29868813212476986,7.163175712074733,1.723568607298344,7.8909895149994895,2.485121215688799,6.416171659611039,2.0454344926085692,35.46,31.377280592392598,33.46,31.3772805923926,1.6483617886098216,1.7949511821801014,1.602027854616801,1.761561405778581,1.7118595470736475,0.11449588953637892,5.258698249547415,1.0456686359006966,0.43,0.0,0.26,0.04,0.09,0.12,0.0,0.0,0.0,0.03,0.0,0.03,0.0,0.37,0.0,0.63,0.0,0.0,0.0,2,0
345,0.20326583859360536,0.2824475037096574,7.415623006875373,1.592329803337591,8.129754617171587,2.293781139979048,6.286991911892539,1.9587802746435208,31.0,0.0,29.0,0.0,1.7374259536737426,1.6626434151098355,1.7292916485409808,1.6969415050740195,1.7214726373355105,0.12337107557579131,5.331370036681261,1.0753796349643905,0.55,0.0,0.17,0.03,0.11,0.08,0.0,0.0,0.0,0.06,0.0,0.0,0.0,0.3,0.0,0.7,0.0,0.0,0.0,2,0
346,0.2142333486250625,0.3005025643071134,7.35969771032477,1.7070545450354988,8.15378097981988,2.4086559174873345,6.551345712171074,1.886348262990777,35.75,31.469521891519232,35.71,38.34724253582011,1.5129376016188545,1.5963121150830482,1.4848756107676575,1.5901389188290016,1.704514858070496,0.12082681748088846,5.303825931033896,1.0683495044641016,0.44,0.0,0.24,0.06,0.1,0.11,0.0,0.0,0.0,0.04,0.0,0.01,0.0,0.28,0.0,0.72,0.0,0.0,0.0,2,0
347,0.18483434143911348,0.3016248239029343,7.499961991675608,1.615708724036737,8.482160384877199,2.6434439565099663,6.834145934939369,1.7392871914367907,33.23,22.299999999999997,31.23,22.299999999999997,1.3278169412313263,1.4751822452376862,1.2628345294890113,1.4384655353894777,1.710846801569332,0.1098997493346925,5.492476196432583,1.1036045242119485,0.62,0.0,0.2,0.01,0.04,0.09,0.0,0.0,0.0,0.03,0.0,0.01,0.0,0.31,0.0,0.69,0.0,0.0,0.0,2,0
348,0.1773297437104864,0.30957532253510617,7.374425820718496,1.5764241841251385,8.273145807001304,2.32765535158986,6.91099642231354,1.8798359647240652,32.92,22.545433365907286,30.94,22.516804050452286,1.3169042083676588,1.7234408825087044,1.2386779218815809,1.6614651093748178,1.711478747472835,0.10992297045969496,5.408399960488075,1.0562264574319582,0.56,0.0,0.19,0.02,0.03,0.14,0.0,0.0,0.0,0.05,0.0,0.01,0.0,0.28,0.0,0.72,0.0,0.0,0.0,3,0
349,0.27366925103103784,0.36700514077274604,7.636703939594182,1.6295277527117116,8.643353897726914,2.8409672100105725,6.43873664232253,1.9084150614763888,32.63,22.755465543934978,30.65,22.727803024116305,1.6736383211259795,1.775562232597918,1.4073971797128701,1.369304615200278,1.698636714198247,0.09961642000155889,5.443876578887865,1.3323619637680522,0.67,0.0,0.17,0.0,0.01,0.1,0.0,0.0,0.0,0.04,0.0,0.01,0.0,0.27,0.0,0.71,0.0,0.02,0.0,3,0
350,0.17483618974979986,0.2579340911998362,7.482126178793273,1.7868472159620619,8.497355150170726,2.621590214289771,6.813086830573292,1.5556750868734481,33.23,22.3,31.23,22.3,1.3014465781532214,1.3467957486386617,1.2177514820491644,1.265154307055097,1.7069749449940084,0.11998861906765013,5.486506055377424,1.1149055176403624,0.51,0.0,0.23,0.01,0.05,0.11,0.0,0.0,0.0,0.08,0.0,0.01,0.0,0.29,0.0,0.71,0.0,0.0,0.0,2,0
351,0.2203818458427761,0.2977138759126222,7.511567130411617,1.5979212234068214,8.762793581638194,2.5050841196536022,6.692394715552511,1.7948800287539075,35.46,31.377280592392605,33.46,31.377280592392605,1.4438687345655137,1.5413696609810936,1.3822929342656918,1.48945899177486,1.6892098077571465,0.10142493599068483,5.624295375101949,1.0795742320016175,0.58,0.0,0.22,0.02,0.04,0.1,0.0,0.0,0.0,0.02,0.0,0.02,0.0,0.26,0.0,0.74,0.0,0.0,0.0,2,0
352,0.1766556057571293,0.28095286929627306,7.3384812098764405,1.6012598321716929,8.235077502314601,2.4057959070392014,6.876250008022032,1.9014129150059973,35.46,31.37728059239261,33.46,31.37728059239261,1.3521637649721936,1.6179521257472078,1.2839352034924025,1.5472867965291708,1.712931607751426,0.11350800392378764,5.420193325054956,1.0655241510262061,0.52,0.0,0.21,0.02,0.08,0.13,0.0,0.0,0.0,0.03,0.0,0.01,0.0,0.29,0.0,0.71,0.0,0.0,0.0,2,0
353,0.15079123026119468,0.2640204523347731,6.986012822700051,1.6590846836435187,8.022920583814248,2.4548196281125705,7.0882361122991835,1.9084731290977517,35.46,31.3772805923926,33.46,31.3772805923926,1.1683789775118225,1.6543746027136261,1.0935198074784487,1.5644602693268537,1.6996766884407832,0.09803292102105626,5.463550707006711,1.0431503763617493,0.42,0.0,0.32,0.01,0.04,0.17,0.0,0.0,0.0,0.03,0.0,0.01,0.0,0.38,0.0,0.62,0.0,0.0,0.0,2,0
354,0.18482499475647496,0.280382673728301,7.491509607628927,1.7431838549226606,8.37784821749813,2.2874022071508633,6.835730669239638,1.970117233753741,32.92,22.545433365907293,30.94,22.51680405045229,1.381741199265356,1.7794033865362935,1.3581528734103412,1.7530875159975645,1.7123162627675708,0.12757385961289877,5.447177376199931,1.0524610253786613,0.47,0.0,0.23,0.01,0.05,0.14,0.0,0.0,0.0,0.08,0.0,0.02,0.0,0.27,0.0,0.73,0.0,0.0,0.0,3,0
355,0.1711228061383817,0.3049706869946306,7.0332583711504855,1.5382794082983426,7.676100045793739,2.7469251261454235,6.809645917702898,2.147635351400897,39.61,44.09170768827951,27.55,6.352244493170119,1.4738111705333727,1.8985253844959944,1.3374182301048472,1.7431118250551911,1.703101105894612,0.11575935029614724,5.157239609502573,1.4646849002421496,0.48,0.0,0.23,0.05,0.12,0.08,0.0,0.0,0.0,0.02,0.0,0.02,0.0,0.32,0.0,0.64,0.04,0.0,0.0,3,0
356,0.16406806059002235,0.2616406643498316,7.38629359801246,1.5020878804893352,7.779488830367564,2.9402852075771695,6.92603770650129,2.223416536126273,44.38,53.22636621643506,27.26,6.921814440702319,1.433487700432554,1.6043705589941821,1.370678276230606,1.5456362876306147,1.7311514573328914,0.122963397979861,5.072600162839904,1.6188981807079905,0.59,0.0,0.15,0.02,0.06,0.1,0.0,0.0,0.0,0.05,0.0,0.03,0.0,0.28,0.0,0.66,0.06,0.0,0.0,2,0
357,0.1662567940717303,0.2748369257240179,7.402037502835076,1.4510652949790757,7.608882173777198,3.2873743448025357,7.04211213855152,2.306573648027754,51.07,64.14003855201946,26.39,8.341081246675179,1.3971336685003197,1.514990409717141,1.35822890610473,1.4795416412870372,1.7383744729334438,0.12644374275854015,4.954532752490467,1.8619846866802146,0.63,0.0,0.14,0.02,0.06,0.09,0.0,0.0,0.0,0.03,0.0,0.03,0.0,0.28,0.0,0.63,0.09,0.0,0.0,2,0
358,0.1246203133699989,0.21811931681933971,7.1466136175385735,1.6681438020732438,6.741858403107443,3.7629317464845506,7.513952704297408,2.600618406792606,63.83,80.4078059178663,24.07,10.94822987399047,1.2359647789781183,1.9354784750070482,0.994021108281042,1.3379744116955807,1.7456572345203125,0.15265944823946243,4.46101835538361,2.244506787802054,0.55,0.0,0.21,0.02,0.1,0.05,0.0,0.0,0.0,0.06,0.0,0.01,0.0,0.26,0.0,0.57,0.17,0.0,0.0,3,0
359,0.20334446013182642,0.3146506302372189,7.347090664150861,1.5577293122718998,7.703394649743119,3.6257183287869004,7.153147464835432,2.443332460265357,55.53,70.12592641495408,25.81,9.119515094321384,1.374627712308615,1.7457760222842444,1.204120457325971,1.4790093377444187,1.7250238466109977,0.13656447580004089,5.024121756951095,2.052611332944569,0.54,0.0,0.2,0.03,0.07,0.11,0.0,0.0,0.0,0.04,0.0,0.01,0.0,0.25,0.0,0.64,0.11,0.0,0.0,2,0
360,0.1989260883222887,0.3293777575636834,7.26838680957644,1.4225843651966725,7.1210106373706425,3.7323900994315142,7.332641354106631,2.6750503582384497,64.45,80.02807272602797,24.65,10.407238157196465,1.37733967119068,1.733482331242088,1.3091586074505617,1.7019483619664137,1.7420485110040032,0.14363755605169923,4.664932303756569,2.207737369814278,0.55,0.0,0.16,0.05,0.09,0.12,0.0,0.0,0.0,0.03,0.0,0.0,0.0,0.23,0.0,0.62,0.15,0.0,0.0,2,0
361,0.22185385364829227,0.3097850633617591,7.579880944950065,1.457741204111426,6.96460609136107,3.8354829317538806,6.9800039611396745,2.7552374072552097,68.91,84.18811247930601,24.07,10.94822987399047,1.6347585370537703,1.6555228341918173,1.6178012691521855,1.6634487095254553,1.77836730387549,0.14520541976038936,4.456444205775326,2.24464331269484,0.61,0.0,0.11,0.03,0.05,0.13,0.0,0.0,0.0,0.05,0.0,0.02,0.0,0.23,0.0,0.6,0.17,0.0,0.0,2,0
362,0.10608602052715418,0.19306673784939796,7.224866047814172,1.4856140815432086,6.787900877165566,3.7497744965489,7.730157076648432,2.4048086261447406,68.91,84.18811247930603,24.07,10.948229873990467,1.0312196547273285,1.3254633637723248,0.981798625219062,1.2311883354009072,1.7526798599297826,0.14541811825084747,4.486712983647258,2.2494078250344756,0.61,0.0,0.19,0.02,0.06,0.06,0.0,0.0,0.0,0.04,0.0,0.02,0.0,0.28,0.0,0.55,0.17,0.0,0.0,2,0
363,0.15032406002924328,0.3005568104123387,7.292735797708515,1.504505929588016,6.576313067290739,3.878776015937567,7.649265691474978,2.5868233397998117,73.37,87.92382550201677,23.49,11.434040087706212,1.173056832850409,1.4845505565282406,1.1154287489896508,1.4195982848737105,1.7705892273604014,0.14680644396363182,4.301724281096783,2.2961731144981723,0.57,0.0,0.17,0.02,0.05,0.12,0.0,0.0,0.0,0.04,0.0,0.03,0.0,0.25,0.0,0.56,0.19,0.0,0.0,2,0
364,0.14981848866936287,0.2807340216641399,7.151320115483946,1.623971008682277,6.977886849496502,3.687591466766301,7.464906822496814,2.319239416610182,59.99,75.37348018468775,25.23,9.801932400699304,1.159692893751157,1.4006060819585575,1.0834866812826207,1.329585701126105,1.743349568976365,0.14216922915618302,4.609781970185983,2.06599926576876,0.5,0.0,0.2,0.03,0.11,0.11,0.0,0.0,0.0,0.04,0.0,0.01,0.0,0.31,0.0,0.56,0.13,0.0,0.0,2,0
365,0.2045664085340176,0.33334697282466424,7.533902948623461,1.3830392977081425,7.605948743304871,3.7544002454841277,7.130247385515121,2.4728272973679997,59.99,75.37348018468774,25.23,9.8019324006993,1.4560801422293743,1.6969590493165554,1.2875933276499791,1.4419931494746367,1.7421690871508446,0.1353195856933742,4.864299227513912,2.138628552057849,0.66,0.0,0.12,0.01,0.06,0.1,0.0,0.0,0.0,0.01,0.0,0.04,0.0,0.21,0.0,0.66,0.13,0.0,0.0,2,0
366,0.1434213665398496,0.23366356351501416,7.167215080984372,1.6249482762933614,7.54852075609789,3.1511710142737908,7.2167011657526,2.3061442068262306,48.84,60.803163128776816,26.68,7.907137805984431,1.2258669301460114,1.6515528830069248,1.186480339119483,1.5962206077579433,1.720074024219273,0.12881288763976712,5.0225622886263315,1.7810191227078151,0.49,0.0,0.26,0.02,0.05,0.11,0.0,0.0,0.0,0.06,0.0,0.01,0.0,0.3,0.0,0.62,0.08,0.0,0.0,2,0
367,0.21333020553764365,0.31651426505064817,7.376907004179693,1.5038402538208686,7.94278819847451,3.4331569545913143,6.841180613307223,2.372930821347915,48.84,60.80316312877684,26.68,7.907137805984431,1.543944659246499,1.7261517223117535,1.4626659048281976,1.6544848107043784,1.722066011603628,0.12423808946364277,5.1751228564674445,1.861744551260452,0.61,0.0,0.17,0.01,0.05,0.13,0.0,0.0,0.0,0.03,0.0,0.0,0.0,0.28,0.0,0.64,0.08,0.0,0.0,2,0
368,0.211293868956829,0.30537783728066054,7.374939282675594,1.5698293161200019,7.539013935296742,3.040577696564838,6.4989657591822425,2.354718820003396,46.3,57.353678560702996,26.68,7.907137805984432,1.7798618914113247,1.850660920152811,1.651874369633742,1.725456311496586,1.7408587122730788,0.1332453616585552,4.920730298602216,1.6911309003107058,0.59,0.0,0.15,0.03,0.09,0.07,0.0,0.0,0.0,0.06,0.0,0.01,0.0,0.29,0.0,0.64,0.07,0.0,0.0,3,0
369,0.17317695746823536,0.27591273527878446,7.2544807011779575,1.4395246312343386,7.193189228500225,3.515727375529776,7.036842753028027,2.5031609437285978,57.76,72.83149501875316,25.52,9.47136033876162,1.4550097056722506,1.6047656743304208,1.4403800576435974,1.601158798447398,1.73845688947627,0.13597755973604847,4.728711808418279,2.022601889302495,0.63,0.0,0.17,0.02,0.1,0.06,0.0,0.0,0.0,0.01,0.0,0.01,0.0,0.29,0.0,0.59,0.12,0.0,0.0,2,0
370,0.2400104469404118,0.3221361352678507,7.247749255388786,1.5769519966583574,7.393428812938411,3.327672838489597,6.64134571550703,2.563453320802362,53.3,67.23702984084129,26.1,8.743828992755144,1.7415075406825233,1.8331851475200553,1.5927658703040155,1.6434758566818062,1.7329777617149527,0.12511932686970054,4.849046566794314,1.8894864359159438,0.46,0.0,0.21,0.04,0.08,0.12,0.0,0.0,0.0,0.02,0.0,0.07,0.0,0.27,0.0,0.63,0.1,0.0,0.0,2,0
371,0.18457945705322876,0.2759794049000586,7.336172927380903,1.502745704570732,8.114023236650604,3.118958204735941,6.919975307732334,2.18774510854646,44.38,53.226366216435075,27.26,6.921814440702319,1.418318855632772,1.6122574852313831,1.3489598393505795,1.5374926964626352,1.7092615715325383,0.1147112855394039,5.305850125937566,1.6891447258051426,0.57,0.0,0.2,0.02,0.05,0.12,0.0,0.0,0.0,0.03,0.0,0.01,0.0,0.25,0.0,0.69,0.06,0.0,0.0,2,0
372,0.1766997442413797,0.31212214064627686,7.015570939332153,1.6138077978988057,7.258280876602603,3.273576575157684,7.072854689937937,2.216418337471092,48.84,60.80316312877682,26.68,7.907137805984429,1.2886159787903688,1.6044699685906458,1.2049769159545702,1.5053278140476927,1.7267134718952086,0.12361829708186074,4.901461818191505,1.768510939598379,0.46,0.0,0.26,0.02,0.09,0.13,0.0,0.0,0.0,0.02,0.0,0.02,0.0,0.37,0.0,0.55,0.08,0.0,0.0,2,0
373,0.21570548896243924,0.3402392750395224,7.213118353376164,1.6495650359594154,7.486836191441555,3.6940864863061305,7.000060262471179,2.51903099350038,55.53,70.1259264149541,25.81,9.119515094321383,1.5044099198709404,1.6725494007650268,1.4109183375851597,1.6160376307897375,1.726194359123714,0.1366004005792949,4.9159771829280166,2.0226790222181643,0.52,0.0,0.2,0.02,0.13,0.1,0.0,0.0,0.0,0.03,0.0,0.0,0.0,0.28,0.0,0.61,0.11,0.0,0.0,2,0
374,0.32930865416906285,0.44781308808183795,7.259325080123108,1.6981373142225846,7.628762595290722,3.627807998281874,6.246035698668878,2.5938872959039285,43.18,53.85528307558615,26.1,8.743828992755144,2.034860273065302,2.299076819226501,1.5726846667461944,1.7079072059049676,1.7117662238902016,0.11882926028063655,4.967932346809544,1.9710800157782906,0.47,0.0,0.25,0.04,0.05,0.13,0.0,0.0,0.0,0.03,0.0,0.03,0.0,0.28,0.0,0.62,0.06,0.04,0.0,3,0
375,0.24046269776530704,0.3695935454665888,7.554229880630946,1.7364461398646465,8.66883022518072,2.7380720450869305,6.699516099700967,1.8691471920020812,33.23,22.3,28.71,2.9,1.467825617362026,1.5797438607126335,1.398498535721992,1.5026267082869513,1.7010802084857324,0.12557175779794702,5.5687228243962865,1.2451680670623453,0.46,0.0,0.21,0.04,0.12,0.1,0.0,0.0,0.0,0.06,0.0,0.01,0.0,0.23,0.0,0.76,0.01,0.0,0.0,2,0
376,0.24139474905327798,0.3399905308345411,7.315210934084733,1.6134648649793486,8.630622476728869,2.790846547797324,6.360010382193426,2.0202592091188647,30.38,4.36186411822498,28.42,4.0804535299524005,1.772433156851953,2.088649456982368,1.4638960540617125,1.5264493771588246,1.683668279959353,0.08574674314691234,5.6248639005808805,1.3005203634316496,0.58,0.0,0.23,0.01,0.02,0.14,0.0,0.0,0.0,0.02,0.0,0.0,0.0,0.27,0.0,0.71,0.02,0.0,0.0,3,0
377,0.17931148103078567,0.29618834695703933,7.444927056039513,1.5788992367050696,8.575299166830257,2.485892124113883,6.877885915958335,1.7736665824838835,33.23,22.3,29.31,3.0999999999999996,1.2979697151083551,1.515109012941032,1.2344518271737766,1.4304116883333964,1.7028673053546035,0.09847976703228946,5.579289255887748,1.0641732474487846,0.62,0.0,0.2,0.0,0.0,0.12,0.0,0.0,0.0,0.05,0.0,0.01,0.0,0.32,0.0,0.67,0.0,0.0,0.01,2,0
378,0.18367335530850135,0.30210486128263264,7.333106807437324,1.7257787938877476,8.136787115062011,2.4207000346379917,6.83918149712052,1.7947359822567477,31.0,0.0,29.0,0.0,1.3401910787292257,1.5251092890761098,1.2559687746514803,1.4159924241479311,1.7185566050676115,0.11185668580960481,5.343109547229745,1.030761717454649,0.48,0.0,0.22,0.01,0.05,0.15,0.0,0.0,0.0,0.07,0.0,0.02,0.0,0.35,0.0,0.65,0.0,0.0,0.0,2,0
379,0.15733903569726793,0.24556367572318957,7.19659046739868,1.5230468414106288,8.21671402898956,2.406229864347883,6.729368744398613,1.7736488547894138,31.0,0.0,29.0,0.0,1.4047444462595673,1.5527071372635992,1.3232566737075584,1.467744382584016,1.7035278627770987,0.09685968190633124,5.467794093954158,1.0400164024544034,0.57,0.0,0.22,0.01,0.05,0.12,0.0,0.0,0.0,0.03,0.0,0.0,0.0,0.34,0.0,0.66,0.0,0.0,0.0,2,0
380,0.15569332226130025,0.24680092906454545,7.531865849002572,1.6544038933950047,8.669639356127272,2.5143442489681664,7.033737078779839,1.6004530841399438,31.0,0.0,29.0,0.0,1.1583474597719785,1.3662655264739392,1.1036297389627872,1.3172459840226503,1.7041263950891627,0.11476466179059452,5.615594272115704,1.084680376535181,0.55,0.0,0.22,0.01,0.03,0.12,0.0,0.0,0.0,0.07,0.0,0.0,0.0,0.28,0.0,0.72,0.0,0.0,0.0,2,0
381,0.11747355415867884,0.19982862645876096,7.157831147569471,1.7686553851680233,7.762172519583195,2.4195221715588273,7.030416820389952,1.7625545664907414,30.69,3.1,28.71,2.9,1.082443823174615,1.3697363191045155,1.0386497218071566,1.3103411641595546,1.7211488659621026,0.12279256598236309,5.203775765857646,1.1385373986995444,0.48,0.0,0.25,0.02,0.08,0.08,0.0,0.0,0.0,0.08,0.0,0.01,0.0,0.37,0.0,0.62,0.01,0.0,0.0,3,0
382,0.2020946019914292,0.2673155582671322,7.379302337169001,1.6287591980687788,8.247435768797548,2.4236105674710458,6.572782473171008,1.8882995936702671,31.0,0.0,29.0,0.0,1.535124315927534,1.5869264591814123,1.481838672081937,1.5676617441069352,1.7068136795240352,0.10895177560317991,5.35681699345622,1.0568360996728077,0.48,0.0,0.2,0.05,0.11,0.09,0.0,0.0,0.0,0.03,0.0,0.04,0.0,0.3,0.0,0.7,0.0,0.0,0.0,2,0
383,0.1877885983273859,0.27819402530451454,7.365513117165316,1.6481380016955165,7.9974175659408395,3.1762239797635576,6.660012138819163,1.8685092024506476,32.65,7.22841614740048,27.55,6.352244493170119,1.4798587078218566,1.5263945809840804,1.4056468403608722,1.496342716550854,1.7213689994750925,0.1176426847896363,5.2122975989756135,1.6258806335790763,0.53,0.0,0.19,0.02,0.07,0.13,0.0,0.0,0.0,0.05,0.0,0.01,0.0,0.29,0.0,0.66,0.05,0.0,0.0,2,0
384,0.14913880368001378,0.29675827439856733,7.052317910066015,1.5243999310537466,5.8885399280011,4.487312340788663,7.533817744374991,2.0287189042740064,40.92,15.852654877548643,19.72,13.595958995602372,1.0526131655163544,1.6111868056278695,0.9947228221026484,1.591059979950165,1.7547967904217203,0.12928624036240294,3.829726882497954,2.7362337965578747,0.62,0.0,0.14,0.03,0.07,0.08,0.0,0.0,0.0,0.04,0.0,0.02,0.0,0.19,0.0,0.5,0.31,0.0,0.0,3,0
385,0.1533593130852485,0.3067480850816422,7.021251016820247,1.488742560801012,6.012442764191175,4.141645729224973,7.137625332849052,2.2808221803165023,38.3,15.15209089815193,21.46,12.784476066027436,1.3821220033893795,2.0319459503463255,1.09209361135625,1.4609842983431967,1.7525160664469877,0.11824469539825466,3.9367131550540058,2.5158736282073444,0.67,0.0,0.12,0.01,0.06,0.09,0.0,0.0,0.0,0.03,0.0,0.02,0.0,0.25,0.0,0.49,0.26,0.0,0.0,3,0
386,0.22322964860158778,0.33649531759483475,7.023175354030053,1.6411177557418561,7.655858155252179,2.6077008430869184,6.150204232347419,2.2273274833820658,30.09,5.201194501499079,28.13,4.971951631935193,1.934894655667565,2.1839515178857845,1.7024273745621252,1.913809964064525,1.6986784422536276,0.10076297503086414,5.108561510839511,1.2494977021959248,0.55,0.0,0.24,0.02,0.09,0.06,0.0,0.0,0.0,0.03,0.0,0.01,0.0,0.38,0.0,0.6,0.0,0.02,0.0,4,0
387,0.23724121183483504,0.32983369822974434,7.534197120812503,1.6976127001327328,8.376286183045066,2.564773601963241,6.515632234252939,1.7651111484250073,31.0,0.0,29.0,0.0,1.552341420592609,1.504351658772838,1.4930418492793998,1.48486227357312,1.716561657154707,0.11449181182089836,5.388988155978151,1.074437695801011,0.5,0.0,0.2,0.03,0.07,0.1,0.0,0.0,0.0,0.04,0.0,0.06,0.0,0.3,0.0,0.7,0.0,0.0,0.0,2,0
388,0.2467034374646328,0.3391149026693973,7.597054776881575,1.5798017151818973,8.918902867639018,2.606047069669387,6.553740398498826,1.6631278271501,31.0,0.0,29.0,0.0,1.52672654710405,1.45194548148554,1.4421253630416673,1.3564698021355281,1.6873326856556274,0.09344640411981342,5.652503141793201,1.0944825422098639,0.63,0.0,0.18,0.03,0.05,0.07,0.0,0.0,0.0,0.02,0.0,0.02,0.0,0.26,0.0,0.74,0.0,0.0,0.0,2,0
389,0.18524332256903653,0.3072014067808415,7.392948304819635,1.7354301415164564,8.491475514845082,2.58892029096926,6.972728393752207,1.7565207912866407,31.0,0.0,29.0,0.0,1.2449016999498392,1.5044421713674152,1.1574532778682391,1.4067834308947245,1.7090257851357384,0.11367448150679402,5.569620697525879,1.0691229672825477,0.51,0.0,0.23,0.01,0.05,0.12,0.0,0.0,0.0,0.07,0.0,0.01,0.0,0.32,0.0,0.68,0.0,0.0,0.0,2,0
390,0.19408655980398712,0.2584748361820022,7.640594998173383,1.8192276913617638,8.532453654661063,2.563214032413587,6.71632651704592,1.5548727364162522,31.0,0.0,29.0,0.0,1.3542065117696906,1.2967256620870176,1.3249393147965352,1.2959498137566856,1.7143900398773122,0.1311179861905965,5.441460960023574,1.107858729965514,0.5,0.0,0.21,0.01,0.08,0.09,0.0,0.0,0.0,0.1,0.0,0.01,0.0,0.27,0.0,0.73,0.0,0.0,0.0,2,0
391,0.21593935305290668,0.3688088601264724,7.042259034743037,1.5782221571227706,7.749485148719582,2.8796326896008604,6.3962514937148685,2.191744755925496,29.49,6.615706746642853,27.55,6.352244493170119,1.7594100932661505,2.264606354304813,1.3284336943795723,1.6444164911463117,1.6919780041790518,0.096351154440519,5.168156195104103,1.4918666779061265,0.54,0.0,0.24,0.03,0.06,0.09,0.0,0.0,0.0,0.03,0.0,0.01,0.0,0.34,0.0,0.62,0.0,0.04,0.0,4,0
392,0.16159223291284192,0.24068442725859704,6.944888779843284,1.6413322530241279,7.784650565660899,2.3267758222906343,6.593932369393663,1.9578886120768324,31.0,0.0,29.0,0.0,1.5156590985170562,1.7267949915997582,1.4560260798608176,1.646759578688728,1.7026352217624245,0.10989709144071742,5.293213137137911,1.0429648138176932,0.34,0.0,0.29,0.04,0.15,0.14,0.0,0.0,0.0,0.03,0.0,0.01,0.0,0.35,0.0,0.65,0.0,0.0,0.0,2,0
393,0.19477385534866862,0.24741627362511054,7.2741349607635035,1.5845964787607039,7.8629949914457935,2.2021025480872174,6.33035853375253,2.0442008693625673,31.0,0.0,29.0,0.0,1.7277194943581093,1.6988702127599258,1.7341378999782264,1.7143290453602664,1.7209093654421546,0.11581932141939152,5.184740659321242,1.0086947716897912,0.5,0.0,0.19,0.04,0.11,0.1,0.0,0.0,0.0,0.05,0.0,0.01,0.0,0.33,0.0,0.67,0.0,0.0,0.0,2,0
394,0.19718360488686,0.2565234750906029,7.307906638828607,1.6340555671706503,8.295737859964,2.2437772300765606,6.555554958957483,1.912131683723713,31.0,0.0,29.0,0.0,1.5750179900165018,1.66280230669367,1.4940170819391354,1.5802222810335287,1.707732992974199,0.11369839743229847,5.457509145152588,1.0342092680928971,0.42,0.0,0.22,0.03,0.1,0.16,0.0,0.0,0.0,0.06,0.0,0.01,0.0,0.26,0.0,0.74,0.0,0.0,0.0,2,0
395,0.1323897434996557,0.18313320485249995,7.303189147723566,1.4968707207976006,8.288079335916963,2.3730935377443756,6.790058144161702,1.4522043032140917,31.0,0.0,29.0,0.0,1.31739642301372,1.2390527042408588,1.2424322888064174,1.2238577778953543,1.6985631582117182,0.10769586671417442,5.397637088485412,1.1003518476100895,0.57,0.0,0.17,0.03,0.12,0.07,0.0,0.0,0.0,0.04,0.0,0.0,0.0,0.24,0.0,0.76,0.0,0.0,0.0,2,0
396,0.17714212382004654,0.26700371266228023,7.219325399141118,1.576322350820861,7.837377963390067,2.362494886447628,6.539316714286409,1.8293957668584069,31.0,0.0,29.0,0.0,1.55715437033739,1.55815791828256,1.5048753421949794,1.552474471292536,1.7196042774012394,0.11453663276884184,5.175066059179105,1.0416192792020849,0.47,0.0,0.2,0.04,0.13,0.12,0.0,0.0,0.0,0.03,0.0,0.01,0.0,0.32,0.0,0.68,0.0,0.0,0.0,2,0
397,0.17230798765145572,0.23367563667924812,7.378227619276925,1.6227147962162292,8.076732219709447,2.3239644007233498,6.619460001917523,1.8656208676847292,31.0,0.0,29.0,0.0,1.4961610627454407,1.544860771047089,1.4637404117834174,1.5442060517665297,1.7213655833144443,0.12127886075113163,5.289228545372321,1.0751897200507967,0.48,0.0,0.2,0.06,0.09,0.1,0.0,0.0,0.0,0.06,0.0,0.01,0.0,0.31,0.0,0.69,0.0,0.0,0.0,2,0
398,0.12694642644627738,0.17849208626009908,7.191482867267684,1.4666372434716093,8.144655080829521,2.4319625485816667,6.977039403569966,1.665267434872848,31.0,0.0,29.0,0.0,1.2146116184004834,1.4249133040930149,1.1372741575834997,1.3788231540369946,1.6988742747784116,0.08498596911629112,5.349392258111236,1.070480345655691,0.59,0.0,0.21,0.01,0.04,0.12,0.0,0.0,0.0,0.02,0.0,0.01,0.0,0.3,0.0,0.7,0.0,0.0,0.0,2,0
399,0.15823619951867354,0.2237953471462938,7.1594256302969725,1.4957955265885332,8.050152579858658,2.513145968014764,6.736455246617704,1.8921322256132436,31.32,3.1999999999999997,28.71,2.9,1.44460656078856,1.5727639375606497,1.3538450388107737,1.4975660073289068,1.7059134510183742,0.08543559255452926,5.3227056072371,1.1593241035336435,0.53,0.0,0.21,0.02,0.05,0.15,0.0,0.0,0.0,0.01,0.0,0.03,0.0,0.32,0.01,0.67,0.0,0.0,0.0,3,0
400,0.16150748395482445,0.27122238001917576,7.0963577342984925,1.4824763990128,7.981380270987343,2.366464217453367,6.675915990308126,1.8575744419209368,30.69,3.0999999999999996,28.71,2.9,1.545434831688553,1.8690128724056436,1.4739169440635302,1.822548427693771,1.7021802602656322,0.0902463046373008,5.318776507200612,1.0587897479024786,0.55,0.0,0.22,0.01,0.08,0.11,0.0,0.0,0.0,0.01,0.0,0.02,0.0,0.34,0.0,0.66,0.0,0.0,0.0,3,0
401,0.16453064564795383,0.21588162025444615,7.247425857821991,1.538644207829359,7.906239525564775,2.68541595081618,6.8278234857976,1.8957839394019196,37.69,38.23259358350166,28.13,4.971951631935194,1.4560836294952741,1.647883994221153,1.3982270680653772,1.601103025734826,1.711079271977566,0.11083506109228052,5.193626145374391,1.3754242521185522,0.54,0.0,0.22,0.03,0.05,0.11,0.0,0.0,0.0,0.03,0.0,0.02,0.0,0.3,0.0,0.67,0.03,0.0,0.0,2,0
402,0.1628473050674707,0.220397177262889,7.406025500345765,1.4517098546013174,8.38786412670866,2.2550308195526108,6.594279831925968,1.7168969659841085,31.0,0.0,29.0,0.0,1.500999058614295,1.4568504946700829,1.4112060429677182,1.378999216621405,1.7041847822742613,0.09369208159866887,5.423920360930823,1.0100755389255984,0.63,0.0,0.17,0.01,0.04,0.11,0.0,0.0,0.0,0.03,0.0,0.01,0.0,0.25,0.0,0.75,0.0,0.0,0.0,2,0
403,0.1558012524080418,0.23740849375022827,7.347655329289352,1.6401548683422853,8.222617900172153,2.402710016093217,6.816665107036456,1.6840852563898647,30.69,3.0999999999999996,28.71,2.9,1.345917864466225,1.3783864494181008,1.2772585691672942,1.3165958890977976,1.7088989885163768,0.11309529256833019,5.3633108080325735,1.0844329173796259,0.51,0.0,0.18,0.04,0.08,0.11,0.0,0.0,0.0,0.06,0.0,0.02,0.0,0.29,0.0,0.71,0.0,0.0,0.0,3,0
404,0.16650187644745829,0.2591486495666485,7.151766366662188,1.6773174145916852,8.036904658849805,2.4097797338585236,6.819709399556269,1.8291687874826579,31.0,0.0,29.0,0.0,1.3511470663966059,1.5559122836261103,1.2920112240872548,1.493473719171717,1.7039434256835484,0.1139361596299543,5.3535052422270315,1.0490639819356729,0.43,0.0,0.26,0.02,0.14,0.1,0.0,0.0,0.0,0.04,0.0,0.01,0.0,0.29,0.0,0.71,0.0,0.0,0.0,2,0
405,0.1807619218613149,0.3147841493671366,7.425396367870794,1.566122611249543,8.05211613489207,2.4454347349510885,6.85865620818563,1.9149610055570812,30.39,4.292099860455394,28.42,4.080453529952401,1.3914765497082673,1.7905225444023902,1.2401361928905745,1.5574411254185518,1.7237858455826487,0.11186678625536388,5.212627768814336,1.1505427839541504,0.57,0.0,0.16,0.03,0.04,0.12,0.0,0.0,0.0,0.06,0.0,0.02,0.0,0.27,0.0,0.72,0.0,0.01,0.0,4,0
406,0.14789834663567622,0.29342434996789807,6.967043734673637,1.7000303489931532,7.664415490644022,2.585602606093298,7.002888219800423,1.8044802862035507,30.7,3.0000000000000004,28.71,2.9,1.2147336243756142,1.6579605398778192,1.0414196275193257,1.3486735702978148,1.7056805447274173,0.10420427300856566,5.166561905130053,1.1472416109803136,0.48,0.0,0.27,0.01,0.09,0.09,0.0,0.0,0.0,0.05,0.0,0.01,0.0,0.39,0.0,0.6,0.0,0.01,0.0,3,0
407,0.19911779400270352,0.28028701021476177,7.182975726493928,1.6295958085714497,7.934324733268351,2.247091618393779,6.509596819757398,1.9974054771445728,30.69,3.1,28.71,2.9,1.6163148893586219,1.8534216199450586,1.5821145234175527,1.8445067589419066,1.7075690400430552,0.1116116188831317,5.254290297220043,1.0163386525237608,0.5,0.0,0.23,0.04,0.08,0.09,0.0,0.0,0.0,0.05,0.0,0.01,0.0,0.32,0.0,0.68,0.0,0.0,0.0,3,0
408,0.11515317715666104,0.17940021876006557,7.15557479647822,1.3909139675718292,7.836427824573701,2.144950311979738,6.853005541339261,1.7522226476173388,35.46,31.3772805923926,33.46,31.3772805923926,1.3229521831753124,1.403184684286983,1.2926140431784539,1.405181782612278,1.7059793689551142,0.1016073421747985,5.193452032371475,1.0041834011841182,0.57,0.0,0.18,0.04,0.11,0.08,0.0,0.0,0.0,0.01,0.0,0.01,0.0,0.29,0.0,0.71,0.0,0.0,0.0,2,0
409,0.3109208210307957,0.24925875004414091,7.139436431905732,1.7086332243603586,5.660363243431622,3.485738133868142,5.0649435194497165,3.3488927817855667,173.16,111.10143877092545,140.52,119.39701026661456,3.3103193137939373,2.7822243579449393,2.582486447292561,1.8961036031740381,1.7273321428919837,0.16967133838700896,3.5018536988592466,2.104808132571834,0.84,0.0,0.02,0.09,0.0,0.05,0.0,0.0,0.0,0.0,0.0,0.0,0.0,0.04,0.0,0.73,0.23,0.0,0.0,3,0
410,0.40688339724807426,0.19697178880502927,6.810394876120184,1.3456298347042492,5.171200516914266,2.3761223742443596,4.5459728816612035,3.213440385829412,248.92,35.73914471061758,209.16,95.1363423532965,3.7298869509878134,1.8658430670372048,3.740407622717625,1.7293099772051301,1.703465841306578,0.12141288463582162,3.28724167191719,1.4985698178234619,1.0,0.0,0.0,0.0,0.0,0.0,0.0,0.0,0.0,0.0,0.0,0.0,0.0,0.0,0.0,0.83,0.17,0.0,0.0,3,0
411,0.4799185283702633,0.21231455845192568,6.960768884967722,1.5256944170449662,5.431717532921684,2.1438791326375544,3.748062675842318,2.7098079258658476,243.84,50.02438193400082,219.24,85.17541258538704,4.359690168185002,1.9208787578249902,4.127068473419663,1.6329251311165442,1.725903981798246,0.14303160859267194,3.4715236736237505,1.3564005975090385,1.0,0.0,0.0,0.0,0.0,0.0,0.0,0.0,0.0,0.0,0.0,0.0,0.0,0.0,0.0,0.87,0.13,0.0,0.0,3,0
412,0.44938544088696264,0.20715875244220947,7.217909661717906,1.5212235101792535,5.9257043328858545,1.2724727362615786,3.1608041572297076,0.8495967492424048,243.84,50.02438193400082,241.92,49.630489162866944,4.549025841485922,1.4987693584038158,4.340409891226878,1.0894186732458497,1.7485667241726048,0.16344639966405453,3.8543253434509746,0.8108097912795464,1.0,0.0,0.0,0.0,0.0,0.0,0.0,0.0,0.0,0.0,0.0,0.0,0.0,0.0,0.0,0.96,0.04,0.0,0.0,2,0
413,0.45750031833407634,0.24091389397197327,6.699787394449925,0.924002207231708,5.583014070512237,1.9134599583604448,3.5670690438632047,2.1555107406070704,243.84,50.02438193400083,226.8,75.98085883359643,4.363525131147225,1.8029883723796145,4.126470034413824,1.4867120190494891,1.674571966411855,0.1368431977141525,3.5716432731830037,1.2013378419923555,0.53,0.0,0.0,0.47,0.0,0.0,0.0,0.0,0.0,0.0,0.0,0.0,0.0,0.0,0.0,0.9,0.1,0.0,0.0,3,0
414,0.28868248684342473,0.20199304032537174,6.521152092014449,0.8305183724065903,4.055766796067877,2.7507540841629567,5.409969485722289,3.8663665881523475,243.84,50.024381934000836,173.88,117.13544607535643,3.445097531920869,2.557108301306709,3.214363332128609,2.2824281189409863,1.7253269880541717,0.17026170415358316,2.6770421297761295,1.8053508236441056,0.87,0.0,0.0,0.13,0.0,0.0,0.0,0.0,0.0,0.0,0.0,0.0,0.0,0.0,0.0,0.69,0.31,0.0,0.0,3,0
415,0.40982105207136554,0.1823702315337937,6.523946467955455,0.8984780806084285,5.26961764383153,1.6951303368803448,3.6963329137345333,2.250544797332331,248.92,35.73914471061757,229.32,72.48111979869465,4.138281716643195,1.5177248057263921,4.265019152693015,1.3855817398881973,1.6627359930530843,0.12420742197084207,3.4977141446395046,1.107495796443261,0.99,0.0,0.0,0.0,0.0,0.01,0.0,0.0,0.0,0.0,0.0,0.0,0.0,0.0,0.0,0.91,0.09,0.0,0.0,3,0
416,0.4292997677597835,0.2306696365309484,6.697223178493995,1.231083679912372,5.095038202969816,2.107404086258361,3.868178343505096,2.8001374894882733,243.84,50.02438193400081,216.72,87.88124218098383,4.211459290393968,1.944897811106208,4.076523009295626,1.6795547729378102,1.691746570308529,0.15947240315319422,3.3345226514463224,1.3550741058373308,0.94,0.0,0.0,0.0,0.0,0.06,0.0,0.0,0.0,0.0,0.0,0.0,0.0,0.0,0.0,0.86,0.14,0.0,0.0,3,0
417,0.48301879417629723,0.33158271262685557,6.406498092327342,0.6005761599118831,5.692117121682943,0.8714388788648767,3.0313358746222154,0.9137380188579407,248.92,35.73914471061757,246.96,35.457734122344995,4.588696477697154,1.3880949549794426,4.7106481139150524,1.2563667654671258,1.622090079631451,0.06023886020520035,3.765024798194996,0.5446990708705586,1.0,0.0,0.0,0.0,0.0,0.0,0.0,0.0,0.0,0.0,0.0,0.0,0.0,0.0,0.0,0.98,0.02,0.0,0.0,2,0
418,0.45068659081492823,0.13881001053709988,7.586966898953186,1.0798995645461544,6.145304901739982,1.687737232382969,3.400765824651374,1.1141999512607985,232.32,66.0766130176085,236.88,60.14818065713739,4.308801105586065,1.4535228472381043,4.068267833150816,1.0805443142475093,1.789147907274299,0.10432561383162701,3.893239095257243,1.1013085915359708,0.94,0.0,0.0,0.0,0.0,0.06,0.0,0.0,0.0,0.0,0.0,0.0,0.0,0.0,0.0,0.94,0.06,0.0,0.0,4,0
419,0.45873384784768795,0.21307942122412785,6.87352981084028,0.9941730716864298,5.851061206947719,2.3821430227125573,3.548317345526813,2.114366975117534,224.7,76.99842580051605,221.76,82.30285535751476,4.453700992184383,2.08113460502017,3.9791265105984546,1.6783356480762845,1.6860385862920024,0.10618943291940171,3.6807177299951985,1.4644252697032762,0.94,0.0,0.0,0.0,0.0,0.06,0.0,0.0,0.0,0.0,0.0,0.0,0.0,0.0,0.0,0.88,0.12,0.0,0.0,3,0
420,0.4437418988130286,0.3213450753596249,6.91641551614395,1.5869458520785629,5.195896867762082,2.7110924387805158,3.970556601376191,3.1049901341112798,224.76,79.98675647956486,199.08,103.15876554656376,4.51522118404952,2.7355301736634132,3.6596279094936706,2.115023015367284,1.7041364261359777,0.16696772430302817,3.2230298051477972,1.6920828366495166,0.89,0.0,0.0,0.09,0.0,0.02,0.0,0.0,0.0,0.0,0.0,0.0,0.0,0.0,0.0,0.79,0.21,0.0,0.0,3,0
421,0.06502501709378297,0.27494198354210464,7.022983082090758,0.2260099719484193,0.1304124225511739,0.9174859137044513,11.315497245289677,2.646305639187589,254.0,0.0,5.04,35.457734122345,0.43736931639836973,1.783226789022416,0.09037987263381325,0.6358771613891073,1.9824201277458886,0.020621450591975433,0.08120886021092838,0.5713258281225754,1.0,0.0,0.0,0.0,0.0,0.0,0.0,0.0,0.0,0.0,0.0,0.0,0.0,0.0,0.0,0.02,0.98,0.0,0.0,2,0
422,0.02282622162976884,0.1454535373027949,7.0121155346420405,0.2511696052939675,0.1304124225511739,0.9174859137044513,11.620628736168033,1.7251836161248977,254.0,0.0,5.04,35.45773412234501,0.17302150190049684,1.0080375086409419,0.08668648375011999,0.6101011146119856,1.9839297972989882,0.00702079461425152,0.08120886021092838,0.5713258281225754,1.0,0.0,0.0,0.0,0.0,0.0,0.0,0.0,0.0,0.0,0.0,0.0,0.0,0.0,0.0,0.02,0.98,0.0,0.0,2,0
423,0.33471828777607604,0.29376629303175633,8.438830349515106,2.064611534366736,4.182015303985477,3.1572562972257208,5.689539590965461,3.9935968475301182,233.68,69.25562078344984,161.28,121.56937413375432,3.310090107447662,2.9875852787018258,2.8646473314991523,2.3355780998335804,1.9520870153901213,0.16346932037799458,2.558474282754343,1.9290276628426861,0.99,0.0,0.0,0.0,0.0,0.01,0.0,0.0,0.0,0.0,0.0,0.0,0.0,0.0,0.0,0.64,0.36,0.0,0.0,3,0
424,0.33060903452852486,0.21646622059268625,7.288771803499869,1.7483322250510376,5.227610336081913,1.8850549962473346,3.2994268512130507,1.2675911215004667,228.6,76.58388152275197,224.28,79.24544150927545,4.269070858774359,2.191836861052968,3.810506415211046,1.4725888873619597,1.7794681965998778,0.15934327949235788,3.438014014340396,1.2169734327114532,1.0,0.0,0.0,0.0,0.0,0.0,0.0,0.0,0.0,0.0,0.0,0.0,0.0,0.0,0.0,0.89,0.11,0.0,0.0,3,0
425,0.31071408277440093,0.2222558607209236,6.529627631520486,1.1849823363519127,5.199661247928927,1.653144551174152,3.4942762184524736,1.3541628654022628,233.68,69.25562078344983,229.32,72.48111979869465,4.062482566589207,1.9236229422048776,3.7525068951435414,1.2456360223728582,1.6728089884491755,0.12654536773085387,3.4837190315309057,1.1017682628995915,1.0,0.0,0.0,0.0,0.0,0.0,0.0,0.0,0.0,0.0,0.0,0.0,0.0,0.0,0.0,0.91,0.09,0.0,0.0,3,0
426,0.20609923621535292,0.18985871876624894,6.379235198540282,0.9671349512771751,3.2351009223586034,2.826221348178633,5.867708124326325,4.3795846276220445,228.6,76.58388152275195,143.64,125.38760269297322,3.5455258739824624,3.2957415674989092,2.656591575033175,2.483241249159747,1.7489953822298707,0.17647003100757327,2.1813926477716103,1.9043415923516858,1.0,0.0,0.0,0.0,0.0,0.0,0.0,0.0,0.0,0.0,0.0,0.0,0.0,0.0,0.0,0.57,0.43,0.0,0.0,3,0
427,0.29815854760810345,0.16379073632671504,5.94856546217901,0.8778817010074819,4.516269621488508,2.3451884846339266,4.635482265579797,3.2773964051439037,243.84,50.024381934000836,199.08,103.15876554656374,3.9924246839172666,2.4895132744476625,3.8043088325971484,2.279164980470995,1.6133366932786706,0.034797560139725424,3.0197803450860254,1.5649456825241308,1.0,0.0,0.0,0.0,0.0,0.0,0.0,0.0,0.0,0.0,0.0,0.0,0.0,0.0,0.0,0.79,0.21,0.0,0.0,3,0
428,0.2786910713180205,0.2924448036063354,5.604719228650214,1.1268944846257667,3.305432677460051,2.894004556658676,6.67890433404165,4.578050713157271,248.92,35.73914471061758,143.64,125.38760269297322,3.058232356778975,2.9156437010419523,3.030274992125602,2.8876058338867883,1.6053577753545556,0.05967569132630664,2.1884180948394554,1.9109572427992947,1.0,0.0,0.0,0.0,0.0,0.0,0.0,0.0,0.0,0.0,0.0,0.0,0.0,0.0,0.0,0.57,0.43,0.0,0.0,3,0
429,0.23490497725636303,0.22990904779462823,5.920891828926623,1.836533765946609,3.129686331651767,2.9125269948042534,7.453303190753564,4.524262376716722,254.0,0.0,136.08,126.22888302243234,2.213202212433151,2.082427154832795,2.49017517429359,2.323724458159813,1.6438062047464106,0.15396706438496585,2.0702394707579312,1.9208174246003284,0.99,0.0,0.0,0.0,0.0,0.01,0.0,0.0,0.0,0.0,0.0,0.0,0.0,0.0,0.0,0.54,0.46,0.0,0.0,2,0
430,0.29383919223657345,0.32092625310035167,5.513901216246576,1.1831668497567411,3.053967082348519,2.8921030838368034,6.716555892940474,4.808225998875078,243.84,50.024381934000814,133.56,126.40661662774114,3.030981488136861,3.004335526350133,2.7556440840502283,2.7151568959909294,1.6067443716350982,0.07886470409971899,2.022146689989212,1.9138580427456964,1.0,0.0,0.0,0.0,0.0,0.0,0.0,0.0,0.0,0.0,0.0,0.0,0.0,0.0,0.0,0.53,0.47,0.0,0.0,3,0
431,0.1751286705665531,0.2920516390442899,4.952122381181322,0.9061686216277015,1.6081301477695515,2.592780562064975,9.280295758062186,4.677021021747454,248.92,35.73914471061758,70.56,113.71773668326166,1.6666019180209997,2.6577713679757387,1.455390465195766,2.35734567374253,1.5736131578701538,0.038508669751773604,1.0687227550091303,1.7224125411106945,0.99,0.0,0.0,0.0,0.0,0.01,0.0,0.0,0.0,0.0,0.0,0.0,0.0,0.0,0.0,0.28,0.72,0.0,0.0,3,0
432,0.286056815278156,0.2361739317734751,6.128062049902574,1.3822117255773643,3.658182329200187,2.761375432995805,6.003510103858106,4.527326639421435,243.84,50.02438193400082,161.28,121.56937413375432,3.1806816123136206,2.5631571318667,3.1135487568342506,2.4580456999862483,1.6795298076629948,0.12144854633159852,2.449957249128918,1.8470264152903044,0.99,0.0,0.0,0.0,0.0,0.01,0.0,0.0,0.0,0.0,0.0,0.0,0.0,0.0,0.0,0.64,0.33,0.03,0.0,3,0
433,0.17407862523844614,0.32287323528422796,5.7499614865746125,1.3574311203585225,2.123598161120945,2.789442502539232,8.785004310997603,4.537312648593782,254.0,0.0,93.24,122.27961994766527,1.8055707561918652,2.5262831133030783,1.761236428280971,2.417642806831854,1.6813414767428057,0.1309451504874323,1.4175965984384118,1.8592604970819293,1.0,0.0,0.0,0.0,0.0,0.0,0.0,0.0,0.0,0.0,0.0,0.0,0.0,0.0,0.0,0.37,0.61,0.02,0.0,2,0
434,0.22601795284141216,0.3430770368184607,5.8739548138340965,1.59492807838445,2.276899100748697,3.125952155150461,8.55506895088344,4.585066490684075,246.38,43.547438431432376,88.2,120.80186633115778,1.7424374329933512,2.4801128032688036,1.5692929967956042,2.160530614278467,1.6877493831499857,0.16341000283162171,1.401621032772358,1.9206351750262027,0.73,0.0,0.0,0.27,0.0,0.0,0.0,0.0,0.0,0.0,0.0,0.0,0.0,0.0,0.0,0.35,0.65,0.0,0.0,3,0
435,0.27730694846527004,0.33661611488591314,6.580869218021649,2.0501826465110735,2.6970286414282496,3.081143732719572,7.9749437938896195,4.753550009299263,248.92,35.73914471061757,110.88,125.71968819560443,2.3834207350885377,2.850779636009303,2.182680750946576,2.500809391809991,1.7655251258554534,0.18250398412163843,1.6906421143941495,1.917765143589129,0.95,0.0,0.0,0.05,0.0,0.0,0.0,0.0,0.0,0.0,0.0,0.0,0.0,0.0,0.0,0.44,0.54,0.02,0.0,4,0
436,0.23545194696483251,0.342400240590578,5.62531390037162,1.1129335886934164,2.269492961671505,2.8602478109638607,7.879268264908436,5.048147476239061,243.84,50.02438193400082,98.28,123.53219676004971,2.384902228809059,3.020821981974776,1.9760507191678596,2.5346567911558155,1.6656687864334412,0.10725048525954559,1.5043096485370087,1.8915790334546412,0.94,0.0,0.0,0.05,0.0,0.01,0.0,0.0,0.0,0.0,0.0,0.0,0.0,0.0,0.0,0.39,0.61,0.0,0.0,3,0
437,0.42452692491910793,0.18183826418950175,7.000859272050427,1.751563360844206,5.219723454054559,1.7875805942637764,3.876989462721872,2.5138670002123162,248.92,35.73914471061757,226.8,75.98085883359643,4.004154050041757,1.6121921028511546,4.2497187408740915,1.4477680786462415,1.720231171936295,0.12954482372061127,3.4400666489865714,1.1526838260327419,0.99,0.0,0.0,0.0,0.0,0.01,0.0,0.0,0.0,0.0,0.0,0.0,0.0,0.0,0.0,0.9,0.1,0.0,0.0,3,0
438,0.4625097749096052,0.14964715646892932,7.882734685839071,2.290125861955581,5.781428142069875,1.2712983135652451,3.353837606592185,0.8501945758101773,243.84,50.024381934000836,241.92,49.63048916286696,3.946561068916335,1.318582379249022,4.395835198116625,0.9329356464400315,1.7863303241072697,0.19789966797238276,3.726480946219748,0.7890203466131319,0.99,0.0,0.0,0.0,0.0,0.01,0.0,0.0,0.0,0.0,0.0,0.0,0.0,0.0,0.0,0.96,0.04,0.0,0.0,2,0
439,0.5162324942850716,0.1615236846258366,7.6810622689829176,1.794159402686805,5.8901187519537395,0.9497082321071961,3.0959226989635455,0.6633618826722557,248.92,35.73914471061757,246.96,35.457734122344995,4.428915600556485,1.1028284032150448,4.708225735033303,0.8035814496274848,1.7901454362398486,0.19529885051546747,3.8657242798452067,0.6064488322555754,0.96,0.0,0.0,0.04,0.0,0.0,0.0,0.0,0.0,0.0,0.0,0.0,0.0,0.0,0.0,0.98,0.02,0.0,0.0,2,0
440,0.5845665407622538,0.17569742173498135,7.292986619681983,1.2105356062756767,6.04845335558788,0.9835884036460413,2.797976023971186,0.5735968646559488,248.92,35.73914471061758,246.96,35.457734122344995,4.7999746930876634,1.0186162667929626,4.908487238726447,0.8149537722493982,1.7500921223987442,0.16030612674421935,3.9561865968674663,0.6266322590619253,0.8,0.0,0.0,0.19,0.0,0.01,0.0,0.0,0.0,0.0,0.0,0.0,0.0,0.0,0.0,0.98,0.02,0.0,0.0,2,0
441,0.6269883319221894,0.2176338036541977,8.163900503194618,1.9345073078636166,5.896302700948783,1.4233760674642253,2.8817216444928038,1.24433911295176,243.84,50.02438193400083,239.4,55.19881421651275,4.777671885559379,1.5675490704020574,4.857653898830602,1.2255152468519197,1.8508608369666326,0.17129542972810516,3.7514429192655374,0.8985405882751458,0.74,0.0,0.0,0.08,0.0,0.18,0.0,0.0,0.0,0.0,0.0,0.0,0.0,0.0,0.0,0.95,0.05,0.0,0.0,3,0
442,0.5326508901919218,0.15043309650038525,7.127760559177171,1.5027160057816407,5.736176945700403,1.2350363170862257,2.844499834396375,0.7368899947790031,243.84,50.02438193400082,241.92,49.63048916286695,4.78781170944173,1.3958157482938045,4.751658590522558,1.0292839538332823,1.7317341709295957,0.1342361864343329,3.7557436681277934,0.8021222492822618,0.86,0.0,0.0,0.04,0.0,0.1,0.0,0.0,0.0,0.0,0.0,0.0,0.0,0.0,0.0,0.96,0.04,0.0,0.0,2,0
443,0.4413074978991334,0.11756495658316936,6.4492744492264675,0.7283414563253099,5.456918911478574,1.1267638879536337,3.080516127344242,1.018902486541601,248.92,35.73914471061757,241.92,49.630489162866965,4.49167206480429,1.08758538115018,4.602673248787284,0.9839494230329112,1.6475165030135626,0.09490970929069639,3.668682279546711,0.7527073230618203,0.99,0.0,0.0,0.0,0.0,0.01,0.0,0.0,0.0,0.0,0.0,0.0,0.0,0.0,0.0,0.96,0.04,0.0,0.0,4,0
444,0.23782340487562417,0.15606156451476755,6.3837646265810175,0.8055907066173539,4.359037679562584,2.3972055619735997,5.048097085184121,3.368179986557751,243.84,50.024381934000814,194.04,106.58405133977595,3.361065485957677,2.1912520053746345,3.2197351420194935,1.8021553298434132,1.6848502827434784,0.17068968198816734,2.944317461154411,1.6173013863545682,0.92,0.0,0.0,0.0,0.0,0.08,0.0,0.0,0.0,0.0,0.0,0.0,0.0,0.0,0.0,0.77,0.23,0.0,0.0,3,0
445,0.3222991304748461,0.2703111657927131,6.142152446519994,1.304201042878329,4.759995201596437,2.7080197745938905,3.006560866838701,1.9307947908249763,203.2,102.11184203033598,196.56,104.91596637309307,5.083830278997907,2.9072618570864934,3.288760546118057,1.7873569889636656,1.6501914203849548,0.09053629798369205,3.152919436338293,1.7317652072334964,0.96,0.0,0.0,0.01,0.0,0.03,0.0,0.0,0.0,0.0,0.0,0.0,0.0,0.0,0.0,0.78,0.22,0.0,0.0,3,0
446,0.25732332315309475,0.2688775789750377,6.571888786535828,0.9756903980323206,3.564268714148462,3.4609512721249374,6.264987890854386,4.663327950081715,165.86,103.33597455080026,131.04,126.53341635530691,3.223589369242652,3.1714214339732143,2.4324839649335557,2.3726499130467524,1.7919576274164013,0.15923000469852108,2.4611231815756236,2.3941449115819475,0.65,0.0,0.0,0.0,0.0,0.34,0.0,0.0,0.01,0.0,0.0,0.0,0.0,0.0,0.0,0.52,0.48,0.0,0.0,3,0
447,0.3869832727375955,0.2845500245143725,6.600746682242691,0.879054232664387,4.8612164904932476,3.162347310812523,4.826555163572709,4.000108324692162,131.24,97.67386673222393,178.92,114.92410143616131,3.9992952606061767,2.70068475289819,3.422725499427562,2.2413621030158657,1.7453607085465228,0.14976436309796468,3.342278546113771,2.182439180036328,0.45,0.0,0.0,0.0,0.0,0.55,0.0,0.0,0.0,0.0,0.0,0.0,0.0,0.0,0.0,0.71,0.28,0.01,0.0,3,0
448,0.45477637917404246,0.15699634576199392,6.6509193199534105,0.8305984473573923,6.563079763682804,1.4570580738760568,3.0383198059719576,0.7299925215801095,101.76,82.16134901964105,241.92,49.63048916286695,4.711130368075493,1.3633450683345414,4.389713234894359,0.9828235229995096,1.6844255761943565,0.0723629684442342,4.497510775361022,1.033082007872703,0.25,0.0,0.0,0.0,0.0,0.75,0.0,0.0,0.0,0.0,0.0,0.0,0.0,0.0,0.0,0.96,0.04,0.0,0.0,2,0
449,0.28940753929529683,0.23214671533394016,6.761920604944212,0.5563317834579278,4.582173388269245,3.330422646522569,5.947291735454285,4.115130958891397,139.48,96.33679138178401,166.32,119.97599759951986,2.8734086259974987,2.099324308727067,2.935420601621282,2.1399325875160033,1.7826720842592625,0.14637748995565536,3.172260226647956,2.3110139280757966,0.43,0.0,0.0,0.0,0.0,0.57,0.0,0.0,0.0,0.0,0.0,0.0,0.0,0.0,0.0,0.66,0.34,0.0,0.0,3,0
450,0.324319715114581,0.22789329551351528,6.695306955166116,0.5576366724933408,4.899769053876662,3.1801491490256444,5.457095239115898,3.982796889228712,129.88,93.96015489062746,178.92,114.92410143616131,3.383844972740949,2.278802218734659,3.1982219351724246,2.124012802339391,1.7625758835893561,0.13700550879737186,3.4128514190757056,2.2195605002468892,0.4,0.0,0.0,0.0,0.0,0.6,0.0,0.0,0.0,0.0,0.0,0.0,0.0,0.01,0.0,0.7,0.29,0.0,0.0,3,0
451,0.4516400855818516,0.22516382680931948,6.969838289862264,0.9544914415131996,5.431098247615897,1.6781459308435456,3.2406033067591893,1.9803842383114085,220.8,77.21202606911031,231.84,68.71030093476125,4.6141669344100515,1.708000764331611,4.453064327460822,1.4552472854017218,1.7546367479541296,0.13146936645981053,3.6527418019961004,1.1473722083167088,0.85,0.0,0.0,0.0,0.0,0.15,0.0,0.0,0.0,0.0,0.0,0.0,0.0,0.0,0.0,0.92,0.08,0.0,0.0,3,0
452,0.5286869434580175,0.326636440330068,6.231170653914713,1.157181266643694,3.853103620941787,2.876018422765899,3.5909095406075817,3.4859616884349687,227.8,68.60014429999254,163.8,120.80186633115777,4.675797550643074,2.3065129734871737,3.211327381822553,2.39097692130177,1.6729159093213672,0.12634801927063047,2.602149994402724,1.9469609288415122,0.87,0.0,0.0,0.0,0.0,0.13,0.0,0.0,0.0,0.0,0.0,0.0,0.0,0.0,0.0,0.65,0.05,0.3,0.0,3,0
453,0.7132197350814604,0.452375783144448,5.698788669933745,1.1026230526831096,1.82554626961709,2.896244328041773,3.3709078640580437,4.441853520660109,225.88,70.51946933688282,73.08,114.9241014361613,5.50902117324098,3.0390198107336723,1.584841160567375,2.625210509655872,1.6327107064551791,0.10666480246172587,1.2422473018830877,1.976531601517708,0.88,0.0,0.0,0.0,0.0,0.12,0.0,0.0,0.0,0.0,0.0,0.0,0.0,0.0,0.0,0.29,0.02,0.69,0.0,2,0
454,0.5035547005392784,0.41669106763244707,5.9982528790849585,1.2431092117285953,2.6622808409890695,3.0461470988082264,4.830143383733199,4.490152008805594,232.88,60.37747924516227,110.88,125.71968819560442,4.400215279697697,3.1314428322418673,2.5134437427768104,3.1485833393050773,1.6621560812270066,0.1237093479525102,1.8058551497473,2.073837517017362,0.88,0.0,0.0,0.0,0.0,0.12,0.0,0.0,0.0,0.0,0.0,0.0,0.0,0.0,0.0,0.44,0.03,0.53,0.0,2,0
455,0.6955644321430047,0.48559321167980757,6.081590280560169,1.1552919594788522,2.205108130686051,2.9134060525204815,3.599711877871546,4.298754447072787,240.56,49.23502079543861,93.24,122.27961994766525,5.087676053625392,2.85482068502736,1.812370355943987,2.4888855921855932,1.663836004439769,0.12737330598452903,1.4913736473097254,1.973785560331625,0.93,0.0,0.0,0.0,0.0,0.07,0.0,0.0,0.0,0.0,0.0,0.0,0.0,0.0,0.0,0.37,0.12,0.51,0.0,2,0
456,0.8806863827606515,0.4699238748410773,5.84978814085157,1.074960791417274,1.9598102633322565,2.889421671333948,2.3616097977065764,3.576206930769303,235.48,59.69458970797974,80.64,118.14419541006197,5.983193797409257,2.7770103038058904,1.610310321471844,2.368424412177354,1.6393632923343475,0.1128204070889086,1.2969188026308254,1.9180327306672058,0.92,0.0,0.0,0.0,0.0,0.08,0.0,0.0,0.0,0.0,0.0,0.0,0.0,0.0,0.0,0.32,0.07,0.61,0.0,3,0
457,0.7537662451938388,0.5081794657355534,6.040935842953442,1.2272997721175656,2.0035647800980927,2.896404290463817,3.5879580014297003,4.371740464366482,240.56,49.23502079543861,83.16,119.09055378156573,5.116731866614811,2.9336370090865813,1.737298110111228,2.601822145891715,1.6437502077311528,0.11676671305647625,1.3356550690711924,1.9288798480929301,0.92,0.0,0.0,0.0,0.0,0.08,0.0,0.0,0.0,0.0,0.0,0.0,0.0,0.0,0.0,0.33,0.16,0.51,0.0,2,0
458,0.8420933946676543,0.4568189371300354,6.02173376517547,0.9402422768039588,1.878085467073759,2.838718948318751,2.572406082627085,3.538184092958806,240.56,49.23502079543861,78.12,117.13544607535643,5.698335416755819,2.4902396791718924,1.4435752334407963,2.168518259579973,1.633335351323009,0.10979765923530076,1.2632012600272782,1.9113539893349119,0.93,0.0,0.0,0.0,0.0,0.07,0.0,0.0,0.0,0.0,0.0,0.0,0.0,0.0,0.0,0.31,0.02,0.67,0.0,2,0
459,0.9783796479206436,0.4418085369545178,6.442160916216459,0.9964685639991343,2.4879348993389794,3.0893185724078474,1.6207436763366478,1.920340007581064,225.88,70.51946933688282,100.8,124.07622290716739,6.443121828394626,1.9150136554600157,2.169661073029163,2.8675856017059496,1.6633656440035745,0.12984801053847544,1.6670209244018137,2.0799581264839158,0.88,0.0,0.0,0.0,0.0,0.12,0.0,0.0,0.0,0.0,0.0,0.0,0.0,0.0,0.0,0.4,0.03,0.57,0.0,3,0
460,0.6730131579358212,0.44585926433642137,6.1205800384420055,1.1385622436211298,2.5940316927924307,3.0979535911476885,3.562081315341834,4.054069031868349,227.12,66.95713689979719,105.84,125.00333086471225,4.911486596785511,2.6570893492079177,1.9947791573019615,2.367380225456511,1.6623959285724006,0.12569612491218501,1.7534033173790617,2.096562738743398,0.87,0.0,0.0,0.0,0.0,0.13,0.0,0.0,0.0,0.0,0.0,0.0,0.0,0.0,0.0,0.42,0.01,0.57,0.0,2,0
461,0.4434100430179654,0.23317562944456868,6.967516398786686,0.7924721925244127,6.255323053487695,1.7166953609511126,3.4434909996906815,1.9685562766319842,129.88,93.96015489062748,236.88,60.148180657137395,4.512874858295777,1.562469979109015,4.436250763740866,1.4343573048125042,1.7452324069883736,0.09902253801595996,4.296360131522031,1.2133880150357952,0.38,0.0,0.0,0.0,0.0,0.62,0.0,0.0,0.0,0.0,0.0,0.0,0.0,0.0,0.0,0.94,0.04,0.02,0.0,3,0
462,0.5114416661777377,0.30882748246335434,6.707774344496849,0.48594417422370884,6.854176952826391,1.277599915205184,3.0616084552346274,1.2013719247885006,78.04,56.29430600770284,244.44,43.20454521543685,4.714990983621016,1.3512212209597627,4.591882499329778,1.2226131311199395,1.6865962029018624,0.0284169998886687,4.723108654853043,0.8899420767084182,0.11,0.0,0.0,0.0,0.0,0.89,0.0,0.0,0.0,0.0,0.0,0.0,0.0,0.0,0.0,0.97,0.03,0.0,0.0,3,0
463,0.376980803241219,0.1925201493401831,6.238048299875602,1.0065764715351369,5.185930479304983,2.4688533018474677,3.201164303451688,2.1596959122577646,203.08,97.38247825305675,206.64,97.302975755673,4.993068684902845,2.581555095776312,3.6445852678012995,1.7299957661917684,1.6374516502311791,0.06095749620395679,3.3773413418262352,1.6193965197463651,0.92,0.0,0.0,0.0,0.0,0.08,0.0,0.0,0.0,0.0,0.0,0.0,0.0,0.0,0.0,0.82,0.18,0.0,0.0,3,0
464,0.252792191807165,0.20658048376708738,6.192754037897419,0.935987159092893,3.0955035290460104,2.4076286939515734,5.34138400074454,4.445756402238469,142.76,100.14445324206186,161.28,121.56937413375432,3.740678299200756,2.9548439006958946,0.8498527259083488,2.1086277135588873,1.747954477843051,0.07694512446064898,2.473434623349986,1.8726655678958681,1.0,0.0,0.0,0.0,0.0,0.0,0.0,0.0,0.0,0.0,0.0,0.0,0.0,0.5,0.0,0.14,0.36,0.0,0.0,3,0
465,0.38109150420524257,0.22842659794069456,6.795952641318361,0.7776831135814829,4.5165649485869945,1.181881623275968,2.997981491878672,1.770321825624074,104.92,82.34856686455731,239.4,55.19881421651276,4.591539395418157,1.4023046852104344,1.1037622010265977,2.1578072899826193,1.7751931024835284,0.09889961533611488,3.6029866214527857,0.8309149258323132,1.0,0.0,0.0,0.0,0.0,0.0,0.0,0.0,0.0,0.0,0.0,0.0,0.0,0.75,0.0,0.2,0.05,0.0,0.0,3,0
466,0.2777426513788051,0.18905045286385863,6.5180868710244075,0.742649258853477,3.459345574772398,2.037202045781872,4.537122071967164,3.857769170448632,117.12,90.8697902929174,189.0,109.66892325208966,3.9076912431487267,2.412175944945644,0.4171959047760695,1.3225552627636625,1.785947718421001,0.08747929561872159,2.8414835168685073,1.648832363614584,1.0,0.0,0.0,0.0,0.0,0.0,0.0,0.0,0.0,0.0,0.0,0.0,0.0,0.66,0.0,0.09,0.25,0.0,0.0,3,0
467,0.524909993019552,0.23221002514187844,7.908537643595663,2.094893436709103,4.739573307273508,1.6456163815132847,3.1611303000799666,2.42207161770969,137.56,95.9438303689121,231.84,68.71030093476126,4.490570394768212,1.9537129781618814,1.633332826610392,2.2897905121677513,1.8650802601022958,0.1498374304639044,3.490194179530439,1.0344662528867692,0.84,0.0,0.0,0.0,0.0,0.16,0.0,0.0,0.0,0.0,0.0,0.0,0.0,0.58,0.0,0.34,0.08,0.0,0.0,3,0
468,0.35653732777366653,0.13814360338986845,7.121783545670416,1.312028381836028,4.472085581958692,1.1860561929350288,2.9539467357698173,1.5100475774074291,90.86,72.33941044154496,239.4,55.19881421651276,4.464282882244754,1.427626065035278,0.5982417789566283,1.4850678727622246,1.8178538630385859,0.10854174999852771,3.5990055083103876,0.8298965130740906,0.94,0.0,0.0,0.0,0.0,0.06,0.0,0.0,0.0,0.0,0.0,0.0,0.0,0.81,0.0,0.14,0.05,0.0,0.0,3,0
469,0.45810063376580745,0.17847507995344233,6.747124144471129,0.6029793666518682,4.504374456781839,1.1265833597117607,2.296542386063095,0.745083325500586,78.72,59.971387116918294,241.92,49.63048916286695,5.244563185142808,1.3271329721679463,0.5227590967673104,1.4828519229363777,1.7839417580528951,0.06144164356219812,3.691266727114534,0.7829558481168584,0.99,0.0,0.0,0.0,0.0,0.01,0.0,0.0,0.0,0.0,0.0,0.0,0.0,0.85,0.0,0.11,0.04,0.0,0.0,2,0
470,0.39214741262133557,0.15845269021662686,6.808637609212622,0.43601676514867055,4.413228118208646,0.6677035243460674,2.5279220873759707,0.6536964354527078,66.52,34.265298876132796,246.96,35.457734122344995,4.677843102318488,0.8916110165836912,0.15513367192592756,0.8537150713867697,1.7978596688987212,0.04578892747616847,3.7096196050498333,0.5326564871595921,1.0,0.0,0.0,0.0,0.0,0.0,0.0,0.0,0.0,0.0,0.0,0.0,0.0,0.95,0.0,0.03,0.02,0.0,0.0,2,0
471,0.2105218461652294,0.22611485306071094,6.020451331503804,1.8585374600005826,2.6092693054057667,2.541435278909145,6.285430493924316,4.749075506745552,158.8,102.86403696632804,133.56,126.40661662774113,3.1890863551446302,3.1437651439663834,0.6448918023917178,1.6035524297221175,1.711036011866866,0.13922898191997993,2.008966736897823,1.9013951742249402,1.0,0.0,0.0,0.0,0.0,0.0,0.0,0.0,0.0,0.0,0.0,0.0,0.0,0.39,0.0,0.14,0.47,0.0,0.0,3,0
472,0.4245303674924081,0.11399153632986953,6.933595271767261,1.7171053156164136,5.602065170012066,1.029953231686718,3.348348169932629,1.0944048454426,248.92,35.73914471061758,244.44,43.20454521543684,4.403885983130658,1.5303790118564182,4.67634933813642,1.3316665011547146,1.681051275197034,0.17136297973438636,3.708407553383424,0.6559787709527927,0.99,0.0,0.0,0.01,0.0,0.0,0.0,0.0,0.0,0.0,0.0,0.0,0.0,0.0,0.0,0.97,0.03,0.0,0.0,3,0
473,0.41632814333178614,0.23352437936962706,6.244943803757188,0.5709969808280535,5.15467731607859,1.7346816210872402,3.521754869604501,2.4018416777883713,243.84,50.02438193400082,226.8,75.98085883359643,4.504362338722409,1.9291547055835303,4.377395463861054,1.7203821254394642,1.6312005122621562,0.07735213386293607,3.4372054832198633,1.1515539866408255,1.0,0.0,0.0,0.0,0.0,0.0,0.0,0.0,0.0,0.0,0.0,0.0,0.0,0.0,0.0,0.9,0.09,0.01,0.0,3,0
474,0.43114119836757275,0.20602558495491424,6.456109700229201,1.2026670052992379,5.117958932388103,1.8175291800117106,3.314521586824087,2.1335306971354306,238.76,60.62554717028927,224.28,79.24544150927548,4.701819829322787,2.0699140240724514,4.387902954101147,1.7429098159704002,1.6611763615721915,0.1307404549680232,3.397820123919033,1.200605918848812,1.0,0.0,0.0,0.0,0.0,0.0,0.0,0.0,0.0,0.0,0.0,0.0,0.0,0.0,0.0,0.89,0.1,0.01,0.0,3,0
475,0.24773464846789975,0.24447597500404245,6.060097681299712,1.6118814623024675,3.1950623767404163,3.035893206727055,6.90237122131709,4.618577704294199,243.84,50.02438193400082,133.56,126.40661662774114,2.741454565607964,2.7341718972324562,2.4498181974497295,2.3308774774271614,1.6889492452783708,0.149054246196513,2.096180160362576,1.9881912361245666,1.0,0.0,0.0,0.0,0.0,0.0,0.0,0.0,0.0,0.0,0.0,0.0,0.0,0.0,0.0,0.53,0.47,0.0,0.0,3,0
476,0.450980429100806,0.19883575961544508,7.067217697647034,1.489276689066166,6.027672395385206,1.2937762213857573,3.1783836432170163,0.8070911061794338,243.84,50.02438193400082,241.92,49.63048916286695,4.545635220486563,1.46389962186149,4.26992963536141,1.020411268909801,1.7212654974787345,0.16107689941398565,3.8947415465674085,0.8162296852503552,0.91,0.0,0.0,0.09,0.0,0.0,0.0,0.0,0.0,0.0,0.0,0.0,0.0,0.0,0.0,0.96,0.04,0.0,0.0,2,0
477,0.31336557265403625,0.2692354338555529,6.741381541264268,0.9315393477776571,4.007017868022363,3.158840036762659,6.074217770752617,4.249909245690433,243.84,50.02438193400083,156.24,122.93359626606996,3.140815869489337,2.629200134267275,2.721188238069705,2.1732154132921555,1.7636463361650103,0.18258734358119444,2.500438046863392,1.9682264670413123,0.44,0.0,0.0,0.56,0.0,0.0,0.0,0.0,0.0,0.0,0.0,0.0,0.0,0.0,0.0,0.62,0.38,0.0,0.0,3,0
478,0.40999983031740167,0.13671853430756475,6.16624887103766,0.5902796792265966,5.369208481683388,1.3743521896276125,2.9523861038740806,0.8032056231356182,238.76,60.62554717028927,236.88,60.1481806571374,4.836308410903526,1.74892161600142,4.496456268313792,1.3908037511451836,1.6112815634886437,0.012431330927614543,3.5963059057636997,0.9138463334574902,0.97,0.0,0.0,0.02,0.0,0.01,0.0,0.0,0.0,0.0,0.0,0.0,0.0,0.0,0.0,0.94,0.06,0.0,0.0,2,0
